DAY_TYPE,ORIGIN_PT_CODE,DESTINATION_PT_CODE,TOTAL_TRIPS
WEEKDAY,BP10,BP11,3412.0
WEEKDAY,BP10,BP9,807.0
WEEKDAY,BP11,BP10,566.0
WEEKDAY,BP11,BP12,5915.0
WEEKDAY,BP12,BP11,2461.0
WEEKDAY,BP12,BP13,7926.0
WEEKDAY,BP13,BP12,3853.0
WEEKDAY,BP13,DT1,8872.0
WEEKDAY,BP2,BP3,16714.0
WEEKDAY,BP2,NS4,17078.0
WEEKDAY,BP3,BP2,17064.0
WEEKDAY,BP3,BP4,16696.0
WEEKDAY,BP4,BP3,16487.0
WEEKDAY,BP4,BP5,16159.0
WEEKDAY,BP5,BP4,15833.0
WEEKDAY,BP5,DT1,16775.0
WEEKDAY,BP7,BP8,5674.0
WEEKDAY,BP7,DT1,3489.0
WEEKDAY,BP8,BP7,2920.0
WEEKDAY,BP8,BP9,5257.0
WEEKDAY,BP9,BP10,3914.0
WEEKDAY,BP9,BP8,2266.0
WEEKDAY,CC10,CC11,36096.0
WEEKDAY,CC10,DT25,39119.0
WEEKDAY,CC10,DT27,58096.0
WEEKDAY,CC10,EW8,53927.0
WEEKDAY,CC11,CC10,38474.0
WEEKDAY,CC11,CC12,38575.0
WEEKDAY,CC12,CC11,41564.0
WEEKDAY,CC12,NE12,40154.0
WEEKDAY,CC14,NE12,49593.0
WEEKDAY,CC14,NS17,48637.0
WEEKDAY,CC16,CC17,36345.0
WEEKDAY,CC16,NS17,33563.0
WEEKDAY,CC17,CC16,33481.0
WEEKDAY,CC17,CC19,37593.0
WEEKDAY,CC19,CC17,34628.0
WEEKDAY,CC19,CC20,68959.0
WEEKDAY,CC19,DT10,68137.0
WEEKDAY,CC19,DT8,37359.0
WEEKDAY,CC2,CC3,3429.0
WEEKDAY,CC2,NS24,5052.0
WEEKDAY,CC20,CC19,68492.0
WEEKDAY,CC20,CC21,68394.0
WEEKDAY,CC21,CC20,68082.0
WEEKDAY,CC21,EW21,67624.0
WEEKDAY,CC23,CC24,21478.0
WEEKDAY,CC23,EW21,26520.0
WEEKDAY,CC24,CC23,20796.0
WEEKDAY,CC24,CC25,12335.0
WEEKDAY,CC25,CC24,11658.0
WEEKDAY,CC25,CC26,10731.0
WEEKDAY,CC26,CC25,9803.0
WEEKDAY,CC26,CC27,9946.0
WEEKDAY,CC27,CC26,9269.0
WEEKDAY,CC27,CC28,9951.0
WEEKDAY,CC28,CC27,9451.0
WEEKDAY,CC28,NE1,10401.0
WEEKDAY,CC3,CC2,3572.0
WEEKDAY,CC3,CC4,2937.0
WEEKDAY,CC4,CC3,2855.0
WEEKDAY,CC4,CC5,13429.0
WEEKDAY,CC4,CE1,19676.0
WEEKDAY,CC4,EW12,19343.0
WEEKDAY,CC5,CC4,13269.0
WEEKDAY,CC5,CC6,12435.0
WEEKDAY,CC6,CC5,12405.0
WEEKDAY,CC6,CC7,12814.0
WEEKDAY,CC7,CC6,13030.0
WEEKDAY,CC7,CC8,13840.0
WEEKDAY,CC8,CC7,14260.0
WEEKDAY,CC8,EW8,15839.0
WEEKDAY,CE1,CC4,19120.0
WEEKDAY,CE1,DT17,12145.0
WEEKDAY,CE1,NS27,909.0
WEEKDAY,CG1,CG2,4162.0
WEEKDAY,CG1,DT34,4614.0
WEEKDAY,CG1,EW4,7791.0
WEEKDAY,CG2,CG1,4177.0
WEEKDAY,DT1,BP13,4330.0
WEEKDAY,DT1,BP5,16024.0
WEEKDAY,DT1,BP7,6217.0
WEEKDAY,DT1,DT2,24262.0
WEEKDAY,DT10,CC19,64397.0
WEEKDAY,DT10,NS21,69828.0
WEEKDAY,DT13,EW12,66197.0
WEEKDAY,DT13,NE7,66580.0
WEEKDAY,DT17,CE1,11993.0
WEEKDAY,DT17,DT18,7844.0
WEEKDAY,DT18,DT17,7672.0
WEEKDAY,DT18,NE4,13482.0
WEEKDAY,DT2,DT1,23638.0
WEEKDAY,DT2,DT3,25413.0
WEEKDAY,DT20,DT21,32209.0
WEEKDAY,DT20,NE4,32509.0
WEEKDAY,DT21,DT20,32622.0
WEEKDAY,DT21,DT22,34305.0
WEEKDAY,DT22,DT21,34580.0
WEEKDAY,DT22,DT23,35818.0
WEEKDAY,DT23,DT22,36492.0
WEEKDAY,DT23,DT24,36837.0
WEEKDAY,DT24,DT23,37577.0
WEEKDAY,DT24,DT25,37581.0
WEEKDAY,DT25,CC10,38155.0
WEEKDAY,DT25,DT24,38312.0
WEEKDAY,DT27,CC10,57984.0
WEEKDAY,DT27,DT28,56129.0
WEEKDAY,DT28,DT27,55980.0
WEEKDAY,DT28,DT29,53366.0
WEEKDAY,DT29,DT28,52922.0
WEEKDAY,DT29,DT30,51697.0
WEEKDAY,DT3,DT2,24310.0
WEEKDAY,DT3,DT5,29651.0
WEEKDAY,DT30,DT29,50757.0
WEEKDAY,DT30,DT31,48983.0
WEEKDAY,DT31,DT30,47872.0
WEEKDAY,DT31,EW2,46299.0
WEEKDAY,DT33,DT34,5726.0
WEEKDAY,DT33,EW2,15379.0
WEEKDAY,DT34,CG1,5564.0
WEEKDAY,DT34,DT33,4955.0
WEEKDAY,DT5,DT3,27910.0
WEEKDAY,DT5,DT6,34050.0
WEEKDAY,DT6,DT5,32575.0
WEEKDAY,DT6,DT7,36419.0
WEEKDAY,DT7,DT6,34790.0
WEEKDAY,DT7,DT8,37513.0
WEEKDAY,DT8,CC19,38965.0
WEEKDAY,DT8,DT7,36144.0
WEEKDAY,EW1,EW2,22842.0
WEEKDAY,EW10,EW11,51992.0
WEEKDAY,EW10,EW9,51854.0
WEEKDAY,EW11,EW10,52576.0
WEEKDAY,EW11,EW12,56085.0
WEEKDAY,EW12,CC4,20489.0
WEEKDAY,EW12,DT13,63407.0
WEEKDAY,EW12,EW11,56875.0
WEEKDAY,EW12,NS25,18662.0
WEEKDAY,EW15,EW16,21027.0
WEEKDAY,EW15,NS26,26169.0
WEEKDAY,EW16,EW15,22858.0
WEEKDAY,EW16,EW17,45703.0
WEEKDAY,EW16,NE1,22942.0
WEEKDAY,EW16,NE4,58038.0
WEEKDAY,EW17,EW16,46371.0
WEEKDAY,EW17,EW18,42954.0
WEEKDAY,EW18,EW17,44673.0
WEEKDAY,EW18,EW19,43001.0
WEEKDAY,EW19,EW18,45411.0
WEEKDAY,EW19,EW20,45139.0
WEEKDAY,EW2,DT31,45555.0
WEEKDAY,EW2,DT33,15475.0
WEEKDAY,EW2,EW1,22197.0
WEEKDAY,EW2,EW3,12250.0
WEEKDAY,EW20,EW19,47003.0
WEEKDAY,EW20,EW21,49292.0
WEEKDAY,EW21,CC21,67787.0
WEEKDAY,EW21,CC23,27077.0
WEEKDAY,EW21,EW20,50686.0
WEEKDAY,EW21,EW22,100853.0
WEEKDAY,EW22,EW21,101792.0
WEEKDAY,EW22,EW23,101168.0
WEEKDAY,EW23,EW22,102271.0
WEEKDAY,EW23,NS1,99912.0
WEEKDAY,EW25,EW26,80496.0
WEEKDAY,EW25,NS1,86801.0
WEEKDAY,EW26,EW25,84082.0
WEEKDAY,EW26,EW27,68090.0
WEEKDAY,EW27,EW26,68846.0
WEEKDAY,EW27,EW28,36855.0
WEEKDAY,EW28,EW27,43237.0
WEEKDAY,EW28,EW29,23723.0
WEEKDAY,EW29,EW28,24286.0
WEEKDAY,EW29,EW30,10521.0
WEEKDAY,EW3,EW2,12468.0
WEEKDAY,EW3,EW4,17501.0
WEEKDAY,EW30,EW29,11572.0
WEEKDAY,EW30,EW31,7716.0
WEEKDAY,EW31,EW30,8446.0
WEEKDAY,EW31,EW32,4803.0
WEEKDAY,EW32,EW31,5115.0
WEEKDAY,EW32,EW33,1870.0
WEEKDAY,EW33,EW32,1988.0
WEEKDAY,EW4,CG1,7031.0
WEEKDAY,EW4,EW3,17721.0
WEEKDAY,EW4,EW5,29057.0
WEEKDAY,EW5,EW4,27282.0
WEEKDAY,EW5,EW6,41286.0
WEEKDAY,EW6,EW5,39204.0
WEEKDAY,EW6,EW7,43581.0
WEEKDAY,EW7,EW6,43052.0
WEEKDAY,EW7,EW8,47249.0
WEEKDAY,EW8,CC10,52252.0
WEEKDAY,EW8,CC8,15577.0
WEEKDAY,EW8,EW7,48547.0
WEEKDAY,EW8,EW9,49760.0
WEEKDAY,EW9,EW10,51495.0
WEEKDAY,EW9,EW8,50430.0
WEEKDAY,NE1,CC28,9903.0
WEEKDAY,NE1,EW16,22693.0
WEEKDAY,NE10,NE11,70283.0
WEEKDAY,NE10,NE9,72342.0
WEEKDAY,NE11,NE10,72908.0
WEEKDAY,NE11,NE12,70648.0
WEEKDAY,NE12,CC12,42676.0
WEEKDAY,NE12,CC14,48847.0
WEEKDAY,NE12,NE11,72896.0
WEEKDAY,NE12,NE13,89120.0
WEEKDAY,NE13,NE12,90837.0
WEEKDAY,NE13,NE14,83526.0
WEEKDAY,NE14,NE13,85671.0
WEEKDAY,NE14,NE15,71565.0
WEEKDAY,NE15,NE14,73405.0
WEEKDAY,NE15,NE16,63602.0
WEEKDAY,NE16,NE15,65042.0
WEEKDAY,NE16,NE17,35155.0
WEEKDAY,NE16,SE1,7578.0
WEEKDAY,NE16,SE5,3663.0
WEEKDAY,NE16,SW1,4829.0
WEEKDAY,NE16,SW8,8343.0
WEEKDAY,NE17,NE16,36480.0
WEEKDAY,NE17,PE1,7883.0
WEEKDAY,NE17,PE7,8869.0
WEEKDAY,NE17,PW1,1313.0
WEEKDAY,NE17,PW7,3123.0
WEEKDAY,NE4,DT18,13921.0
WEEKDAY,NE4,DT20,32329.0
WEEKDAY,NE4,EW16,58856.0
WEEKDAY,NE4,NE5,49610.0
WEEKDAY,NE5,NE4,50284.0
WEEKDAY,NE5,NS24,53233.0
WEEKDAY,NE7,DT13,69885.0
WEEKDAY,NE7,NE8,71593.0
WEEKDAY,NE7,NS21,100959.0
WEEKDAY,NE7,NS24,111335.0
WEEKDAY,NE8,NE7,73578.0
WEEKDAY,NE8,NE9,70178.0
WEEKDAY,NE9,NE10,70118.0
WEEKDAY,NE9,NE8,74143.0
WEEKDAY,NS1,EW23,102822.0
WEEKDAY,NS1,EW25,82793.0
WEEKDAY,NS1,NS2,79905.0
WEEKDAY,NS10,NS11,69028.0
WEEKDAY,NS10,NS9,63620.0
WEEKDAY,NS11,NS10,67570.0
WEEKDAY,NS11,NS12,76895.0
WEEKDAY,NS12,NS11,75599.0
WEEKDAY,NS12,NS13,79871.0
WEEKDAY,NS13,NS12,77787.0
WEEKDAY,NS13,NS14,86740.0
WEEKDAY,NS14,NS13,87221.0
WEEKDAY,NS14,NS15,93295.0
WEEKDAY,NS15,NS14,91213.0
WEEKDAY,NS15,NS16,95422.0
WEEKDAY,NS16,NS15,92070.0
WEEKDAY,NS16,NS17,104906.0
WEEKDAY,NS17,CC14,49264.0
WEEKDAY,NS17,CC16,36533.0
WEEKDAY,NS17,NS16,104521.0
WEEKDAY,NS17,NS18,81710.0
WEEKDAY,NS18,NS17,79025.0
WEEKDAY,NS18,NS19,83692.0
WEEKDAY,NS19,NS18,79849.0
WEEKDAY,NS19,NS20,85394.0
WEEKDAY,NS2,NS1,79765.0
WEEKDAY,NS2,NS3,73643.0
WEEKDAY,NS20,NS19,83244.0
WEEKDAY,NS20,NS21,79453.0
WEEKDAY,NS21,DT10,65304.0
WEEKDAY,NS21,NE7,106102.0
WEEKDAY,NS21,NS20,77107.0
WEEKDAY,NS21,NS22,27388.0
WEEKDAY,NS22,NS21,26737.0
WEEKDAY,NS22,NS23,21543.0
WEEKDAY,NS23,NS22,23598.0
WEEKDAY,NS23,NS24,20243.0
WEEKDAY,NS24,CC2,5293.0
WEEKDAY,NS24,NE5,53924.0
WEEKDAY,NS24,NE7,108289.0
WEEKDAY,NS24,NS23,23815.0
WEEKDAY,NS24,NS25,34597.0
WEEKDAY,NS25,EW12,19255.0
WEEKDAY,NS25,NS24,34520.0
WEEKDAY,NS25,NS26,38233.0
WEEKDAY,NS26,EW15,25602.0
WEEKDAY,NS26,NS25,39529.0
WEEKDAY,NS26,NS27,2670.0
WEEKDAY,NS27,CE1,1004.0
WEEKDAY,NS27,NS26,2753.0
WEEKDAY,NS27,NS28,789.0
WEEKDAY,NS28,NS27,871.0
WEEKDAY,NS3,NS2,74656.0
WEEKDAY,NS3,NS4,67769.0
WEEKDAY,NS4,BP2,16059.0
WEEKDAY,NS4,NS3,68263.0
WEEKDAY,NS4,NS5,62373.0
WEEKDAY,NS5,NS4,64235.0
WEEKDAY,NS5,NS7,52561.0
WEEKDAY,NS7,NS5,53178.0
WEEKDAY,NS7,NS8,53160.0
WEEKDAY,NS8,NS7,54126.0
WEEKDAY,NS8,NS9,59238.0
WEEKDAY,NS9,NS10,59622.0
WEEKDAY,NS9,NS8,56214.0
WEEKDAY,NS9,TE1,1853.0
WEEKDAY,NS9,TE3,2256.0
WEEKDAY,PE1,NE17,7998.0
WEEKDAY,PE1,PE2,6664.0
WEEKDAY,PE2,PE1,6753.0
WEEKDAY,PE2,PE3,4548.0
WEEKDAY,PE3,PE2,4445.0
WEEKDAY,PE3,PE4,1992.0
WEEKDAY,PE4,PE3,2005.0
WEEKDAY,PE4,PE5,2867.0
WEEKDAY,PE5,PE4,2841.0
WEEKDAY,PE5,PE6,5401.0
WEEKDAY,PE6,PE5,5159.0
WEEKDAY,PE6,PE7,7591.0
WEEKDAY,PE7,NE17,9381.0
WEEKDAY,PE7,PE6,7172.0
WEEKDAY,PW1,NE17,1315.0
WEEKDAY,PW1,PW3,919.0
WEEKDAY,PW3,PW1,939.0
WEEKDAY,PW3,PW4,680.0
WEEKDAY,PW4,PW3,755.0
WEEKDAY,PW4,PW5,247.0
WEEKDAY,PW5,PW4,293.0
WEEKDAY,PW5,PW6,1881.0
WEEKDAY,PW6,PW5,1831.0
WEEKDAY,PW6,PW7,2612.0
WEEKDAY,PW7,NE17,3008.0
WEEKDAY,PW7,PW6,2495.0
WEEKDAY,SE1,NE16,8156.0
WEEKDAY,SE1,SE2,5285.0
WEEKDAY,SE2,SE1,5881.0
WEEKDAY,SE2,SE3,2681.0
WEEKDAY,SE3,SE2,2984.0
WEEKDAY,SE3,SE4,937.0
WEEKDAY,SE4,SE3,1114.0
WEEKDAY,SE4,SE5,2221.0
WEEKDAY,SE5,NE16,3580.0
WEEKDAY,SE5,SE4,2314.0
WEEKDAY,SW1,NE16,5070.0
WEEKDAY,SW1,SW2,4056.0
WEEKDAY,SW2,SW1,4348.0
WEEKDAY,SW2,SW3,2826.0
WEEKDAY,SW3,SW2,2927.0
WEEKDAY,SW3,SW4,1970.0
WEEKDAY,SW4,SW3,1977.0
WEEKDAY,SW4,SW5,1443.0
WEEKDAY,SW5,SW4,1506.0
WEEKDAY,SW5,SW6,5398.0
WEEKDAY,SW6,SW5,5004.0
WEEKDAY,SW6,SW7,7381.0
WEEKDAY,SW7,SW6,6803.0
WEEKDAY,SW7,SW8,8529.0
WEEKDAY,SW8,NE16,9092.0
WEEKDAY,SW8,SW7,7778.0
WEEKDAY,TE1,NS9,2397.0
WEEKDAY,TE3,NS9,2938.0
WEEKENDS/HOLIDAY,BP10,BP11,2518.0
WEEKENDS/HOLIDAY,BP10,BP9,159.0
WEEKENDS/HOLIDAY,BP11,BP10,115.0
WEEKENDS/HOLIDAY,BP11,BP12,4182.0
WEEKENDS/HOLIDAY,BP12,BP11,1451.0
WEEKENDS/HOLIDAY,BP12,BP13,5110.0
WEEKENDS/HOLIDAY,BP13,BP12,2060.0
WEEKENDS/HOLIDAY,BP13,DT1,5806.0
WEEKENDS/HOLIDAY,BP2,BP3,11909.0
WEEKENDS/HOLIDAY,BP2,NS4,12082.0
WEEKENDS/HOLIDAY,BP3,BP2,12108.0
WEEKENDS/HOLIDAY,BP3,BP4,11994.0
WEEKENDS/HOLIDAY,BP4,BP3,11773.0
WEEKENDS/HOLIDAY,BP4,BP5,12103.0
WEEKENDS/HOLIDAY,BP5,BP4,11803.0
WEEKENDS/HOLIDAY,BP5,DT1,12506.0
WEEKENDS/HOLIDAY,BP7,BP8,4036.0
WEEKENDS/HOLIDAY,BP7,DT1,1960.0
WEEKENDS/HOLIDAY,BP8,BP7,1804.0
WEEKENDS/HOLIDAY,BP8,BP9,3618.0
WEEKENDS/HOLIDAY,BP9,BP10,2865.0
WEEKENDS/HOLIDAY,BP9,BP8,1272.0
WEEKENDS/HOLIDAY,CC10,CC11,25039.0
WEEKENDS/HOLIDAY,CC10,DT25,25404.0
WEEKENDS/HOLIDAY,CC10,DT27,39702.0
WEEKENDS/HOLIDAY,CC10,EW8,45676.0
WEEKENDS/HOLIDAY,CC11,CC10,27095.0
WEEKENDS/HOLIDAY,CC11,CC12,25495.0
WEEKENDS/HOLIDAY,CC12,CC11,27698.0
WEEKENDS/HOLIDAY,CC12,NE12,25834.0
WEEKENDS/HOLIDAY,CC14,NE12,30242.0
WEEKENDS/HOLIDAY,CC14,NS17,29710.0
WEEKENDS/HOLIDAY,CC16,CC17,18590.0
WEEKENDS/HOLIDAY,CC16,NS17,16951.0
WEEKENDS/HOLIDAY,CC17,CC16,16839.0
WEEKENDS/HOLIDAY,CC17,CC19,19198.0
WEEKENDS/HOLIDAY,CC19,CC17,17555.0
WEEKENDS/HOLIDAY,CC19,CC20,47667.0
WEEKENDS/HOLIDAY,CC19,DT10,58349.0
WEEKENDS/HOLIDAY,CC19,DT8,27984.0
WEEKENDS/HOLIDAY,CC2,CC3,4190.0
WEEKENDS/HOLIDAY,CC2,NS24,5014.0
WEEKENDS/HOLIDAY,CC20,CC19,47478.0
WEEKENDS/HOLIDAY,CC20,CC21,47310.0
WEEKENDS/HOLIDAY,CC21,CC20,47209.0
WEEKENDS/HOLIDAY,CC21,EW21,46422.0
WEEKENDS/HOLIDAY,CC23,CC24,10210.0
WEEKENDS/HOLIDAY,CC23,EW21,11408.0
WEEKENDS/HOLIDAY,CC24,CC23,10055.0
WEEKENDS/HOLIDAY,CC24,CC25,8120.0
WEEKENDS/HOLIDAY,CC25,CC24,7967.0
WEEKENDS/HOLIDAY,CC25,CC26,7619.0
WEEKENDS/HOLIDAY,CC26,CC25,7235.0
WEEKENDS/HOLIDAY,CC26,CC27,7563.0
WEEKENDS/HOLIDAY,CC27,CC26,7287.0
WEEKENDS/HOLIDAY,CC27,CC28,7538.0
WEEKENDS/HOLIDAY,CC28,CC27,7423.0
WEEKENDS/HOLIDAY,CC28,NE1,8276.0
WEEKENDS/HOLIDAY,CC3,CC2,4394.0
WEEKENDS/HOLIDAY,CC3,CC4,3807.0
WEEKENDS/HOLIDAY,CC4,CC3,3587.0
WEEKENDS/HOLIDAY,CC4,CC5,11823.0
WEEKENDS/HOLIDAY,CC4,CE1,17801.0
WEEKENDS/HOLIDAY,CC4,EW12,17593.0
WEEKENDS/HOLIDAY,CC5,CC4,11839.0
WEEKENDS/HOLIDAY,CC5,CC6,11046.0
WEEKENDS/HOLIDAY,CC6,CC5,11186.0
WEEKENDS/HOLIDAY,CC6,CC7,11819.0
WEEKENDS/HOLIDAY,CC7,CC6,11865.0
WEEKENDS/HOLIDAY,CC7,CC8,11628.0
WEEKENDS/HOLIDAY,CC8,CC7,12086.0
WEEKENDS/HOLIDAY,CC8,EW8,12075.0
WEEKENDS/HOLIDAY,CE1,CC4,17819.0
WEEKENDS/HOLIDAY,CE1,DT17,7728.0
WEEKENDS/HOLIDAY,CE1,NS27,983.0
WEEKENDS/HOLIDAY,CG1,CG2,6182.0
WEEKENDS/HOLIDAY,CG1,DT34,3774.0
WEEKENDS/HOLIDAY,CG1,EW4,7477.0
WEEKENDS/HOLIDAY,CG2,CG1,6072.0
WEEKENDS/HOLIDAY,DT1,BP13,2390.0
WEEKENDS/HOLIDAY,DT1,BP5,11927.0
WEEKENDS/HOLIDAY,DT1,BP7,4417.0
WEEKENDS/HOLIDAY,DT1,DT2,18952.0
WEEKENDS/HOLIDAY,DT10,CC19,56151.0
WEEKENDS/HOLIDAY,DT10,NS21,59598.0
WEEKENDS/HOLIDAY,DT13,EW12,61655.0
WEEKENDS/HOLIDAY,DT13,NE7,61862.0
WEEKENDS/HOLIDAY,DT17,CE1,7610.0
WEEKENDS/HOLIDAY,DT17,DT18,6955.0
WEEKENDS/HOLIDAY,DT18,DT17,6752.0
WEEKENDS/HOLIDAY,DT18,NE4,8369.0
WEEKENDS/HOLIDAY,DT2,DT1,18295.0
WEEKENDS/HOLIDAY,DT2,DT3,19561.0
WEEKENDS/HOLIDAY,DT20,DT21,20931.0
WEEKENDS/HOLIDAY,DT20,NE4,21346.0
WEEKENDS/HOLIDAY,DT21,DT20,21356.0
WEEKENDS/HOLIDAY,DT21,DT22,22173.0
WEEKENDS/HOLIDAY,DT22,DT21,22457.0
WEEKENDS/HOLIDAY,DT22,DT23,23634.0
WEEKENDS/HOLIDAY,DT23,DT22,24457.0
WEEKENDS/HOLIDAY,DT23,DT24,23989.0
WEEKENDS/HOLIDAY,DT24,DT23,24902.0
WEEKENDS/HOLIDAY,DT24,DT25,24196.0
WEEKENDS/HOLIDAY,DT25,CC10,24413.0
WEEKENDS/HOLIDAY,DT25,DT24,25127.0
WEEKENDS/HOLIDAY,DT27,CC10,40698.0
WEEKENDS/HOLIDAY,DT27,DT28,38264.0
WEEKENDS/HOLIDAY,DT28,DT27,39284.0
WEEKENDS/HOLIDAY,DT28,DT29,36676.0
WEEKENDS/HOLIDAY,DT29,DT28,37465.0
WEEKENDS/HOLIDAY,DT29,DT30,35592.0
WEEKENDS/HOLIDAY,DT3,DT2,18752.0
WEEKENDS/HOLIDAY,DT3,DT5,22783.0
WEEKENDS/HOLIDAY,DT30,DT29,36059.0
WEEKENDS/HOLIDAY,DT30,DT31,34110.0
WEEKENDS/HOLIDAY,DT31,DT30,34399.0
WEEKENDS/HOLIDAY,DT31,EW2,33011.0
WEEKENDS/HOLIDAY,DT33,DT34,4329.0
WEEKENDS/HOLIDAY,DT33,EW2,10651.0
WEEKENDS/HOLIDAY,DT34,CG1,4305.0
WEEKENDS/HOLIDAY,DT34,DT33,3907.0
WEEKENDS/HOLIDAY,DT5,DT3,21290.0
WEEKENDS/HOLIDAY,DT5,DT6,26242.0
WEEKENDS/HOLIDAY,DT6,DT5,24709.0
WEEKENDS/HOLIDAY,DT6,DT7,27628.0
WEEKENDS/HOLIDAY,DT7,DT6,26154.0
WEEKENDS/HOLIDAY,DT7,DT8,28451.0
WEEKENDS/HOLIDAY,DT8,CC19,29138.0
WEEKENDS/HOLIDAY,DT8,DT7,27292.0
WEEKENDS/HOLIDAY,EW1,EW2,17320.0
WEEKENDS/HOLIDAY,EW10,EW11,46058.0
WEEKENDS/HOLIDAY,EW10,EW9,45056.0
WEEKENDS/HOLIDAY,EW11,EW10,46067.0
WEEKENDS/HOLIDAY,EW11,EW12,48825.0
WEEKENDS/HOLIDAY,EW12,CC4,17889.0
WEEKENDS/HOLIDAY,EW12,DT13,59398.0
WEEKENDS/HOLIDAY,EW12,EW11,49184.0
WEEKENDS/HOLIDAY,EW12,NS25,13826.0
WEEKENDS/HOLIDAY,EW15,EW16,11382.0
WEEKENDS/HOLIDAY,EW15,NS26,14162.0
WEEKENDS/HOLIDAY,EW16,EW15,12416.0
WEEKENDS/HOLIDAY,EW16,EW17,30433.0
WEEKENDS/HOLIDAY,EW16,NE1,23121.0
WEEKENDS/HOLIDAY,EW16,NE4,44939.0
WEEKENDS/HOLIDAY,EW17,EW16,30432.0
WEEKENDS/HOLIDAY,EW17,EW18,28077.0
WEEKENDS/HOLIDAY,EW18,EW17,28982.0
WEEKENDS/HOLIDAY,EW18,EW19,27351.0
WEEKENDS/HOLIDAY,EW19,EW18,28705.0
WEEKENDS/HOLIDAY,EW19,EW20,27915.0
WEEKENDS/HOLIDAY,EW2,DT31,33555.0
WEEKENDS/HOLIDAY,EW2,DT33,10435.0
WEEKENDS/HOLIDAY,EW2,EW1,16530.0
WEEKENDS/HOLIDAY,EW2,EW3,9828.0
WEEKENDS/HOLIDAY,EW20,EW19,29311.0
WEEKENDS/HOLIDAY,EW20,EW21,30565.0
WEEKENDS/HOLIDAY,EW21,CC21,46565.0
WEEKENDS/HOLIDAY,EW21,CC23,11575.0
WEEKENDS/HOLIDAY,EW21,EW20,31725.0
WEEKENDS/HOLIDAY,EW21,EW22,70189.0
WEEKENDS/HOLIDAY,EW22,EW21,71363.0
WEEKENDS/HOLIDAY,EW22,EW23,70028.0
WEEKENDS/HOLIDAY,EW23,EW22,71666.0
WEEKENDS/HOLIDAY,EW23,NS1,68750.0
WEEKENDS/HOLIDAY,EW25,EW26,56147.0
WEEKENDS/HOLIDAY,EW25,NS1,60055.0
WEEKENDS/HOLIDAY,EW26,EW25,58041.0
WEEKENDS/HOLIDAY,EW26,EW27,45079.0
WEEKENDS/HOLIDAY,EW27,EW26,44898.0
WEEKENDS/HOLIDAY,EW27,EW28,21287.0
WEEKENDS/HOLIDAY,EW28,EW27,24672.0
WEEKENDS/HOLIDAY,EW28,EW29,11858.0
WEEKENDS/HOLIDAY,EW29,EW28,12042.0
WEEKENDS/HOLIDAY,EW29,EW30,4988.0
WEEKENDS/HOLIDAY,EW3,EW2,9572.0
WEEKENDS/HOLIDAY,EW3,EW4,13637.0
WEEKENDS/HOLIDAY,EW30,EW29,5507.0
WEEKENDS/HOLIDAY,EW30,EW31,3865.0
WEEKENDS/HOLIDAY,EW31,EW30,4229.0
WEEKENDS/HOLIDAY,EW31,EW32,2569.0
WEEKENDS/HOLIDAY,EW32,EW31,2715.0
WEEKENDS/HOLIDAY,EW32,EW33,1281.0
WEEKENDS/HOLIDAY,EW33,EW32,1363.0
WEEKENDS/HOLIDAY,EW4,CG1,7198.0
WEEKENDS/HOLIDAY,EW4,EW3,13277.0
WEEKENDS/HOLIDAY,EW4,EW5,22888.0
WEEKENDS/HOLIDAY,EW5,EW4,21664.0
WEEKENDS/HOLIDAY,EW5,EW6,32451.0
WEEKENDS/HOLIDAY,EW6,EW5,30963.0
WEEKENDS/HOLIDAY,EW6,EW7,34236.0
WEEKENDS/HOLIDAY,EW7,EW6,33529.0
WEEKENDS/HOLIDAY,EW7,EW8,37523.0
WEEKENDS/HOLIDAY,EW8,CC10,43272.0
WEEKENDS/HOLIDAY,EW8,CC8,12527.0
WEEKENDS/HOLIDAY,EW8,EW7,37795.0
WEEKENDS/HOLIDAY,EW8,EW9,44275.0
WEEKENDS/HOLIDAY,EW9,EW10,45411.0
WEEKENDS/HOLIDAY,EW9,EW8,43813.0
WEEKENDS/HOLIDAY,NE1,CC28,8062.0
WEEKENDS/HOLIDAY,NE1,EW16,22945.0
WEEKENDS/HOLIDAY,NE10,NE11,56637.0
WEEKENDS/HOLIDAY,NE10,NE9,60305.0
WEEKENDS/HOLIDAY,NE11,NE10,59720.0
WEEKENDS/HOLIDAY,NE11,NE12,56249.0
WEEKENDS/HOLIDAY,NE12,CC12,27939.0
WEEKENDS/HOLIDAY,NE12,CC14,30009.0
WEEKENDS/HOLIDAY,NE12,NE11,59317.0
WEEKENDS/HOLIDAY,NE12,NE13,66378.0
WEEKENDS/HOLIDAY,NE13,NE12,69403.0
WEEKENDS/HOLIDAY,NE13,NE14,62440.0
WEEKENDS/HOLIDAY,NE14,NE13,65192.0
WEEKENDS/HOLIDAY,NE14,NE15,53560.0
WEEKENDS/HOLIDAY,NE15,NE14,55979.0
WEEKENDS/HOLIDAY,NE15,NE16,47923.0
WEEKENDS/HOLIDAY,NE16,NE15,49874.0
WEEKENDS/HOLIDAY,NE16,NE17,27896.0
WEEKENDS/HOLIDAY,NE16,SE1,5649.0
WEEKENDS/HOLIDAY,NE16,SE5,2636.0
WEEKENDS/HOLIDAY,NE16,SW1,3395.0
WEEKENDS/HOLIDAY,NE16,SW8,6104.0
WEEKENDS/HOLIDAY,NE17,NE16,29413.0
WEEKENDS/HOLIDAY,NE17,PE1,5811.0
WEEKENDS/HOLIDAY,NE17,PE7,6600.0
WEEKENDS/HOLIDAY,NE17,PW1,1318.0
WEEKENDS/HOLIDAY,NE17,PW7,2646.0
WEEKENDS/HOLIDAY,NE4,DT18,8451.0
WEEKENDS/HOLIDAY,NE4,DT20,21144.0
WEEKENDS/HOLIDAY,NE4,EW16,45804.0
WEEKENDS/HOLIDAY,NE4,NE5,42244.0
WEEKENDS/HOLIDAY,NE5,NE4,43228.0
WEEKENDS/HOLIDAY,NE5,NS24,44530.0
WEEKENDS/HOLIDAY,NE7,DT13,64711.0
WEEKENDS/HOLIDAY,NE7,NE8,59605.0
WEEKENDS/HOLIDAY,NE7,NS21,83368.0
WEEKENDS/HOLIDAY,NE7,NS24,93993.0
WEEKENDS/HOLIDAY,NE8,NE7,62490.0
WEEKENDS/HOLIDAY,NE8,NE9,58530.0
WEEKENDS/HOLIDAY,NE9,NE10,57288.0
WEEKENDS/HOLIDAY,NE9,NE8,62932.0
WEEKENDS/HOLIDAY,NS1,EW23,71138.0
WEEKENDS/HOLIDAY,NS1,EW25,58358.0
WEEKENDS/HOLIDAY,NS1,NS2,52676.0
WEEKENDS/HOLIDAY,NS10,NS11,50221.0
WEEKENDS/HOLIDAY,NS10,NS9,45343.0
WEEKENDS/HOLIDAY,NS11,NS10,49113.0
WEEKENDS/HOLIDAY,NS11,NS12,56459.0
WEEKENDS/HOLIDAY,NS12,NS11,54979.0
WEEKENDS/HOLIDAY,NS12,NS13,58364.0
WEEKENDS/HOLIDAY,NS13,NS12,56298.0
WEEKENDS/HOLIDAY,NS13,NS14,62412.0
WEEKENDS/HOLIDAY,NS14,NS13,61477.0
WEEKENDS/HOLIDAY,NS14,NS15,66894.0
WEEKENDS/HOLIDAY,NS15,NS14,64075.0
WEEKENDS/HOLIDAY,NS15,NS16,68990.0
WEEKENDS/HOLIDAY,NS16,NS15,65474.0
WEEKENDS/HOLIDAY,NS16,NS17,77177.0
WEEKENDS/HOLIDAY,NS17,CC14,29891.0
WEEKENDS/HOLIDAY,NS17,CC16,18972.0
WEEKENDS/HOLIDAY,NS17,NS16,75650.0
WEEKENDS/HOLIDAY,NS17,NS18,63748.0
WEEKENDS/HOLIDAY,NS18,NS17,60856.0
WEEKENDS/HOLIDAY,NS18,NS19,66099.0
WEEKENDS/HOLIDAY,NS19,NS18,62528.0
WEEKENDS/HOLIDAY,NS19,NS20,69453.0
WEEKENDS/HOLIDAY,NS2,NS1,53416.0
WEEKENDS/HOLIDAY,NS2,NS3,47979.0
WEEKENDS/HOLIDAY,NS20,NS19,66803.0
WEEKENDS/HOLIDAY,NS20,NS21,67003.0
WEEKENDS/HOLIDAY,NS21,DT10,57027.0
WEEKENDS/HOLIDAY,NS21,NE7,87442.0
WEEKENDS/HOLIDAY,NS21,NS20,64306.0
WEEKENDS/HOLIDAY,NS21,NS22,30595.0
WEEKENDS/HOLIDAY,NS22,NS21,30237.0
WEEKENDS/HOLIDAY,NS22,NS23,27405.0
WEEKENDS/HOLIDAY,NS23,NS22,28921.0
WEEKENDS/HOLIDAY,NS23,NS24,25735.0
WEEKENDS/HOLIDAY,NS24,CC2,4942.0
WEEKENDS/HOLIDAY,NS24,NE5,45656.0
WEEKENDS/HOLIDAY,NS24,NE7,91177.0
WEEKENDS/HOLIDAY,NS24,NS23,28480.0
WEEKENDS/HOLIDAY,NS24,NS25,23397.0
WEEKENDS/HOLIDAY,NS25,EW12,14190.0
WEEKENDS/HOLIDAY,NS25,NS24,23328.0
WEEKENDS/HOLIDAY,NS25,NS26,17757.0
WEEKENDS/HOLIDAY,NS26,EW15,13658.0
WEEKENDS/HOLIDAY,NS26,NS25,18514.0
WEEKENDS/HOLIDAY,NS26,NS27,2000.0
WEEKENDS/HOLIDAY,NS27,CE1,1070.0
WEEKENDS/HOLIDAY,NS27,NS26,1905.0
WEEKENDS/HOLIDAY,NS27,NS28,1329.0
WEEKENDS/HOLIDAY,NS28,NS27,1499.0
WEEKENDS/HOLIDAY,NS3,NS2,49392.0
WEEKENDS/HOLIDAY,NS3,NS4,43701.0
WEEKENDS/HOLIDAY,NS4,BP2,11521.0
WEEKENDS/HOLIDAY,NS4,NS3,44761.0
WEEKENDS/HOLIDAY,NS4,NS5,40586.0
WEEKENDS/HOLIDAY,NS5,NS4,42316.0
WEEKENDS/HOLIDAY,NS5,NS7,33658.0
WEEKENDS/HOLIDAY,NS7,NS5,34861.0
WEEKENDS/HOLIDAY,NS7,NS8,33974.0
WEEKENDS/HOLIDAY,NS8,NS7,35199.0
WEEKENDS/HOLIDAY,NS8,NS9,38682.0
WEEKENDS/HOLIDAY,NS9,NS10,42872.0
WEEKENDS/HOLIDAY,NS9,NS8,37697.0
WEEKENDS/HOLIDAY,NS9,TE1,314.0
WEEKENDS/HOLIDAY,NS9,TE3,1124.0
WEEKENDS/HOLIDAY,PE1,NE17,6028.0
WEEKENDS/HOLIDAY,PE1,PE2,4901.0
WEEKENDS/HOLIDAY,PE2,PE1,5105.0
WEEKENDS/HOLIDAY,PE2,PE3,3359.0
WEEKENDS/HOLIDAY,PE3,PE2,3377.0
WEEKENDS/HOLIDAY,PE3,PE4,1436.0
WEEKENDS/HOLIDAY,PE4,PE3,1491.0
WEEKENDS/HOLIDAY,PE4,PE5,2244.0
WEEKENDS/HOLIDAY,PE5,PE4,2350.0
WEEKENDS/HOLIDAY,PE5,PE6,4266.0
WEEKENDS/HOLIDAY,PE6,PE5,4129.0
WEEKENDS/HOLIDAY,PE6,PE7,5855.0
WEEKENDS/HOLIDAY,PE7,NE17,7085.0
WEEKENDS/HOLIDAY,PE7,PE6,5483.0
WEEKENDS/HOLIDAY,PW1,NE17,1446.0
WEEKENDS/HOLIDAY,PW1,PW3,691.0
WEEKENDS/HOLIDAY,PW3,PW1,749.0
WEEKENDS/HOLIDAY,PW3,PW4,565.0
WEEKENDS/HOLIDAY,PW4,PW3,662.0
WEEKENDS/HOLIDAY,PW4,PW5,170.0
WEEKENDS/HOLIDAY,PW5,PW4,216.0
WEEKENDS/HOLIDAY,PW5,PW6,1297.0
WEEKENDS/HOLIDAY,PW6,PW5,1331.0
WEEKENDS/HOLIDAY,PW6,PW7,1932.0
WEEKENDS/HOLIDAY,PW7,NE17,2553.0
WEEKENDS/HOLIDAY,PW7,PW6,1897.0
WEEKENDS/HOLIDAY,SE1,NE16,6185.0
WEEKENDS/HOLIDAY,SE1,SE2,4142.0
WEEKENDS/HOLIDAY,SE2,SE1,4599.0
WEEKENDS/HOLIDAY,SE2,SE3,2103.0
WEEKENDS/HOLIDAY,SE3,SE2,2316.0
WEEKENDS/HOLIDAY,SE3,SE4,782.0
WEEKENDS/HOLIDAY,SE4,SE3,912.0
WEEKENDS/HOLIDAY,SE4,SE5,1793.0
WEEKENDS/HOLIDAY,SE5,NE16,2695.0
WEEKENDS/HOLIDAY,SE5,SE4,1778.0
WEEKENDS/HOLIDAY,SW1,NE16,3646.0
WEEKENDS/HOLIDAY,SW1,SW2,3080.0
WEEKENDS/HOLIDAY,SW2,SW1,3255.0
WEEKENDS/HOLIDAY,SW2,SW3,2053.0
WEEKENDS/HOLIDAY,SW3,SW2,2034.0
WEEKENDS/HOLIDAY,SW3,SW4,1438.0
WEEKENDS/HOLIDAY,SW4,SW3,1396.0
WEEKENDS/HOLIDAY,SW4,SW5,1052.0
WEEKENDS/HOLIDAY,SW5,SW4,1043.0
WEEKENDS/HOLIDAY,SW5,SW6,4315.0
WEEKENDS/HOLIDAY,SW6,SW5,4038.0
WEEKENDS/HOLIDAY,SW6,SW7,5535.0
WEEKENDS/HOLIDAY,SW7,SW6,5119.0
WEEKENDS/HOLIDAY,SW7,SW8,6320.0
WEEKENDS/HOLIDAY,SW8,NE16,6686.0
WEEKENDS/HOLIDAY,SW8,SW7,5774.0
WEEKENDS/HOLIDAY,TE1,NS9,357.0
WEEKENDS/HOLIDAY,TE3,NS9,1614.0
