DAY_TYPE,PT_CODE,TOTAL_TAP_IN_VOLUME,TOTAL_TAP_OUT_VOLUME
WEEKDAY,BP10,3176.0,3430.0
WEEKDAY,BP11,3345.0,2724.0
WEEKDAY,BP12,2793.0,2175.0
WEEKDAY,BP13,1433.0,963.0
WEEKDAY,BP2,3057.0,2373.0
WEEKDAY,BP3,3872.0,3339.0
WEEKDAY,BP4,3507.0,3391.0
WEEKDAY,BP5,2015.0,1577.0
WEEKDAY,BP6/DT1,28625.0,30564.0
WEEKDAY,BP7,1129.0,1134.0
WEEKDAY,BP8,2033.0,1798.0
WEEKDAY,BP9,2438.0,2344.0
WEEKDAY,CC10/DT26,12594.0,11953.0
WEEKDAY,CC11,12340.0,12489.0
WEEKDAY,CC12,5334.0,4547.0
WEEKDAY,CC14,5448.0,5229.0
WEEKDAY,CC16,7582.0,7491.0
WEEKDAY,CC17,3303.0,3122.0
WEEKDAY,CC19/DT9,4224.0,4567.0
WEEKDAY,CC2,2900.0,3271.0
WEEKDAY,CC20,4220.0,4250.0
WEEKDAY,CC21,6065.0,6459.0
WEEKDAY,CC22/EW21,17476.0,15996.0
WEEKDAY,CC23,7986.0,7727.0
WEEKDAY,CC24,14744.0,14472.0
WEEKDAY,CC25,5203.0,4838.0
WEEKDAY,CC26,3865.0,4083.0
WEEKDAY,CC27,2765.0,2925.0
WEEKDAY,CC28,2922.0,2899.0
WEEKDAY,CC3,3429.0,3115.0
WEEKDAY,CC4/DT15,9773.0,10189.0
WEEKDAY,CC5,2782.0,2844.0
WEEKDAY,CC6,4660.0,4820.0
WEEKDAY,CC7,5333.0,5449.0
WEEKDAY,CC8,6747.0,5892.0
WEEKDAY,CE1/DT16,12008.0,12410.0
WEEKDAY,CG1/DT35,7504.0,7657.0
WEEKDAY,CG2,4514.0,4465.0
WEEKDAY,DT10,3980.0,3171.0
WEEKDAY,DT13,5740.0,6220.0
WEEKDAY,DT17,8707.0,8715.0
WEEKDAY,DT18,8589.0,9215.0
WEEKDAY,DT2,2260.0,1781.0
WEEKDAY,DT20,3154.0,3370.0
WEEKDAY,DT21,4037.0,3883.0
WEEKDAY,DT22,3833.0,4222.0
WEEKDAY,DT23,2552.0,2580.0
WEEKDAY,DT24,3814.0,3774.0
WEEKDAY,DT25,3072.0,3284.0
WEEKDAY,DT27,6141.0,6020.0
WEEKDAY,DT28,7319.0,6967.0
WEEKDAY,DT29,5734.0,5196.0
WEEKDAY,DT3,5468.0,4806.0
WEEKDAY,DT30,5630.0,5435.0
WEEKDAY,DT31,6171.0,6541.0
WEEKDAY,DT33,13450.0,12697.0
WEEKDAY,DT34,3050.0,2820.0
WEEKDAY,DT5,8902.0,9139.0
WEEKDAY,DT6,4900.0,4686.0
WEEKDAY,DT7,3008.0,3200.0
WEEKDAY,DT8,3715.0,3396.0
WEEKDAY,EW1,23167.0,22517.0
WEEKDAY,EW10,7505.0,7682.0
WEEKDAY,EW11,11743.0,11943.0
WEEKDAY,EW12/DT14,29144.0,30503.0
WEEKDAY,EW13/NS25,22134.0,22862.0
WEEKDAY,EW14/NS26,26675.0,25982.0
WEEKDAY,EW15,23179.0,24390.0
WEEKDAY,EW16/NE3,21886.0,21240.0
WEEKDAY,EW17,19910.0,20911.0
WEEKDAY,EW18,13714.0,14373.0
WEEKDAY,EW19,10833.0,10271.0
WEEKDAY,EW2/DT32,38946.0,40331.0
WEEKDAY,EW20,11816.0,11329.0
WEEKDAY,EW22,13616.0,13636.0
WEEKDAY,EW23,35204.0,36914.0
WEEKDAY,EW24/NS1,54711.0,55508.0
WEEKDAY,EW25,7463.0,7024.0
WEEKDAY,EW26,28013.0,25137.0
WEEKDAY,EW27,37615.0,43147.0
WEEKDAY,EW28,24881.0,18920.0
WEEKDAY,EW29,13682.0,14115.0
WEEKDAY,EW3,13668.0,13629.0
WEEKDAY,EW30,3294.0,2957.0
WEEKDAY,EW31,3510.0,3057.0
WEEKDAY,EW32,3285.0,3082.0
WEEKDAY,EW33,2139.0,2023.0
WEEKDAY,EW4,11543.0,10266.0
WEEKDAY,EW5,25056.0,24645.0
WEEKDAY,EW6,7309.0,8829.0
WEEKDAY,EW7,10218.0,12002.0
WEEKDAY,EW8/CC9,30870.0,31568.0
WEEKDAY,EW9,14603.0,14205.0
WEEKDAY,NE1/CC29,21765.0,22386.0
WEEKDAY,NE10,10808.0,11190.0
WEEKDAY,NE11,4748.0,4343.0
WEEKDAY,NE12/CC13,22770.0,20371.0
WEEKDAY,NE13,16302.0,16719.0
WEEKDAY,NE14,24060.0,23796.0
WEEKDAY,NE15,13403.0,13033.0
WEEKDAY,NE16/STC,32212.0,33618.0
WEEKDAY,NE17/PTC,29002.0,28213.0
WEEKDAY,NE4/DT19,33154.0,32646.0
WEEKDAY,NE5,7747.0,7743.0
WEEKDAY,NE7/DT12,15526.0,16288.0
WEEKDAY,NE8,14545.0,16510.0
WEEKDAY,NE9,17694.0,15931.0
WEEKDAY,NS10,41499.0,35962.0
WEEKDAY,NS11,33426.0,33593.0
WEEKDAY,NS12,11685.0,10862.0
WEEKDAY,NS13,42025.0,44554.0
WEEKDAY,NS14,27338.0,24783.0
WEEKDAY,NS15,21846.0,20280.0
WEEKDAY,NS16,39611.0,42587.0
WEEKDAY,NS17/CC15,16171.0,10031.0
WEEKDAY,NS18,12370.0,11222.0
WEEKDAY,NS19,28120.0,29802.0
WEEKDAY,NS2,22615.0,23766.0
WEEKDAY,NS20,27198.0,26751.0
WEEKDAY,NS21/DT11,39093.0,40089.0
WEEKDAY,NS22,32334.0,34888.0
WEEKDAY,NS23,18514.0,19944.0
WEEKDAY,NS24/NE6/CC1,20593.0,18928.0
WEEKDAY,NS27/CE2,2341.0,2240.0
WEEKDAY,NS28,1028.0,946.0
WEEKDAY,NS3,16387.0,15863.0
WEEKDAY,NS4/BP1,30400.0,32801.0
WEEKDAY,NS5,26135.0,24882.0
WEEKDAY,NS7,4578.0,4917.0
WEEKDAY,NS8,19949.0,15854.0
WEEKDAY,NS9/TE2,33941.0,42192.0
WEEKDAY,PE1,2767.0,2765.0
WEEKDAY,PE2,4446.0,4248.0
WEEKDAY,PE3,4499.0,4602.0
WEEKDAY,PE4,1304.0,1288.0
WEEKDAY,PE5,4516.0,4327.0
WEEKDAY,PE6,5082.0,4894.0
WEEKDAY,PE7,3272.0,3186.0
WEEKDAY,PW1,511.0,536.0
WEEKDAY,PW3,352.0,397.0
WEEKDAY,PW4,1022.0,994.0
WEEKDAY,PW5,1985.0,1906.0
WEEKDAY,PW6,1039.0,973.0
WEEKDAY,PW7,1751.0,1998.0
WEEKDAY,SE1,3678.0,3691.0
WEEKDAY,SE2,4532.0,4235.0
WEEKDAY,SE3,2508.0,2388.0
WEEKDAY,SE4,2807.0,2739.0
WEEKDAY,SE5,2504.0,2532.0
WEEKDAY,SW1,1873.0,1953.0
WEEKDAY,SW2,2869.0,2693.0
WEEKDAY,SW3,2166.0,2087.0
WEEKDAY,SW4,1078.0,1116.0
WEEKDAY,SW5,6138.0,5689.0
WEEKDAY,SW6,3242.0,3065.0
WEEKDAY,SW7,2356.0,2174.0
WEEKDAY,SW8,1881.0,1884.0
WEEKDAY,TE1,2539.0,1957.0
WEEKDAY,TE3,3086.0,2384.0
WEEKENDS/HOLIDAY,BP10,2200.0,2514.0
WEEKENDS/HOLIDAY,BP11,2161.0,1836.0
WEEKENDS/HOLIDAY,BP12,1373.0,1058.0
WEEKENDS/HOLIDAY,BP13,963.0,598.0
WEEKENDS/HOLIDAY,BP2,2145.0,1786.0
WEEKENDS/HOLIDAY,BP3,2781.0,2370.0
WEEKENDS/HOLIDAY,BP4,1240.0,1144.0
WEEKENDS/HOLIDAY,BP5,1432.0,1148.0
WEEKENDS/HOLIDAY,BP6/DT1,22128.0,22965.0
WEEKENDS/HOLIDAY,BP7,546.0,781.0
WEEKENDS/HOLIDAY,BP8,1171.0,1081.0
WEEKENDS/HOLIDAY,BP9,1786.0,1432.0
WEEKENDS/HOLIDAY,CC10/DT26,8214.0,7719.0
WEEKENDS/HOLIDAY,CC11,5394.0,5305.0
WEEKENDS/HOLIDAY,CC12,2520.0,2323.0
WEEKENDS/HOLIDAY,CC14,3238.0,3167.0
WEEKENDS/HOLIDAY,CC16,4353.0,4449.0
WEEKENDS/HOLIDAY,CC17,1491.0,1597.0
WEEKENDS/HOLIDAY,CC19/DT9,4124.0,4489.0
WEEKENDS/HOLIDAY,CC2,1609.0,1719.0
WEEKENDS/HOLIDAY,CC20,2723.0,2764.0
WEEKENDS/HOLIDAY,CC21,5075.0,5230.0
WEEKENDS/HOLIDAY,CC22/EW21,9029.0,8632.0
WEEKENDS/HOLIDAY,CC23,2006.0,2003.0
WEEKENDS/HOLIDAY,CC24,3793.0,3765.0
WEEKENDS/HOLIDAY,CC25,3267.0,2954.0
WEEKENDS/HOLIDAY,CC26,2099.0,2188.0
WEEKENDS/HOLIDAY,CC27,1018.0,1157.0
WEEKENDS/HOLIDAY,CC28,2292.0,2201.0
WEEKENDS/HOLIDAY,CC3,4218.0,3666.0
WEEKENDS/HOLIDAY,CC4/DT15,8733.0,9207.0
WEEKENDS/HOLIDAY,CC5,2297.0,2368.0
WEEKENDS/HOLIDAY,CC6,5698.0,5498.0
WEEKENDS/HOLIDAY,CC7,3581.0,3947.0
WEEKENDS/HOLIDAY,CC8,3950.0,3855.0
WEEKENDS/HOLIDAY,CE1/DT16,17303.0,17140.0
WEEKENDS/HOLIDAY,CG1/DT35,5227.0,5331.0
WEEKENDS/HOLIDAY,CG2,6435.0,6486.0
WEEKENDS/HOLIDAY,DT10,2160.0,1774.0
WEEKENDS/HOLIDAY,DT13,4843.0,5421.0
WEEKENDS/HOLIDAY,DT17,2077.0,2016.0
WEEKENDS/HOLIDAY,DT18,2595.0,2884.0
WEEKENDS/HOLIDAY,DT2,1017.0,868.0
WEEKENDS/HOLIDAY,DT20,2309.0,2536.0
WEEKENDS/HOLIDAY,DT21,2707.0,2549.0
WEEKENDS/HOLIDAY,DT22,3664.0,4197.0
WEEKENDS/HOLIDAY,DT23,1060.0,1142.0
WEEKENDS/HOLIDAY,DT24,2566.0,2563.0
WEEKENDS/HOLIDAY,DT25,1773.0,1825.0
WEEKENDS/HOLIDAY,DT27,3213.0,3172.0
WEEKENDS/HOLIDAY,DT28,4001.0,3757.0
WEEKENDS/HOLIDAY,DT29,3930.0,3597.0
WEEKENDS/HOLIDAY,DT3,4409.0,3704.0
WEEKENDS/HOLIDAY,DT30,3944.0,3753.0
WEEKENDS/HOLIDAY,DT31,3998.0,4255.0
WEEKENDS/HOLIDAY,DT33,9043.0,8319.0
WEEKENDS/HOLIDAY,DT34,2091.0,1953.0
WEEKENDS/HOLIDAY,DT5,8101.0,8017.0
WEEKENDS/HOLIDAY,DT6,2807.0,2838.0
WEEKENDS/HOLIDAY,DT7,1865.0,2162.0
WEEKENDS/HOLIDAY,DT8,1704.0,1700.0
WEEKENDS/HOLIDAY,EW1,17598.0,16772.0
WEEKENDS/HOLIDAY,EW10,7301.0,7641.0
WEEKENDS/HOLIDAY,EW11,8745.0,9034.0
WEEKENDS/HOLIDAY,EW12/DT14,33105.0,34983.0
WEEKENDS/HOLIDAY,EW13/NS25,26279.0,26696.0
WEEKENDS/HOLIDAY,EW14/NS26,7767.0,7372.0
WEEKENDS/HOLIDAY,EW15,10099.0,10624.0
WEEKENDS/HOLIDAY,EW16/NE3,10438.0,10087.0
WEEKENDS/HOLIDAY,EW17,15523.0,16406.0
WEEKENDS/HOLIDAY,EW18,9122.0,9533.0
WEEKENDS/HOLIDAY,EW19,7778.0,7817.0
WEEKENDS/HOLIDAY,EW2/DT32,32487.0,32571.0
WEEKENDS/HOLIDAY,EW20,8202.0,7940.0
WEEKENDS/HOLIDAY,EW22,2818.0,3277.0
WEEKENDS/HOLIDAY,EW23,25700.0,26407.0
WEEKENDS/HOLIDAY,EW24/NS1,49410.0,49328.0
WEEKENDS/HOLIDAY,EW25,5217.0,5413.0
WEEKENDS/HOLIDAY,EW26,20480.0,18303.0
WEEKENDS/HOLIDAY,EW27,29598.0,33134.0
WEEKENDS/HOLIDAY,EW28,15925.0,12674.0
WEEKENDS/HOLIDAY,EW29,7383.0,7704.0
WEEKENDS/HOLIDAY,EW3,10200.0,10103.0
WEEKENDS/HOLIDAY,EW30,1413.0,1241.0
WEEKENDS/HOLIDAY,EW31,1640.0,1414.0
WEEKENDS/HOLIDAY,EW32,1478.0,1405.0
WEEKENDS/HOLIDAY,EW33,1491.0,1429.0
WEEKENDS/HOLIDAY,EW4,7635.0,7046.0
WEEKENDS/HOLIDAY,EW5,21406.0,20967.0
WEEKENDS/HOLIDAY,EW6,6056.0,6822.0
WEEKENDS/HOLIDAY,EW7,8499.0,9470.0
WEEKENDS/HOLIDAY,EW8/CC9,32945.0,33601.0
WEEKENDS/HOLIDAY,EW9,12522.0,12580.0
WEEKENDS/HOLIDAY,NE1/CC29,26227.0,26473.0
WEEKENDS/HOLIDAY,NE10,8058.0,8105.0
WEEKENDS/HOLIDAY,NE11,2785.0,2757.0
WEEKENDS/HOLIDAY,NE12/CC13,19918.0,17892.0
WEEKENDS/HOLIDAY,NE13,14866.0,14548.0
WEEKENDS/HOLIDAY,NE14,18770.0,18416.0
WEEKENDS/HOLIDAY,NE15,10609.0,10176.0
WEEKENDS/HOLIDAY,NE16/STC,26766.0,27782.0
WEEKENDS/HOLIDAY,NE17/PTC,25912.0,25087.0
WEEKENDS/HOLIDAY,NE4/DT19,34075.0,34207.0
WEEKENDS/HOLIDAY,NE5,5793.0,5906.0
WEEKENDS/HOLIDAY,NE7/DT12,16087.0,17351.0
WEEKENDS/HOLIDAY,NE8,17065.0,18605.0
WEEKENDS/HOLIDAY,NE9,13549.0,12131.0
WEEKENDS/HOLIDAY,NS10,29200.0,25424.0
WEEKENDS/HOLIDAY,NS11,25341.0,24901.0
WEEKENDS/HOLIDAY,NS12,9354.0,8739.0
WEEKENDS/HOLIDAY,NS13,33678.0,34723.0
WEEKENDS/HOLIDAY,NS14,19451.0,17495.0
WEEKENDS/HOLIDAY,NS15,9516.0,8752.0
WEEKENDS/HOLIDAY,NS16,31381.0,33352.0
WEEKENDS/HOLIDAY,NS17/CC15,10261.0,6496.0
WEEKENDS/HOLIDAY,NS18,9131.0,8510.0
WEEKENDS/HOLIDAY,NS19,24182.0,25064.0
WEEKENDS/HOLIDAY,NS2,16781.0,17437.0
WEEKENDS/HOLIDAY,NS20,16161.0,15966.0
WEEKENDS/HOLIDAY,NS21/DT11,33375.0,34205.0
WEEKENDS/HOLIDAY,NS22,40737.0,42473.0
WEEKENDS/HOLIDAY,NS23,21514.0,22653.0
WEEKENDS/HOLIDAY,NS24/NE6/CC1,22019.0,20879.0
WEEKENDS/HOLIDAY,NS27/CE2,896.0,1094.0
WEEKENDS/HOLIDAY,NS28,1654.0,1467.0
WEEKENDS/HOLIDAY,NS3,12573.0,12210.0
WEEKENDS/HOLIDAY,NS4/BP1,22176.0,23417.0
WEEKENDS/HOLIDAY,NS5,17991.0,17434.0
WEEKENDS/HOLIDAY,NS7,3287.0,3286.0
WEEKENDS/HOLIDAY,NS8,14276.0,12010.0
WEEKENDS/HOLIDAY,NS9/TE2,27964.0,31913.0
WEEKENDS/HOLIDAY,PE1,2144.0,2124.0
WEEKENDS/HOLIDAY,PE2,3342.0,3149.0
WEEKENDS/HOLIDAY,PE3,3609.0,3628.0
WEEKENDS/HOLIDAY,PE4,1171.0,1211.0
WEEKENDS/HOLIDAY,PE5,3154.0,2905.0
WEEKENDS/HOLIDAY,PE6,4218.0,3999.0
WEEKENDS/HOLIDAY,PE7,2515.0,2382.0
WEEKENDS/HOLIDAY,PW1,867.0,795.0
WEEKENDS/HOLIDAY,PW3,202.0,241.0
WEEKENDS/HOLIDAY,PW4,886.0,830.0
WEEKENDS/HOLIDAY,PW5,1436.0,1430.0
WEEKENDS/HOLIDAY,PW6,851.0,771.0
WEEKENDS/HOLIDAY,PW7,1387.0,1518.0
WEEKENDS/HOLIDAY,SE1,2627.0,2529.0
WEEKENDS/HOLIDAY,SE2,3502.0,3261.0
WEEKENDS/HOLIDAY,SE3,1926.0,1835.0
WEEKENDS/HOLIDAY,SE4,2509.0,2356.0
WEEKENDS/HOLIDAY,SE5,1620.0,1583.0
WEEKENDS/HOLIDAY,SW1,1136.0,1066.0
WEEKENDS/HOLIDAY,SW2,2389.0,2179.0
WEEKENDS/HOLIDAY,SW3,1431.0,1394.0
WEEKENDS/HOLIDAY,SW4,780.0,810.0
WEEKENDS/HOLIDAY,SW5,5090.0,4838.0
WEEKENDS/HOLIDAY,SW6,2118.0,1993.0
WEEKENDS/HOLIDAY,SW7,1751.0,1604.0
WEEKENDS/HOLIDAY,SW8,1228.0,1190.0
WEEKENDS/HOLIDAY,TE1,430.0,370.0
WEEKENDS/HOLIDAY,TE3,1731.0,1221.0
