DAY_TYPE,ORIGIN_PT_CODE,DESTINATION_PT_CODE,TOTAL_TRIPS
WEEKDAY,BP10,BP11,2370.0
WEEKDAY,BP10,BP9,537.0
WEEKDAY,BP11,BP10,362.0
WEEKDAY,BP11,BP12,4111.0
WEEKDAY,BP12,BP11,1717.0
WEEKDAY,BP12,BP13,5246.0
WEEKDAY,BP13,BP12,2507.0
WEEKDAY,BP13,DT1,5925.0
WEEKDAY,BP2,BP3,11182.0
WEEKDAY,BP2,NS4,11654.0
WEEKDAY,BP3,BP2,11568.0
WEEKDAY,BP3,BP4,11067.0
WEEKDAY,BP4,BP3,11057.0
WEEKDAY,BP4,BP5,10811.0
WEEKDAY,BP5,BP4,10686.0
WEEKDAY,BP5,DT1,11186.0
WEEKDAY,BP7,BP8,3854.0
WEEKDAY,BP7,DT1,2257.0
WEEKDAY,BP8,BP7,1892.0
WEEKDAY,BP8,BP9,3510.0
WEEKDAY,BP9,BP10,2712.0
WEEKDAY,BP9,BP8,1431.0
WEEKDAY,CC10,CC11,24781.0
WEEKDAY,CC10,DT25,25823.0
WEEKDAY,CC10,DT27,38808.0
WEEKDAY,CC10,EW8,35892.0
WEEKDAY,CC11,CC10,26406.0
WEEKDAY,CC11,CC12,26621.0
WEEKDAY,CC12,CC11,28625.0
WEEKDAY,CC12,NE12,27059.0
WEEKDAY,CC14,NE12,32912.0
WEEKDAY,CC14,NS17,32063.0
WEEKDAY,CC16,CC17,22367.0
WEEKDAY,CC16,NS17,21009.0
WEEKDAY,CC17,CC16,20616.0
WEEKDAY,CC17,CC19,23138.0
WEEKDAY,CC19,CC17,21376.0
WEEKDAY,CC19,CC20,43260.0
WEEKDAY,CC19,DT10,41558.0
WEEKDAY,CC19,DT8,22249.0
WEEKDAY,CC2,CC3,1995.0
WEEKDAY,CC2,NS24,2594.0
WEEKDAY,CC20,CC19,42660.0
WEEKDAY,CC20,CC21,42982.0
WEEKDAY,CC21,CC20,42533.0
WEEKDAY,CC21,EW21,42407.0
WEEKDAY,CC23,CC24,14062.0
WEEKDAY,CC23,EW21,17007.0
WEEKDAY,CC24,CC23,13955.0
WEEKDAY,CC24,CC25,8111.0
WEEKDAY,CC25,CC24,7867.0
WEEKDAY,CC25,CC26,7048.0
WEEKDAY,CC26,CC25,6588.0
WEEKDAY,CC26,CC27,6357.0
WEEKDAY,CC27,CC26,6129.0
WEEKDAY,CC27,CC28,6276.0
WEEKDAY,CC28,CC27,6161.0
WEEKDAY,CC28,NE1,6664.0
WEEKDAY,CC3,CC2,2092.0
WEEKDAY,CC3,CC4,1738.0
WEEKDAY,CC4,CC3,1647.0
WEEKDAY,CC4,CC5,7804.0
WEEKDAY,CC4,CE1,12146.0
WEEKDAY,CC4,EW12,11468.0
WEEKDAY,CC5,CC4,7733.0
WEEKDAY,CC5,CC6,7265.0
WEEKDAY,CC6,CC5,7248.0
WEEKDAY,CC6,CC7,7817.0
WEEKDAY,CC7,CC6,7898.0
WEEKDAY,CC7,CC8,8230.0
WEEKDAY,CC8,CC7,8588.0
WEEKDAY,CC8,EW8,9072.0
WEEKDAY,CE1,CC4,11909.0
WEEKDAY,CE1,DT17,6198.0
WEEKDAY,CE1,NS27,578.0
WEEKDAY,CG1,CG2,2203.0
WEEKDAY,CG1,DT34,2868.0
WEEKDAY,CG1,EW4,4444.0
WEEKDAY,CG2,CG1,2241.0
WEEKDAY,DT1,BP13,2848.0
WEEKDAY,DT1,BP5,10726.0
WEEKDAY,DT1,BP7,4255.0
WEEKDAY,DT1,DT2,15481.0
WEEKDAY,DT10,CC19,40016.0
WEEKDAY,DT10,NS21,42629.0
WEEKDAY,DT13,EW12,41211.0
WEEKDAY,DT13,NE7,42114.0
WEEKDAY,DT17,CE1,6186.0
WEEKDAY,DT17,DT18,4368.0
WEEKDAY,DT18,DT17,4300.0
WEEKDAY,DT18,NE4,7398.0
WEEKDAY,DT2,DT1,15103.0
WEEKDAY,DT2,DT3,16079.0
WEEKDAY,DT20,DT21,21425.0
WEEKDAY,DT20,NE4,21243.0
WEEKDAY,DT21,DT20,21400.0
WEEKDAY,DT21,DT22,22642.0
WEEKDAY,DT22,DT21,22341.0
WEEKDAY,DT22,DT23,23840.0
WEEKDAY,DT23,DT22,23779.0
WEEKDAY,DT23,DT24,24648.0
WEEKDAY,DT24,DT23,24614.0
WEEKDAY,DT24,DT25,25241.0
WEEKDAY,DT25,CC10,25738.0
WEEKDAY,DT25,DT24,25211.0
WEEKDAY,DT27,CC10,38611.0
WEEKDAY,DT27,DT28,37381.0
WEEKDAY,DT28,DT27,37328.0
WEEKDAY,DT28,DT29,35075.0
WEEKDAY,DT29,DT28,34853.0
WEEKDAY,DT29,DT30,33934.0
WEEKDAY,DT3,DT2,15558.0
WEEKDAY,DT3,DT5,18324.0
WEEKDAY,DT30,DT29,33372.0
WEEKDAY,DT30,DT31,32294.0
WEEKDAY,DT31,DT30,31622.0
WEEKDAY,DT31,EW2,30531.0
WEEKDAY,DT33,DT34,3648.0
WEEKDAY,DT33,EW2,10297.0
WEEKDAY,DT34,CG1,3428.0
WEEKDAY,DT34,DT33,3253.0
WEEKDAY,DT5,DT3,17513.0
WEEKDAY,DT5,DT6,20964.0
WEEKDAY,DT6,DT5,20172.0
WEEKDAY,DT6,DT7,22028.0
WEEKDAY,DT7,DT6,21197.0
WEEKDAY,DT7,DT8,22501.0
WEEKDAY,DT8,CC19,22817.0
WEEKDAY,DT8,DT7,21911.0
WEEKDAY,EW1,EW2,14716.0
WEEKDAY,EW10,EW11,33885.0
WEEKDAY,EW10,EW9,33437.0
WEEKDAY,EW11,EW10,34109.0
WEEKDAY,EW11,EW12,36577.0
WEEKDAY,EW12,CC4,11863.0
WEEKDAY,EW12,DT13,40098.0
WEEKDAY,EW12,EW11,37023.0
WEEKDAY,EW12,NS25,11189.0
WEEKDAY,EW15,EW16,12261.0
WEEKDAY,EW15,NS26,14786.0
WEEKDAY,EW16,EW15,13173.0
WEEKDAY,EW16,EW17,29180.0
WEEKDAY,EW16,NE1,15767.0
WEEKDAY,EW16,NE4,40262.0
WEEKDAY,EW17,EW16,29090.0
WEEKDAY,EW17,EW18,27266.0
WEEKDAY,EW18,EW17,27909.0
WEEKDAY,EW18,EW19,27167.0
WEEKDAY,EW19,EW18,28247.0
WEEKDAY,EW19,EW20,28741.0
WEEKDAY,EW2,DT31,30218.0
WEEKDAY,EW2,DT33,10234.0
WEEKDAY,EW2,EW1,14207.0
WEEKDAY,EW2,EW3,8286.0
WEEKDAY,EW20,EW19,29381.0
WEEKDAY,EW20,EW21,31855.0
WEEKDAY,EW21,CC21,42234.0
WEEKDAY,EW21,CC23,17218.0
WEEKDAY,EW21,EW20,32157.0
WEEKDAY,EW21,EW22,65968.0
WEEKDAY,EW22,EW21,65808.0
WEEKDAY,EW22,EW23,66025.0
WEEKDAY,EW23,EW22,66129.0
WEEKDAY,EW23,NS1,64996.0
WEEKDAY,EW25,EW26,57488.0
WEEKDAY,EW25,NS1,61050.0
WEEKDAY,EW26,EW25,59791.0
WEEKDAY,EW26,EW27,49303.0
WEEKDAY,EW27,EW26,49562.0
WEEKDAY,EW27,EW28,29041.0
WEEKDAY,EW28,EW27,33362.0
WEEKDAY,EW28,EW29,21315.0
WEEKDAY,EW29,EW28,21923.0
WEEKDAY,EW29,EW30,9835.0
WEEKDAY,EW3,EW2,8329.0
WEEKDAY,EW3,EW4,11751.0
WEEKDAY,EW30,EW29,10858.0
WEEKDAY,EW30,EW31,7305.0
WEEKDAY,EW31,EW30,7905.0
WEEKDAY,EW31,EW32,4618.0
WEEKDAY,EW32,EW31,4826.0
WEEKDAY,EW32,EW33,1827.0
WEEKDAY,EW33,EW32,1778.0
WEEKDAY,EW4,CG1,3981.0
WEEKDAY,EW4,EW3,11612.0
WEEKDAY,EW4,EW5,18867.0
WEEKDAY,EW5,EW4,17514.0
WEEKDAY,EW5,EW6,27434.0
WEEKDAY,EW6,EW5,26107.0
WEEKDAY,EW6,EW7,28793.0
WEEKDAY,EW7,EW6,28331.0
WEEKDAY,EW7,EW8,31249.0
WEEKDAY,EW8,CC10,34268.0
WEEKDAY,EW8,CC8,9211.0
WEEKDAY,EW8,EW7,31983.0
WEEKDAY,EW8,EW9,32530.0
WEEKDAY,EW9,EW10,33263.0
WEEKDAY,EW9,EW8,32643.0
WEEKDAY,NE1,CC28,6502.0
WEEKDAY,NE1,EW16,15500.0
WEEKDAY,NE10,NE11,46527.0
WEEKDAY,NE10,NE9,47610.0
WEEKDAY,NE11,NE10,48015.0
WEEKDAY,NE11,NE12,46847.0
WEEKDAY,NE12,CC12,28908.0
WEEKDAY,NE12,CC14,32051.0
WEEKDAY,NE12,NE11,48163.0
WEEKDAY,NE12,NE13,57918.0
WEEKDAY,NE13,NE12,59239.0
WEEKDAY,NE13,NE14,54398.0
WEEKDAY,NE14,NE13,55741.0
WEEKDAY,NE14,NE15,46255.0
WEEKDAY,NE15,NE14,47549.0
WEEKDAY,NE15,NE16,41154.0
WEEKDAY,NE16,NE15,42210.0
WEEKDAY,NE16,NE17,22952.0
WEEKDAY,NE16,SE1,4850.0
WEEKDAY,NE16,SE5,2252.0
WEEKDAY,NE16,SW1,3284.0
WEEKDAY,NE16,SW8,5258.0
WEEKDAY,NE17,NE16,24071.0
WEEKDAY,NE17,PE1,4868.0
WEEKDAY,NE17,PE7,5686.0
WEEKDAY,NE17,PW1,1034.0
WEEKDAY,NE17,PW7,2250.0
WEEKDAY,NE4,DT18,7608.0
WEEKDAY,NE4,DT20,21340.0
WEEKDAY,NE4,EW16,40633.0
WEEKDAY,NE4,NE5,33164.0
WEEKDAY,NE5,NE4,33753.0
WEEKDAY,NE5,NS24,35337.0
WEEKDAY,NE7,DT13,43361.0
WEEKDAY,NE7,NE8,46572.0
WEEKDAY,NE7,NS21,63659.0
WEEKDAY,NE7,NS24,70316.0
WEEKDAY,NE8,NE7,47842.0
WEEKDAY,NE8,NE9,45902.0
WEEKDAY,NE9,NE10,46411.0
WEEKDAY,NE9,NE8,48722.0
WEEKDAY,NS1,EW23,66689.0
WEEKDAY,NS1,EW25,58519.0
WEEKDAY,NS1,NS2,56231.0
WEEKDAY,NS10,NS11,49322.0
WEEKDAY,NS10,NS9,45946.0
WEEKDAY,NS11,NS10,48471.0
WEEKDAY,NS11,NS12,54482.0
WEEKDAY,NS12,NS11,53905.0
WEEKDAY,NS12,NS13,56462.0
WEEKDAY,NS13,NS12,55262.0
WEEKDAY,NS13,NS14,60524.0
WEEKDAY,NS14,NS13,61227.0
WEEKDAY,NS14,NS15,64825.0
WEEKDAY,NS15,NS14,63833.0
WEEKDAY,NS15,NS16,65753.0
WEEKDAY,NS16,NS15,63806.0
WEEKDAY,NS16,NS17,71536.0
WEEKDAY,NS17,CC14,32739.0
WEEKDAY,NS17,CC16,22879.0
WEEKDAY,NS17,NS16,71981.0
WEEKDAY,NS17,NS18,54860.0
WEEKDAY,NS18,NS17,53711.0
WEEKDAY,NS18,NS19,56206.0
WEEKDAY,NS19,NS18,54385.0
WEEKDAY,NS19,NS20,56699.0
WEEKDAY,NS2,NS1,55743.0
WEEKDAY,NS2,NS3,52262.0
WEEKDAY,NS20,NS19,56049.0
WEEKDAY,NS20,NS21,51617.0
WEEKDAY,NS21,DT10,40738.0
WEEKDAY,NS21,NE7,65827.0
WEEKDAY,NS21,NS20,50523.0
WEEKDAY,NS21,NS22,18000.0
WEEKDAY,NS22,NS21,17765.0
WEEKDAY,NS22,NS23,13639.0
WEEKDAY,NS23,NS22,15102.0
WEEKDAY,NS23,NS24,12672.0
WEEKDAY,NS24,CC2,2515.0
WEEKDAY,NS24,NE5,35888.0
WEEKDAY,NS24,NE7,68903.0
WEEKDAY,NS24,NS23,14878.0
WEEKDAY,NS24,NS25,19925.0
WEEKDAY,NS25,EW12,11502.0
WEEKDAY,NS25,NS24,19926.0
WEEKDAY,NS25,NS26,21286.0
WEEKDAY,NS26,EW15,14507.0
WEEKDAY,NS26,NS25,22052.0
WEEKDAY,NS26,NS27,1678.0
WEEKDAY,NS27,CE1,670.0
WEEKDAY,NS27,NS26,1696.0
WEEKDAY,NS27,NS28,788.0
WEEKDAY,NS28,NS27,857.0
WEEKDAY,NS3,NS2,52746.0
WEEKDAY,NS3,NS4,48111.0
WEEKDAY,NS4,BP2,10904.0
WEEKDAY,NS4,NS3,48329.0
WEEKDAY,NS4,NS5,44615.0
WEEKDAY,NS5,NS4,45808.0
WEEKDAY,NS5,NS7,38419.0
WEEKDAY,NS7,NS5,38771.0
WEEKDAY,NS7,NS8,39054.0
WEEKDAY,NS8,NS7,39758.0
WEEKDAY,NS8,NS9,43190.0
WEEKDAY,NS9,NS10,43299.0
WEEKDAY,NS9,NS8,40897.0
WEEKDAY,NS9,TE1,933.0
WEEKDAY,NS9,TE3,1310.0
WEEKDAY,PE1,NE17,4948.0
WEEKDAY,PE1,PE2,4090.0
WEEKDAY,PE2,PE1,4166.0
WEEKDAY,PE2,PE3,2818.0
WEEKDAY,PE3,PE2,2804.0
WEEKDAY,PE3,PE4,1207.0
WEEKDAY,PE4,PE3,1249.0
WEEKDAY,PE4,PE5,1717.0
WEEKDAY,PE5,PE4,1748.0
WEEKDAY,PE5,PE6,3418.0
WEEKDAY,PE6,PE5,3274.0
WEEKDAY,PE6,PE7,4981.0
WEEKDAY,PE7,NE17,6117.0
WEEKDAY,PE7,PE6,4583.0
WEEKDAY,PW1,NE17,1090.0
WEEKDAY,PW1,PW3,784.0
WEEKDAY,PW3,PW1,865.0
WEEKDAY,PW3,PW4,623.0
WEEKDAY,PW4,PW3,727.0
WEEKDAY,PW4,PW5,218.0
WEEKDAY,PW5,PW4,261.0
WEEKDAY,PW5,PW6,1214.0
WEEKDAY,PW6,PW5,1286.0
WEEKDAY,PW6,PW7,1697.0
WEEKDAY,PW7,NE17,2042.0
WEEKDAY,PW7,PW6,1729.0
WEEKDAY,SE1,NE16,5277.0
WEEKDAY,SE1,SE2,3496.0
WEEKDAY,SE2,SE1,3944.0
WEEKDAY,SE2,SE3,1653.0
WEEKDAY,SE3,SE2,1914.0
WEEKDAY,SE3,SE4,551.0
WEEKDAY,SE4,SE3,689.0
WEEKDAY,SE4,SE5,1469.0
WEEKDAY,SE5,NE16,2176.0
WEEKDAY,SE5,SE4,1513.0
WEEKDAY,SW1,NE16,3347.0
WEEKDAY,SW1,SW2,2676.0
WEEKDAY,SW2,SW1,2810.0
WEEKDAY,SW2,SW3,1836.0
WEEKDAY,SW3,SW2,1864.0
WEEKDAY,SW3,SW4,1161.0
WEEKDAY,SW4,SW3,1183.0
WEEKDAY,SW4,SW5,845.0
WEEKDAY,SW5,SW4,879.0
WEEKDAY,SW5,SW6,3366.0
WEEKDAY,SW6,SW5,3146.0
WEEKDAY,SW6,SW7,4463.0
WEEKDAY,SW7,SW6,4177.0
WEEKDAY,SW7,SW8,5176.0
WEEKDAY,SW8,NE16,5603.0
WEEKDAY,SW8,SW7,4802.0
WEEKDAY,TE1,NS9,973.0
WEEKDAY,TE3,NS9,1550.0
WEEKENDS/HOLIDAY,BP10,BP11,1879.0
WEEKENDS/HOLIDAY,BP10,BP9,108.0
WEEKENDS/HOLIDAY,BP11,BP10,76.0
WEEKENDS/HOLIDAY,BP11,BP12,3022.0
WEEKENDS/HOLIDAY,BP12,BP11,1036.0
WEEKENDS/HOLIDAY,BP12,BP13,3623.0
WEEKENDS/HOLIDAY,BP13,BP12,1478.0
WEEKENDS/HOLIDAY,BP13,DT1,4059.0
WEEKENDS/HOLIDAY,BP2,BP3,8077.0
WEEKENDS/HOLIDAY,BP2,NS4,8280.0
WEEKENDS/HOLIDAY,BP3,BP2,8267.0
WEEKENDS/HOLIDAY,BP3,BP4,8011.0
WEEKENDS/HOLIDAY,BP4,BP3,7956.0
WEEKENDS/HOLIDAY,BP4,BP5,8107.0
WEEKENDS/HOLIDAY,BP5,BP4,7998.0
WEEKENDS/HOLIDAY,BP5,DT1,8416.0
WEEKENDS/HOLIDAY,BP7,BP8,2989.0
WEEKENDS/HOLIDAY,BP7,DT1,1372.0
WEEKENDS/HOLIDAY,BP8,BP7,1287.0
WEEKENDS/HOLIDAY,BP8,BP9,2657.0
WEEKENDS/HOLIDAY,BP9,BP10,2169.0
WEEKENDS/HOLIDAY,BP9,BP8,909.0
WEEKENDS/HOLIDAY,CC10,CC11,18249.0
WEEKENDS/HOLIDAY,CC10,DT25,17501.0
WEEKENDS/HOLIDAY,CC10,DT27,27643.0
WEEKENDS/HOLIDAY,CC10,EW8,30895.0
WEEKENDS/HOLIDAY,CC11,CC10,19389.0
WEEKENDS/HOLIDAY,CC11,CC12,18722.0
WEEKENDS/HOLIDAY,CC12,CC11,19963.0
WEEKENDS/HOLIDAY,CC12,NE12,18919.0
WEEKENDS/HOLIDAY,CC14,NE12,22074.0
WEEKENDS/HOLIDAY,CC14,NS17,21557.0
WEEKENDS/HOLIDAY,CC16,CC17,13543.0
WEEKENDS/HOLIDAY,CC16,NS17,12533.0
WEEKENDS/HOLIDAY,CC17,CC16,12255.0
WEEKENDS/HOLIDAY,CC17,CC19,13991.0
WEEKENDS/HOLIDAY,CC19,CC17,12789.0
WEEKENDS/HOLIDAY,CC19,CC20,31342.0
WEEKENDS/HOLIDAY,CC19,DT10,36648.0
WEEKENDS/HOLIDAY,CC19,DT8,18013.0
WEEKENDS/HOLIDAY,CC2,CC3,2184.0
WEEKENDS/HOLIDAY,CC2,NS24,2587.0
WEEKENDS/HOLIDAY,CC20,CC19,31537.0
WEEKENDS/HOLIDAY,CC20,CC21,31128.0
WEEKENDS/HOLIDAY,CC21,CC20,31354.0
WEEKENDS/HOLIDAY,CC21,EW21,30382.0
WEEKENDS/HOLIDAY,CC23,CC24,7019.0
WEEKENDS/HOLIDAY,CC23,EW21,8187.0
WEEKENDS/HOLIDAY,CC24,CC23,7210.0
WEEKENDS/HOLIDAY,CC24,CC25,5548.0
WEEKENDS/HOLIDAY,CC25,CC24,5665.0
WEEKENDS/HOLIDAY,CC25,CC26,5141.0
WEEKENDS/HOLIDAY,CC26,CC25,5027.0
WEEKENDS/HOLIDAY,CC26,CC27,4960.0
WEEKENDS/HOLIDAY,CC27,CC26,4907.0
WEEKENDS/HOLIDAY,CC27,CC28,4916.0
WEEKENDS/HOLIDAY,CC28,CC27,5041.0
WEEKENDS/HOLIDAY,CC28,NE1,5440.0
WEEKENDS/HOLIDAY,CC3,CC2,2268.0
WEEKENDS/HOLIDAY,CC3,CC4,2059.0
WEEKENDS/HOLIDAY,CC4,CC3,1947.0
WEEKENDS/HOLIDAY,CC4,CC5,7336.0
WEEKENDS/HOLIDAY,CC4,CE1,11476.0
WEEKENDS/HOLIDAY,CC4,EW12,10710.0
WEEKENDS/HOLIDAY,CC5,CC4,7316.0
WEEKENDS/HOLIDAY,CC5,CC6,6939.0
WEEKENDS/HOLIDAY,CC6,CC5,6955.0
WEEKENDS/HOLIDAY,CC6,CC7,7588.0
WEEKENDS/HOLIDAY,CC7,CC6,7569.0
WEEKENDS/HOLIDAY,CC7,CC8,7540.0
WEEKENDS/HOLIDAY,CC8,CC7,7831.0
WEEKENDS/HOLIDAY,CC8,EW8,8097.0
WEEKENDS/HOLIDAY,CE1,CC4,11426.0
WEEKENDS/HOLIDAY,CE1,DT17,4418.0
WEEKENDS/HOLIDAY,CE1,NS27,728.0
WEEKENDS/HOLIDAY,CG1,CG2,1946.0
WEEKENDS/HOLIDAY,CG1,DT34,2114.0
WEEKENDS/HOLIDAY,CG1,EW4,3164.0
WEEKENDS/HOLIDAY,CG2,CG1,1909.0
WEEKENDS/HOLIDAY,DT1,BP13,1729.0
WEEKENDS/HOLIDAY,DT1,BP5,8089.0
WEEKENDS/HOLIDAY,DT1,BP7,3246.0
WEEKENDS/HOLIDAY,DT1,DT2,12079.0
WEEKENDS/HOLIDAY,DT10,CC19,35318.0
WEEKENDS/HOLIDAY,DT10,NS21,37577.0
WEEKENDS/HOLIDAY,DT13,EW12,37308.0
WEEKENDS/HOLIDAY,DT13,NE7,38070.0
WEEKENDS/HOLIDAY,DT17,CE1,4437.0
WEEKENDS/HOLIDAY,DT17,DT18,3953.0
WEEKENDS/HOLIDAY,DT18,DT17,3886.0
WEEKENDS/HOLIDAY,DT18,NE4,4820.0
WEEKENDS/HOLIDAY,DT2,DT1,11947.0
WEEKENDS/HOLIDAY,DT2,DT3,12420.0
WEEKENDS/HOLIDAY,DT20,DT21,14095.0
WEEKENDS/HOLIDAY,DT20,NE4,14145.0
WEEKENDS/HOLIDAY,DT21,DT20,14182.0
WEEKENDS/HOLIDAY,DT21,DT22,14982.0
WEEKENDS/HOLIDAY,DT22,DT21,14855.0
WEEKENDS/HOLIDAY,DT22,DT23,16277.0
WEEKENDS/HOLIDAY,DT23,DT22,16606.0
WEEKENDS/HOLIDAY,DT23,DT24,16644.0
WEEKENDS/HOLIDAY,DT24,DT23,16994.0
WEEKENDS/HOLIDAY,DT24,DT25,16954.0
WEEKENDS/HOLIDAY,DT25,CC10,17093.0
WEEKENDS/HOLIDAY,DT25,DT24,17352.0
WEEKENDS/HOLIDAY,DT27,CC10,28470.0
WEEKENDS/HOLIDAY,DT27,DT28,26632.0
WEEKENDS/HOLIDAY,DT28,DT27,27467.0
WEEKENDS/HOLIDAY,DT28,DT29,25064.0
WEEKENDS/HOLIDAY,DT29,DT28,25698.0
WEEKENDS/HOLIDAY,DT29,DT30,24332.0
WEEKENDS/HOLIDAY,DT3,DT2,12206.0
WEEKENDS/HOLIDAY,DT3,DT5,14380.0
WEEKENDS/HOLIDAY,DT30,DT29,24740.0
WEEKENDS/HOLIDAY,DT30,DT31,23331.0
WEEKENDS/HOLIDAY,DT31,DT30,23679.0
WEEKENDS/HOLIDAY,DT31,EW2,22561.0
WEEKENDS/HOLIDAY,DT33,DT34,2533.0
WEEKENDS/HOLIDAY,DT33,EW2,7347.0
WEEKENDS/HOLIDAY,DT34,CG1,2467.0
WEEKENDS/HOLIDAY,DT34,DT33,2299.0
WEEKENDS/HOLIDAY,DT5,DT3,13906.0
WEEKENDS/HOLIDAY,DT5,DT6,16711.0
WEEKENDS/HOLIDAY,DT6,DT5,16113.0
WEEKENDS/HOLIDAY,DT6,DT7,17545.0
WEEKENDS/HOLIDAY,DT7,DT6,16984.0
WEEKENDS/HOLIDAY,DT7,DT8,18006.0
WEEKENDS/HOLIDAY,DT8,CC19,18381.0
WEEKENDS/HOLIDAY,DT8,DT7,17641.0
WEEKENDS/HOLIDAY,EW1,EW2,12102.0
WEEKENDS/HOLIDAY,EW10,EW11,30062.0
WEEKENDS/HOLIDAY,EW10,EW9,29300.0
WEEKENDS/HOLIDAY,EW11,EW10,29944.0
WEEKENDS/HOLIDAY,EW11,EW12,31819.0
WEEKENDS/HOLIDAY,EW12,CC4,10945.0
WEEKENDS/HOLIDAY,EW12,DT13,36421.0
WEEKENDS/HOLIDAY,EW12,EW11,31850.0
WEEKENDS/HOLIDAY,EW12,NS25,8778.0
WEEKENDS/HOLIDAY,EW15,EW16,7340.0
WEEKENDS/HOLIDAY,EW15,NS26,8833.0
WEEKENDS/HOLIDAY,EW16,EW15,7794.0
WEEKENDS/HOLIDAY,EW16,EW17,19837.0
WEEKENDS/HOLIDAY,EW16,NE1,15040.0
WEEKENDS/HOLIDAY,EW16,NE4,29901.0
WEEKENDS/HOLIDAY,EW17,EW16,19543.0
WEEKENDS/HOLIDAY,EW17,EW18,18407.0
WEEKENDS/HOLIDAY,EW18,EW17,18693.0
WEEKENDS/HOLIDAY,EW18,EW19,18105.0
WEEKENDS/HOLIDAY,EW19,EW18,18569.0
WEEKENDS/HOLIDAY,EW19,EW20,18614.0
WEEKENDS/HOLIDAY,EW2,DT31,23091.0
WEEKENDS/HOLIDAY,EW2,DT33,7068.0
WEEKENDS/HOLIDAY,EW2,EW1,11436.0
WEEKENDS/HOLIDAY,EW2,EW3,7162.0
WEEKENDS/HOLIDAY,EW20,EW19,19021.0
WEEKENDS/HOLIDAY,EW20,EW21,20559.0
WEEKENDS/HOLIDAY,EW21,CC21,30800.0
WEEKENDS/HOLIDAY,EW21,CC23,8036.0
WEEKENDS/HOLIDAY,EW21,EW20,20752.0
WEEKENDS/HOLIDAY,EW21,EW22,46501.0
WEEKENDS/HOLIDAY,EW22,EW21,46734.0
WEEKENDS/HOLIDAY,EW22,EW23,46494.0
WEEKENDS/HOLIDAY,EW23,EW22,46940.0
WEEKENDS/HOLIDAY,EW23,NS1,45726.0
WEEKENDS/HOLIDAY,EW25,EW26,39154.0
WEEKENDS/HOLIDAY,EW25,NS1,41591.0
WEEKENDS/HOLIDAY,EW26,EW25,40470.0
WEEKENDS/HOLIDAY,EW26,EW27,32202.0
WEEKENDS/HOLIDAY,EW27,EW26,32091.0
WEEKENDS/HOLIDAY,EW27,EW28,17118.0
WEEKENDS/HOLIDAY,EW28,EW27,19548.0
WEEKENDS/HOLIDAY,EW28,EW29,10980.0
WEEKENDS/HOLIDAY,EW29,EW28,11172.0
WEEKENDS/HOLIDAY,EW29,EW30,4838.0
WEEKENDS/HOLIDAY,EW3,EW2,6889.0
WEEKENDS/HOLIDAY,EW3,EW4,9545.0
WEEKENDS/HOLIDAY,EW30,EW29,5254.0
WEEKENDS/HOLIDAY,EW30,EW31,3782.0
WEEKENDS/HOLIDAY,EW31,EW30,3990.0
WEEKENDS/HOLIDAY,EW31,EW32,2491.0
WEEKENDS/HOLIDAY,EW32,EW31,2515.0
WEEKENDS/HOLIDAY,EW32,EW33,1113.0
WEEKENDS/HOLIDAY,EW33,EW32,1067.0
WEEKENDS/HOLIDAY,EW4,CG1,2873.0
WEEKENDS/HOLIDAY,EW4,EW3,9232.0
WEEKENDS/HOLIDAY,EW4,EW5,14424.0
WEEKENDS/HOLIDAY,EW5,EW4,13244.0
WEEKENDS/HOLIDAY,EW5,EW6,21217.0
WEEKENDS/HOLIDAY,EW6,EW5,20073.0
WEEKENDS/HOLIDAY,EW6,EW7,22423.0
WEEKENDS/HOLIDAY,EW7,EW6,21817.0
WEEKENDS/HOLIDAY,EW7,EW8,24650.0
WEEKENDS/HOLIDAY,EW8,CC10,29079.0
WEEKENDS/HOLIDAY,EW8,CC8,8268.0
WEEKENDS/HOLIDAY,EW8,EW7,24686.0
WEEKENDS/HOLIDAY,EW8,EW9,28884.0
WEEKENDS/HOLIDAY,EW9,EW10,29495.0
WEEKENDS/HOLIDAY,EW9,EW8,28501.0
WEEKENDS/HOLIDAY,NE1,CC28,5456.0
WEEKENDS/HOLIDAY,NE1,EW16,15063.0
WEEKENDS/HOLIDAY,NE10,NE11,37065.0
WEEKENDS/HOLIDAY,NE10,NE9,39207.0
WEEKENDS/HOLIDAY,NE11,NE10,38939.0
WEEKENDS/HOLIDAY,NE11,NE12,36943.0
WEEKENDS/HOLIDAY,NE12,CC12,20032.0
WEEKENDS/HOLIDAY,NE12,CC14,21640.0
WEEKENDS/HOLIDAY,NE12,NE11,38690.0
WEEKENDS/HOLIDAY,NE12,NE13,44012.0
WEEKENDS/HOLIDAY,NE13,NE12,45679.0
WEEKENDS/HOLIDAY,NE13,NE14,41470.0
WEEKENDS/HOLIDAY,NE14,NE13,43061.0
WEEKENDS/HOLIDAY,NE14,NE15,35521.0
WEEKENDS/HOLIDAY,NE15,NE14,36922.0
WEEKENDS/HOLIDAY,NE15,NE16,31757.0
WEEKENDS/HOLIDAY,NE16,NE15,32960.0
WEEKENDS/HOLIDAY,NE16,NE17,18909.0
WEEKENDS/HOLIDAY,NE16,SE1,3767.0
WEEKENDS/HOLIDAY,NE16,SE5,1785.0
WEEKENDS/HOLIDAY,NE16,SW1,2158.0
WEEKENDS/HOLIDAY,NE16,SW8,3984.0
WEEKENDS/HOLIDAY,NE17,NE16,20039.0
WEEKENDS/HOLIDAY,NE17,PE1,4065.0
WEEKENDS/HOLIDAY,NE17,PE7,4075.0
WEEKENDS/HOLIDAY,NE17,PW1,903.0
WEEKENDS/HOLIDAY,NE17,PW7,1820.0
WEEKENDS/HOLIDAY,NE4,DT18,4871.0
WEEKENDS/HOLIDAY,NE4,DT20,14164.0
WEEKENDS/HOLIDAY,NE4,EW16,30054.0
WEEKENDS/HOLIDAY,NE4,NE5,26380.0
WEEKENDS/HOLIDAY,NE5,NE4,26917.0
WEEKENDS/HOLIDAY,NE5,NS24,27858.0
WEEKENDS/HOLIDAY,NE7,DT13,39200.0
WEEKENDS/HOLIDAY,NE7,NE8,38212.0
WEEKENDS/HOLIDAY,NE7,NS21,52887.0
WEEKENDS/HOLIDAY,NE7,NS24,58270.0
WEEKENDS/HOLIDAY,NE8,NE7,39797.0
WEEKENDS/HOLIDAY,NE8,NE9,37549.0
WEEKENDS/HOLIDAY,NE9,NE10,37331.0
WEEKENDS/HOLIDAY,NE9,NE8,40672.0
WEEKENDS/HOLIDAY,NS1,EW23,46745.0
WEEKENDS/HOLIDAY,NS1,EW25,40377.0
WEEKENDS/HOLIDAY,NS1,NS2,36922.0
WEEKENDS/HOLIDAY,NS10,NS11,36485.0
WEEKENDS/HOLIDAY,NS10,NS9,33609.0
WEEKENDS/HOLIDAY,NS11,NS10,35759.0
WEEKENDS/HOLIDAY,NS11,NS12,40446.0
WEEKENDS/HOLIDAY,NS12,NS11,39560.0
WEEKENDS/HOLIDAY,NS12,NS13,41779.0
WEEKENDS/HOLIDAY,NS13,NS12,40457.0
WEEKENDS/HOLIDAY,NS13,NS14,44065.0
WEEKENDS/HOLIDAY,NS14,NS13,44017.0
WEEKENDS/HOLIDAY,NS14,NS15,46966.0
WEEKENDS/HOLIDAY,NS15,NS14,45596.0
WEEKENDS/HOLIDAY,NS15,NS16,48000.0
WEEKENDS/HOLIDAY,NS16,NS15,46056.0
WEEKENDS/HOLIDAY,NS16,NS17,52979.0
WEEKENDS/HOLIDAY,NS17,CC14,21856.0
WEEKENDS/HOLIDAY,NS17,CC16,13956.0
WEEKENDS/HOLIDAY,NS17,NS16,52563.0
WEEKENDS/HOLIDAY,NS17,NS18,42034.0
WEEKENDS/HOLIDAY,NS18,NS17,40630.0
WEEKENDS/HOLIDAY,NS18,NS19,43344.0
WEEKENDS/HOLIDAY,NS19,NS18,41538.0
WEEKENDS/HOLIDAY,NS19,NS20,44706.0
WEEKENDS/HOLIDAY,NS2,NS1,36918.0
WEEKENDS/HOLIDAY,NS2,NS3,34537.0
WEEKENDS/HOLIDAY,NS20,NS19,43671.0
WEEKENDS/HOLIDAY,NS20,NS21,42401.0
WEEKENDS/HOLIDAY,NS21,DT10,35922.0
WEEKENDS/HOLIDAY,NS21,NE7,55114.0
WEEKENDS/HOLIDAY,NS21,NS20,41231.0
WEEKENDS/HOLIDAY,NS21,NS22,18343.0
WEEKENDS/HOLIDAY,NS22,NS21,18269.0
WEEKENDS/HOLIDAY,NS22,NS23,15008.0
WEEKENDS/HOLIDAY,NS23,NS22,16523.0
WEEKENDS/HOLIDAY,NS23,NS24,14320.0
WEEKENDS/HOLIDAY,NS24,CC2,2508.0
WEEKENDS/HOLIDAY,NS24,NE5,28305.0
WEEKENDS/HOLIDAY,NS24,NE7,56844.0
WEEKENDS/HOLIDAY,NS24,NS23,16315.0
WEEKENDS/HOLIDAY,NS24,NS25,14901.0
WEEKENDS/HOLIDAY,NS25,EW12,8905.0
WEEKENDS/HOLIDAY,NS25,NS24,14826.0
WEEKENDS/HOLIDAY,NS25,NS26,11591.0
WEEKENDS/HOLIDAY,NS26,EW15,8692.0
WEEKENDS/HOLIDAY,NS26,NS25,11912.0
WEEKENDS/HOLIDAY,NS26,NS27,1657.0
WEEKENDS/HOLIDAY,NS27,CE1,760.0
WEEKENDS/HOLIDAY,NS27,NS26,1630.0
WEEKENDS/HOLIDAY,NS27,NS28,1226.0
WEEKENDS/HOLIDAY,NS28,NS27,1387.0
WEEKENDS/HOLIDAY,NS3,NS2,35112.0
WEEKENDS/HOLIDAY,NS3,NS4,31844.0
WEEKENDS/HOLIDAY,NS4,BP2,7853.0
WEEKENDS/HOLIDAY,NS4,NS3,32304.0
WEEKENDS/HOLIDAY,NS4,NS5,30467.0
WEEKENDS/HOLIDAY,NS5,NS4,31498.0
WEEKENDS/HOLIDAY,NS5,NS7,26032.0
WEEKENDS/HOLIDAY,NS7,NS5,26786.0
WEEKENDS/HOLIDAY,NS7,NS8,26427.0
WEEKENDS/HOLIDAY,NS8,NS7,27269.0
WEEKENDS/HOLIDAY,NS8,NS9,29748.0
WEEKENDS/HOLIDAY,NS9,NS10,32060.0
WEEKENDS/HOLIDAY,NS9,NS8,28763.0
WEEKENDS/HOLIDAY,NS9,TE1,355.0
WEEKENDS/HOLIDAY,NS9,TE3,833.0
WEEKENDS/HOLIDAY,PE1,NE17,3839.0
WEEKENDS/HOLIDAY,PE1,PE2,3397.0
WEEKENDS/HOLIDAY,PE2,PE1,3322.0
WEEKENDS/HOLIDAY,PE2,PE3,2379.0
WEEKENDS/HOLIDAY,PE3,PE2,2257.0
WEEKENDS/HOLIDAY,PE3,PE4,1013.0
WEEKENDS/HOLIDAY,PE4,PE3,964.0
WEEKENDS/HOLIDAY,PE4,PE5,1479.0
WEEKENDS/HOLIDAY,PE5,PE4,1420.0
WEEKENDS/HOLIDAY,PE5,PE6,2814.0
WEEKENDS/HOLIDAY,PE6,PE5,2610.0
WEEKENDS/HOLIDAY,PE6,PE7,3880.0
WEEKENDS/HOLIDAY,PE7,NE17,4741.0
WEEKENDS/HOLIDAY,PE7,PE6,3407.0
WEEKENDS/HOLIDAY,PW1,NE17,1034.0
WEEKENDS/HOLIDAY,PW1,PW3,659.0
WEEKENDS/HOLIDAY,PW3,PW1,759.0
WEEKENDS/HOLIDAY,PW3,PW4,533.0
WEEKENDS/HOLIDAY,PW4,PW3,661.0
WEEKENDS/HOLIDAY,PW4,PW5,132.0
WEEKENDS/HOLIDAY,PW5,PW4,216.0
WEEKENDS/HOLIDAY,PW5,PW6,963.0
WEEKENDS/HOLIDAY,PW6,PW5,1055.0
WEEKENDS/HOLIDAY,PW6,PW7,1333.0
WEEKENDS/HOLIDAY,PW7,NE17,1609.0
WEEKENDS/HOLIDAY,PW7,PW6,1393.0
WEEKENDS/HOLIDAY,SE1,NE16,4012.0
WEEKENDS/HOLIDAY,SE1,SE2,2814.0
WEEKENDS/HOLIDAY,SE2,SE1,3046.0
WEEKENDS/HOLIDAY,SE2,SE3,1455.0
WEEKENDS/HOLIDAY,SE3,SE2,1600.0
WEEKENDS/HOLIDAY,SE3,SE4,565.0
WEEKENDS/HOLIDAY,SE4,SE3,671.0
WEEKENDS/HOLIDAY,SE4,SE5,1183.0
WEEKENDS/HOLIDAY,SE5,NE16,1733.0
WEEKENDS/HOLIDAY,SE5,SE4,1211.0
WEEKENDS/HOLIDAY,SW1,NE16,2286.0
WEEKENDS/HOLIDAY,SW1,SW2,1998.0
WEEKENDS/HOLIDAY,SW2,SW1,2106.0
WEEKENDS/HOLIDAY,SW2,SW3,1348.0
WEEKENDS/HOLIDAY,SW3,SW2,1359.0
WEEKENDS/HOLIDAY,SW3,SW4,887.0
WEEKENDS/HOLIDAY,SW4,SW3,880.0
WEEKENDS/HOLIDAY,SW4,SW5,656.0
WEEKENDS/HOLIDAY,SW5,SW4,654.0
WEEKENDS/HOLIDAY,SW5,SW6,2706.0
WEEKENDS/HOLIDAY,SW6,SW5,2528.0
WEEKENDS/HOLIDAY,SW6,SW7,3564.0
WEEKENDS/HOLIDAY,SW7,SW6,3308.0
WEEKENDS/HOLIDAY,SW7,SW8,4034.0
WEEKENDS/HOLIDAY,SW8,NE16,4258.0
WEEKENDS/HOLIDAY,SW8,SW7,3734.0
WEEKENDS/HOLIDAY,TE1,NS9,337.0
WEEKENDS/HOLIDAY,TE3,NS9,1110.0
