DAY_TYPE,PT_CODE,TOTAL_TAP_IN_VOLUME,TOTAL_TAP_OUT_VOLUME
WEEKDAY,BP10,2294.0,2483.0
WEEKDAY,BP11,2332.0,1953.0
WEEKDAY,BP12,1627.0,1269.0
WEEKDAY,BP13,1022.0,693.0
WEEKDAY,BP2,2048.0,1668.0
WEEKDAY,BP3,2608.0,2228.0
WEEKDAY,BP4,2041.0,1923.0
WEEKDAY,BP5,1431.0,1090.0
WEEKDAY,BP6/DT1,18290.0,19478.0
WEEKDAY,BP7,757.0,809.0
WEEKDAY,BP8,1397.0,1291.0
WEEKDAY,BP9,1544.0,1458.0
WEEKDAY,CC10/DT26,9062.0,8619.0
WEEKDAY,CC11,8704.0,8795.0
WEEKDAY,CC12,2194.0,2000.0
WEEKDAY,CC14,3234.0,3086.0
WEEKDAY,CC16,4592.0,4627.0
WEEKDAY,CC17,1937.0,1902.0
WEEKDAY,CC19/DT9,2707.0,2881.0
WEEKDAY,CC2,1130.0,1144.0
WEEKDAY,CC20,2375.0,2445.0
WEEKDAY,CC21,3553.0,3795.0
WEEKDAY,CC22/EW21,9616.0,8934.0
WEEKDAY,CC23,4198.0,4256.0
WEEKDAY,CC24,9353.0,9032.0
WEEKDAY,CC25,3641.0,3361.0
WEEKDAY,CC26,3011.0,3202.0
WEEKDAY,CC27,1518.0,1572.0
WEEKDAY,CC28,2140.0,2079.0
WEEKDAY,CC3,2228.0,1981.0
WEEKDAY,CC4/DT15,5062.0,5204.0
WEEKDAY,CC5,1794.0,1796.0
WEEKDAY,CC6,3001.0,3000.0
WEEKDAY,CC7,3104.0,3352.0
WEEKDAY,CC8,3461.0,3155.0
WEEKDAY,CE1/DT16,9200.0,9456.0
WEEKDAY,CG1/DT35,4683.0,4753.0
WEEKDAY,CG2,2507.0,2466.0
WEEKDAY,DT10,1962.0,1614.0
WEEKDAY,DT13,3718.0,3831.0
WEEKDAY,DT17,3978.0,3904.0
WEEKDAY,DT18,4416.0,4682.0
WEEKDAY,DT2,1148.0,988.0
WEEKDAY,DT20,1949.0,2020.0
WEEKDAY,DT21,2121.0,1846.0
WEEKDAY,DT22,2898.0,3131.0
WEEKDAY,DT23,1775.0,1770.0
WEEKDAY,DT24,2889.0,2899.0
WEEKDAY,DT25,2080.0,2218.0
WEEKDAY,DT27,4258.0,4329.0
WEEKDAY,DT28,6046.0,5856.0
WEEKDAY,DT29,4125.0,3775.0
WEEKDAY,DT3,3043.0,2729.0
WEEKDAY,DT30,3621.0,3458.0
WEEKDAY,DT31,4063.0,4389.0
WEEKDAY,DT33,9187.0,8617.0
WEEKDAY,DT34,1996.0,1799.0
WEEKDAY,DT5,5217.0,5218.0
WEEKDAY,DT6,2372.0,2341.0
WEEKDAY,DT7,1497.0,1750.0
WEEKDAY,DT8,1354.0,1342.0
WEEKDAY,EW1,15013.0,14448.0
WEEKDAY,EW10,5640.0,5638.0
WEEKDAY,EW11,8384.0,8585.0
WEEKDAY,EW12/DT14,16689.0,17207.0
WEEKDAY,EW13/NS25,13773.0,14205.0
WEEKDAY,EW14/NS26,14259.0,13745.0
WEEKDAY,EW15,12774.0,13372.0
WEEKDAY,EW16/NE3,16805.0,15852.0
WEEKDAY,EW17,13016.0,13758.0
WEEKDAY,EW18,8201.0,8633.0
WEEKDAY,EW19,7170.0,6718.0
WEEKDAY,EW2/DT32,26028.0,26873.0
WEEKDAY,EW20,8250.0,7892.0
WEEKDAY,EW22,3842.0,4081.0
WEEKDAY,EW23,22860.0,24362.0
WEEKDAY,EW24/NS1,35142.0,35412.0
WEEKDAY,EW25,5204.0,4970.0
WEEKDAY,EW26,19896.0,17807.0
WEEKDAY,EW27,26822.0,30835.0
WEEKDAY,EW28,16666.0,12897.0
WEEKDAY,EW29,11948.0,12346.0
WEEKDAY,EW3,9125.0,8893.0
WEEKDAY,EW30,3108.0,2658.0
WEEKDAY,EW31,3262.0,2831.0
WEEKDAY,EW32,3227.0,2944.0
WEEKDAY,EW33,1971.0,1989.0
WEEKDAY,EW4,7511.0,6664.0
WEEKDAY,EW5,17499.0,17447.0
WEEKDAY,EW6,4749.0,5626.0
WEEKDAY,EW7,7339.0,8518.0
WEEKDAY,EW8/CC9,19982.0,20470.0
WEEKDAY,EW9,10211.0,10215.0
WEEKDAY,NE1/CC29,15380.0,15724.0
WEEKDAY,NE10,7248.0,7576.0
WEEKDAY,NE11,3069.0,2917.0
WEEKDAY,NE12/CC13,13990.0,12950.0
WEEKDAY,NE13,10188.0,10222.0
WEEKDAY,NE14,15974.0,15946.0
WEEKDAY,NE15,8852.0,8634.0
WEEKDAY,NE16/STC,22117.0,22958.0
WEEKDAY,NE17/PTC,19907.0,19142.0
WEEKDAY,NE4/DT19,21118.0,20974.0
WEEKDAY,NE5,4492.0,4419.0
WEEKDAY,NE7/DT12,11066.0,11808.0
WEEKDAY,NE8,10603.0,12158.0
WEEKDAY,NE9,12645.0,11031.0
WEEKDAY,NS10,29869.0,26241.0
WEEKDAY,NS11,23605.0,23834.0
WEEKDAY,NS12,8178.0,7500.0
WEEKDAY,NS13,30187.0,32008.0
WEEKDAY,NS14,18935.0,17204.0
WEEKDAY,NS15,13564.0,12493.0
WEEKDAY,NS16,27249.0,29665.0
WEEKDAY,NS17/CC15,10078.0,5848.0
WEEKDAY,NS18,8305.0,7702.0
WEEKDAY,NS19,19635.0,20823.0
WEEKDAY,NS2,16019.0,16940.0
WEEKDAY,NS20,18166.0,17480.0
WEEKDAY,NS21/DT11,23766.0,24305.0
WEEKDAY,NS22,21659.0,23248.0
WEEKDAY,NS23,11340.0,12038.0
WEEKDAY,NS24/NE6/CC1,12868.0,11552.0
WEEKDAY,NS27/CE2,1322.0,1316.0
WEEKDAY,NS28,1001.0,957.0
WEEKDAY,NS3,11763.0,11504.0
WEEKDAY,NS4/BP1,21555.0,23270.0
WEEKDAY,NS5,18283.0,17407.0
WEEKDAY,NS7,4299.0,4665.0
WEEKDAY,NS8,14626.0,11570.0
WEEKDAY,NS9/TE2,23744.0,28922.0
WEEKDAY,PE1,1791.0,1810.0
WEEKDAY,PE2,2704.0,2611.0
WEEKDAY,PE3,2926.0,2969.0
WEEKDAY,PE4,790.0,773.0
WEEKDAY,PE5,2736.0,2585.0
WEEKDAY,PE6,3744.0,3506.0
WEEKDAY,PE7,2151.0,2134.0
WEEKDAY,PW1,338.0,360.0
WEEKDAY,PW3,280.0,302.0
WEEKDAY,PW4,1018.0,964.0
WEEKDAY,PW5,1315.0,1338.0
WEEKDAY,PW6,699.0,646.0
WEEKDAY,PW7,1198.0,1379.0
WEEKDAY,SE1,2194.0,2244.0
WEEKDAY,SE2,2973.0,2807.0
WEEKDAY,SE3,1652.0,1516.0
WEEKDAY,SE4,1925.0,1863.0
WEEKDAY,SE5,1386.0,1415.0
WEEKDAY,SW1,1360.0,1448.0
WEEKDAY,SW2,1860.0,1751.0
WEEKDAY,SW3,1340.0,1328.0
WEEKDAY,SW4,706.0,704.0
WEEKDAY,SW5,3947.0,3690.0
WEEKDAY,SW6,1870.0,1797.0
WEEKDAY,SW7,1426.0,1329.0
WEEKDAY,SW8,1149.0,1184.0
WEEKDAY,TE1,1081.0,1031.0
WEEKDAY,TE3,1675.0,1429.0
WEEKENDS/HOLIDAY,BP10,1635.0,1889.0
WEEKENDS/HOLIDAY,BP11,1569.0,1365.0
WEEKENDS/HOLIDAY,BP12,1005.0,828.0
WEEKENDS/HOLIDAY,BP13,689.0,476.0
WEEKENDS/HOLIDAY,BP2,1537.0,1301.0
WEEKENDS/HOLIDAY,BP3,2004.0,1750.0
WEEKENDS/HOLIDAY,BP4,883.0,832.0
WEEKENDS/HOLIDAY,BP5,1068.0,864.0
WEEKENDS/HOLIDAY,BP6/DT1,14454.0,15064.0
WEEKENDS/HOLIDAY,BP7,380.0,571.0
WEEKENDS/HOLIDAY,BP8,889.0,849.0
WEEKENDS/HOLIDAY,BP9,1354.0,1036.0
WEEKENDS/HOLIDAY,CC10/DT26,6336.0,5960.0
WEEKENDS/HOLIDAY,CC11,3920.0,3916.0
WEEKENDS/HOLIDAY,CC12,1656.0,1561.0
WEEKENDS/HOLIDAY,CC14,2396.0,2285.0
WEEKENDS/HOLIDAY,CC16,3087.0,3139.0
WEEKENDS/HOLIDAY,CC17,1232.0,1293.0
WEEKENDS/HOLIDAY,CC19/DT9,3606.0,3988.0
WEEKENDS/HOLIDAY,CC2,875.0,870.0
WEEKENDS/HOLIDAY,CC20,1978.0,1992.0
WEEKENDS/HOLIDAY,CC21,3298.0,3412.0
WEEKENDS/HOLIDAY,CC22/EW21,5933.0,5656.0
WEEKENDS/HOLIDAY,CC23,1511.0,1522.0
WEEKENDS/HOLIDAY,CC24,2756.0,2646.0
WEEKENDS/HOLIDAY,CC25,2592.0,2316.0
WEEKENDS/HOLIDAY,CC26,1830.0,1885.0
WEEKENDS/HOLIDAY,CC27,819.0,996.0
WEEKENDS/HOLIDAY,CC28,1800.0,1689.0
WEEKENDS/HOLIDAY,CC3,2312.0,2053.0
WEEKENDS/HOLIDAY,CC4/DT15,4374.0,4589.0
WEEKENDS/HOLIDAY,CC5,1572.0,1583.0
WEEKENDS/HOLIDAY,CC6,3727.0,3599.0
WEEKENDS/HOLIDAY,CC7,2615.0,2862.0
WEEKENDS/HOLIDAY,CC8,2944.0,2795.0
WEEKENDS/HOLIDAY,CE1/DT16,11240.0,11258.0
WEEKENDS/HOLIDAY,CG1/DT35,3220.0,3261.0
WEEKENDS/HOLIDAY,CG2,2155.0,2158.0
WEEKENDS/HOLIDAY,DT10,1586.0,1262.0
WEEKENDS/HOLIDAY,DT13,3324.0,3558.0
WEEKENDS/HOLIDAY,DT17,1503.0,1405.0
WEEKENDS/HOLIDAY,DT18,1447.0,1567.0
WEEKENDS/HOLIDAY,DT2,639.0,568.0
WEEKENDS/HOLIDAY,DT20,1611.0,1707.0
WEEKENDS/HOLIDAY,DT21,1705.0,1488.0
WEEKENDS/HOLIDAY,DT22,2887.0,3320.0
WEEKENDS/HOLIDAY,DT23,898.0,902.0
WEEKENDS/HOLIDAY,DT24,2146.0,2178.0
WEEKENDS/HOLIDAY,DT25,1389.0,1396.0
WEEKENDS/HOLIDAY,DT27,2644.0,2631.0
WEEKENDS/HOLIDAY,DT28,3849.0,3647.0
WEEKENDS/HOLIDAY,DT29,2947.0,2721.0
WEEKENDS/HOLIDAY,DT3,2934.0,2692.0
WEEKENDS/HOLIDAY,DT30,2813.0,2698.0
WEEKENDS/HOLIDAY,DT31,2860.0,3048.0
WEEKENDS/HOLIDAY,DT33,6681.0,6122.0
WEEKENDS/HOLIDAY,DT34,1486.0,1337.0
WEEKENDS/HOLIDAY,DT5,5048.0,4889.0
WEEKENDS/HOLIDAY,DT6,1868.0,1904.0
WEEKENDS/HOLIDAY,DT7,1178.0,1368.0
WEEKENDS/HOLIDAY,DT8,1078.0,1063.0
WEEKENDS/HOLIDAY,EW1,12387.0,11696.0
WEEKENDS/HOLIDAY,EW10,5568.0,5649.0
WEEKENDS/HOLIDAY,EW11,6364.0,6509.0
WEEKENDS/HOLIDAY,EW12/DT14,17337.0,18028.0
WEEKENDS/HOLIDAY,EW13/NS25,16226.0,16455.0
WEEKENDS/HOLIDAY,EW14/NS26,4994.0,4759.0
WEEKENDS/HOLIDAY,EW15,6628.0,6913.0
WEEKENDS/HOLIDAY,EW16/NE3,7686.0,7088.0
WEEKENDS/HOLIDAY,EW17,10338.0,10941.0
WEEKENDS/HOLIDAY,EW18,6036.0,6203.0
WEEKENDS/HOLIDAY,EW19,5353.0,5253.0
WEEKENDS/HOLIDAY,EW2/DT32,22063.0,22113.0
WEEKENDS/HOLIDAY,EW20,5956.0,5716.0
WEEKENDS/HOLIDAY,EW22,1799.0,2010.0
WEEKENDS/HOLIDAY,EW23,17725.0,18300.0
WEEKENDS/HOLIDAY,EW24/NS1,27621.0,27751.0
WEEKENDS/HOLIDAY,EW25,3875.0,3977.0
WEEKENDS/HOLIDAY,EW26,14748.0,13294.0
WEEKENDS/HOLIDAY,EW27,20397.0,22890.0
WEEKENDS/HOLIDAY,EW28,11500.0,9238.0
WEEKENDS/HOLIDAY,EW29,6701.0,6926.0
WEEKENDS/HOLIDAY,EW3,7110.0,7037.0
WEEKENDS/HOLIDAY,EW30,1406.0,1182.0
WEEKENDS/HOLIDAY,EW31,1651.0,1416.0
WEEKENDS/HOLIDAY,EW32,1593.0,1524.0
WEEKENDS/HOLIDAY,EW33,1228.0,1263.0
WEEKENDS/HOLIDAY,EW4,5696.0,5113.0
WEEKENDS/HOLIDAY,EW5,14892.0,14894.0
WEEKENDS/HOLIDAY,EW6,4283.0,4798.0
WEEKENDS/HOLIDAY,EW7,6201.0,6819.0
WEEKENDS/HOLIDAY,EW8/CC9,21305.0,22183.0
WEEKENDS/HOLIDAY,EW9,9349.0,9500.0
WEEKENDS/HOLIDAY,NE1/CC29,17099.0,16955.0
WEEKENDS/HOLIDAY,NE10,5918.0,5921.0
WEEKENDS/HOLIDAY,NE11,2269.0,2150.0
WEEKENDS/HOLIDAY,NE12/CC13,12385.0,11616.0
WEEKENDS/HOLIDAY,NE13,9465.0,9436.0
WEEKENDS/HOLIDAY,NE14,12948.0,12777.0
WEEKENDS/HOLIDAY,NE15,7403.0,7196.0
WEEKENDS/HOLIDAY,NE16/STC,18889.0,19462.0
WEEKENDS/HOLIDAY,NE17/PTC,18380.0,17615.0
WEEKENDS/HOLIDAY,NE4/DT19,19666.0,19951.0
WEEKENDS/HOLIDAY,NE5,3291.0,3206.0
WEEKENDS/HOLIDAY,NE7/DT12,11805.0,13077.0
WEEKENDS/HOLIDAY,NE8,11499.0,13063.0
WEEKENDS/HOLIDAY,NE9,10185.0,8948.0
WEEKENDS/HOLIDAY,NS10,21197.0,18810.0
WEEKENDS/HOLIDAY,NS11,18522.0,18288.0
WEEKENDS/HOLIDAY,NS12,6381.0,5911.0
WEEKENDS/HOLIDAY,NS13,23329.0,24521.0
WEEKENDS/HOLIDAY,NS14,14232.0,12850.0
WEEKENDS/HOLIDAY,NS15,7047.0,6446.0
WEEKENDS/HOLIDAY,NS16,22250.0,23812.0
WEEKENDS/HOLIDAY,NS17/CC15,7246.0,4425.0
WEEKENDS/HOLIDAY,NS18,6762.0,6426.0
WEEKENDS/HOLIDAY,NS19,16750.0,17537.0
WEEKENDS/HOLIDAY,NS2,11783.0,12325.0
WEEKENDS/HOLIDAY,NS20,10447.0,10208.0
WEEKENDS/HOLIDAY,NS21/DT11,20929.0,21426.0
WEEKENDS/HOLIDAY,NS22,24012.0,25469.0
WEEKENDS/HOLIDAY,NS23,11644.0,12072.0
WEEKENDS/HOLIDAY,NS24/NE6/CC1,13045.0,11952.0
WEEKENDS/HOLIDAY,NS27/CE2,893.0,1067.0
WEEKENDS/HOLIDAY,NS28,1555.0,1377.0
WEEKENDS/HOLIDAY,NS3,9537.0,9398.0
WEEKENDS/HOLIDAY,NS4/BP1,15900.0,16915.0
WEEKENDS/HOLIDAY,NS5,13159.0,12890.0
WEEKENDS/HOLIDAY,NS7,3533.0,3633.0
WEEKENDS/HOLIDAY,NS8,10897.0,9024.0
WEEKENDS/HOLIDAY,NS9/TE2,19910.0,22664.0
WEEKENDS/HOLIDAY,PE1,1442.0,1580.0
WEEKENDS/HOLIDAY,PE2,2238.0,2173.0
WEEKENDS/HOLIDAY,PE3,2518.0,2598.0
WEEKENDS/HOLIDAY,PE4,719.0,716.0
WEEKENDS/HOLIDAY,PE5,2156.0,2006.0
WEEKENDS/HOLIDAY,PE6,2933.0,2654.0
WEEKENDS/HOLIDAY,PE7,1725.0,1533.0
WEEKENDS/HOLIDAY,PW1,386.0,348.0
WEEKENDS/HOLIDAY,PW3,230.0,255.0
WEEKENDS/HOLIDAY,PW4,912.0,873.0
WEEKENDS/HOLIDAY,PW5,1145.0,1170.0
WEEKENDS/HOLIDAY,PW6,553.0,523.0
WEEKENDS/HOLIDAY,PW7,908.0,1072.0
WEEKENDS/HOLIDAY,SE1,1745.0,1747.0
WEEKENDS/HOLIDAY,SE2,2429.0,2338.0
WEEKENDS/HOLIDAY,SE3,1316.0,1277.0
WEEKENDS/HOLIDAY,SE4,1760.0,1689.0
WEEKENDS/HOLIDAY,SE5,1110.0,1117.0
WEEKENDS/HOLIDAY,SW1,727.0,694.0
WEEKENDS/HOLIDAY,SW2,1518.0,1418.0
WEEKENDS/HOLIDAY,SW3,1030.0,1010.0
WEEKENDS/HOLIDAY,SW4,565.0,577.0
WEEKENDS/HOLIDAY,SW5,3240.0,3092.0
WEEKENDS/HOLIDAY,SW6,1476.0,1400.0
WEEKENDS/HOLIDAY,SW7,1138.0,1070.0
WEEKENDS/HOLIDAY,SW8,842.0,858.0
WEEKENDS/HOLIDAY,TE1,422.0,418.0
WEEKENDS/HOLIDAY,TE3,1240.0,933.0
