DAY_TYPE,ORIGIN_PT_CODE,DESTINATION_PT_CODE,TOTAL_TRIPS
WEEKDAY,BP10,BP11,3431.0
WEEKDAY,BP10,BP9,829.0
WEEKDAY,BP11,BP10,569.0
WEEKDAY,BP11,BP12,6142.0
WEEKDAY,BP12,BP11,2557.0
WEEKDAY,BP12,BP13,8204.0
WEEKDAY,BP13,BP12,4003.0
WEEKDAY,BP13,BP6,9397.0
WEEKDAY,BP2,BP3,13579.0
WEEKDAY,BP2,NS4,14437.0
WEEKDAY,BP3,BP2,14182.0
WEEKDAY,BP3,BP4,13544.0
WEEKDAY,BP4,BP3,13367.0
WEEKDAY,BP4,BP5,13539.0
WEEKDAY,BP5,BP4,13155.0
WEEKDAY,BP5,BP6,14080.0
WEEKDAY,BP6,BP13,4644.0
WEEKDAY,BP6,BP5,13223.0
WEEKDAY,BP6,BP7,6553.0
WEEKDAY,BP7,BP6,3911.0
WEEKDAY,BP7,BP8,5854.0
WEEKDAY,BP8,BP7,3205.0
WEEKDAY,BP8,BP9,5207.0
WEEKDAY,BP9,BP10,3949.0
WEEKDAY,BP9,BP8,2318.0
WEEKDAY,CC10,CC11,56851.0
WEEKDAY,CC10,DT25,35047.0
WEEKDAY,CC10,DT27,47032.0
WEEKDAY,CC10,EW8,60518.0
WEEKDAY,CC11,CC10,56272.0
WEEKDAY,CC11,CC12,60559.0
WEEKDAY,CC12,CC11,60139.0
WEEKDAY,CC12,NE12,61738.0
WEEKDAY,CC14,NE12,120505.0
WEEKDAY,CC14,NS17,119663.0
WEEKDAY,CC16,CC17,48906.0
WEEKDAY,CC16,NS17,48001.0
WEEKDAY,CC17,CC16,46831.0
WEEKDAY,CC17,CC19,50340.0
WEEKDAY,CC19,CC17,48058.0
WEEKDAY,CC19,CC20,97745.0
WEEKDAY,CC19,DT10,95726.0
WEEKDAY,CC19,DT8,44947.0
WEEKDAY,CC2,CC3,5560.0
WEEKDAY,CC2,NS24,12024.0
WEEKDAY,CC20,CC19,98746.0
WEEKDAY,CC20,CC21,96836.0
WEEKDAY,CC21,CC20,97884.0
WEEKDAY,CC21,EW21,96449.0
WEEKDAY,CC23,CC24,31703.0
WEEKDAY,CC23,EW21,40831.0
WEEKDAY,CC24,CC23,30409.0
WEEKDAY,CC24,CC25,20683.0
WEEKDAY,CC25,CC24,18965.0
WEEKDAY,CC25,CC26,19276.0
WEEKDAY,CC26,CC25,17045.0
WEEKDAY,CC26,CC27,18714.0
WEEKDAY,CC27,CC26,16573.0
WEEKDAY,CC27,CC28,19623.0
WEEKDAY,CC28,CC27,17555.0
WEEKDAY,CC28,NE1,20787.0
WEEKDAY,CC3,CC2,9562.0
WEEKDAY,CC3,CC4,4459.0
WEEKDAY,CC4,CC3,7963.0
WEEKDAY,CC4,CC5,11496.0
WEEKDAY,CC4,CE1,54566.0
WEEKDAY,CC4,EW12,52865.0
WEEKDAY,CC5,CC4,10905.0
WEEKDAY,CC5,CC6,9188.0
WEEKDAY,CC6,CC5,8835.0
WEEKDAY,CC6,CC7,9400.0
WEEKDAY,CC7,CC6,9258.0
WEEKDAY,CC7,CC8,9330.0
WEEKDAY,CC8,CC7,9663.0
WEEKDAY,CC8,EW8,11361.0
WEEKDAY,CE1,CC4,49131.0
WEEKDAY,CE1,DT17,34489.0
WEEKDAY,CE1,NS27,4828.0
WEEKDAY,CG1,CG2,21924.0
WEEKDAY,CG1,DT34,12635.0
WEEKDAY,CG1,EW4,21513.0
WEEKDAY,CG2,CG1,21937.0
WEEKDAY,DT1,DT2,27246.0
WEEKDAY,DT10,CC19,89498.0
WEEKDAY,DT10,DT11,98223.0
WEEKDAY,DT11,DT10,91263.0
WEEKDAY,DT11,NE7,104720.0
WEEKDAY,DT13,EW12,122590.0
WEEKDAY,DT13,NE7,113862.0
WEEKDAY,DT17,CE1,32526.0
WEEKDAY,DT17,DT18,24265.0
WEEKDAY,DT18,DT17,22838.0
WEEKDAY,DT18,NE4,33775.0
WEEKDAY,DT2,DT1,25381.0
WEEKDAY,DT2,DT3,29087.0
WEEKDAY,DT20,DT21,28101.0
WEEKDAY,DT20,NE4,28997.0
WEEKDAY,DT21,DT20,28692.0
WEEKDAY,DT21,DT22,29738.0
WEEKDAY,DT22,DT21,30382.0
WEEKDAY,DT22,DT23,31678.0
WEEKDAY,DT23,DT22,32884.0
WEEKDAY,DT23,DT24,32697.0
WEEKDAY,DT24,DT23,33958.0
WEEKDAY,DT24,DT25,33429.0
WEEKDAY,DT25,CC10,34043.0
WEEKDAY,DT25,DT24,34312.0
WEEKDAY,DT27,CC10,54578.0
WEEKDAY,DT27,DT28,43913.0
WEEKDAY,DT28,DT27,51285.0
WEEKDAY,DT28,DT29,39184.0
WEEKDAY,DT29,DT28,45798.0
WEEKDAY,DT29,DT30,36871.0
WEEKDAY,DT3,DT2,26538.0
WEEKDAY,DT3,DT5,34700.0
WEEKDAY,DT30,DT29,42745.0
WEEKDAY,DT30,DT31,33520.0
WEEKDAY,DT31,DT30,38857.0
WEEKDAY,DT31,DT32,30194.0
WEEKDAY,DT32,DT31,35784.0
WEEKDAY,DT32,DT33,20287.0
WEEKDAY,DT33,DT32,27435.0
WEEKDAY,DT33,DT34,9865.0
WEEKDAY,DT34,CG1,7592.0
WEEKDAY,DT34,DT33,15426.0
WEEKDAY,DT5,DT3,31089.0
WEEKDAY,DT5,DT6,41787.0
WEEKDAY,DT6,DT5,38111.0
WEEKDAY,DT6,DT7,45570.0
WEEKDAY,DT7,DT6,41282.0
WEEKDAY,DT7,DT8,47047.0
WEEKDAY,DT8,CC19,48445.0
WEEKDAY,DT8,DT7,43573.0
WEEKDAY,EW1,EW2,29683.0
WEEKDAY,EW10,EW11,126646.0
WEEKDAY,EW10,EW9,123096.0
WEEKDAY,EW11,EW10,125539.0
WEEKDAY,EW11,EW12,132859.0
WEEKDAY,EW12,CC4,63529.0
WEEKDAY,EW12,DT13,110629.0
WEEKDAY,EW12,EW11,132242.0
WEEKDAY,EW12,NS25,53934.0
WEEKDAY,EW15,EW16,57068.0
WEEKDAY,EW15,NS26,75994.0
WEEKDAY,EW16,EW15,62250.0
WEEKDAY,EW16,EW17,74032.0
WEEKDAY,EW16,NE1,49593.0
WEEKDAY,EW16,NE4,79340.0
WEEKDAY,EW17,EW16,78834.0
WEEKDAY,EW17,EW18,67298.0
WEEKDAY,EW18,EW17,73178.0
WEEKDAY,EW18,EW19,65381.0
WEEKDAY,EW19,EW18,71932.0
WEEKDAY,EW19,EW20,66354.0
WEEKDAY,EW2,EW1,27437.0
WEEKDAY,EW2,EW3,49026.0
WEEKDAY,EW20,EW19,71607.0
WEEKDAY,EW20,EW21,69012.0
WEEKDAY,EW21,CC21,98111.0
WEEKDAY,EW21,CC23,41930.0
WEEKDAY,EW21,EW20,73627.0
WEEKDAY,EW21,EW22,149020.0
WEEKDAY,EW22,EW21,155551.0
WEEKDAY,EW22,EW23,148388.0
WEEKDAY,EW23,EW22,155105.0
WEEKDAY,EW23,NS1,143852.0
WEEKDAY,EW25,EW26,97429.0
WEEKDAY,EW25,NS1,109515.0
WEEKDAY,EW26,EW25,105425.0
WEEKDAY,EW26,EW27,81684.0
WEEKDAY,EW27,EW26,84535.0
WEEKDAY,EW27,EW28,43665.0
WEEKDAY,EW28,EW27,52479.0
WEEKDAY,EW28,EW29,29173.0
WEEKDAY,EW29,EW28,30551.0
WEEKDAY,EW29,EW30,13166.0
WEEKDAY,EW3,EW2,47275.0
WEEKDAY,EW3,EW4,57075.0
WEEKDAY,EW30,EW29,14589.0
WEEKDAY,EW30,EW31,10337.0
WEEKDAY,EW31,EW30,11277.0
WEEKDAY,EW31,EW32,7224.0
WEEKDAY,EW32,EW31,7289.0
WEEKDAY,EW32,EW33,3538.0
WEEKDAY,EW33,EW32,3398.0
WEEKDAY,EW4,CG1,27144.0
WEEKDAY,EW4,EW3,55041.0
WEEKDAY,EW4,EW5,80790.0
WEEKDAY,EW5,EW4,82816.0
WEEKDAY,EW5,EW6,98101.0
WEEKDAY,EW6,EW5,99621.0
WEEKDAY,EW6,EW7,102313.0
WEEKDAY,EW7,EW6,105351.0
WEEKDAY,EW7,EW8,108269.0
WEEKDAY,EW8,CC10,53540.0
WEEKDAY,EW8,CC8,11232.0
WEEKDAY,EW8,EW7,113263.0
WEEKDAY,EW8,EW9,120799.0
WEEKDAY,EW9,EW10,124349.0
WEEKDAY,EW9,EW8,119913.0
WEEKDAY,NE1,CC28,18858.0
WEEKDAY,NE1,EW16,50489.0
WEEKDAY,NE10,NE11,150730.0
WEEKDAY,NE10,NE9,159818.0
WEEKDAY,NE11,NE10,158899.0
WEEKDAY,NE11,NE12,150779.0
WEEKDAY,NE12,CC12,60745.0
WEEKDAY,NE12,CC14,120270.0
WEEKDAY,NE12,NE11,158521.0
WEEKDAY,NE12,NE13,118306.0
WEEKDAY,NE13,NE12,126761.0
WEEKDAY,NE13,NE14,109017.0
WEEKDAY,NE14,NE13,117197.0
WEEKDAY,NE14,NE15,91317.0
WEEKDAY,NE15,NE14,97867.0
WEEKDAY,NE15,NE16,81620.0
WEEKDAY,NE16,NE15,86622.0
WEEKDAY,NE16,NE17,44784.0
WEEKDAY,NE16,SE1,8633.0
WEEKDAY,NE16,SE5,4041.0
WEEKDAY,NE16,SW1,5598.0
WEEKDAY,NE16,SW8,9291.0
WEEKDAY,NE17,NE16,47535.0
WEEKDAY,NE17,PE1,8998.0
WEEKDAY,NE17,PE7,10173.0
WEEKDAY,NE17,PW1,1379.0
WEEKDAY,NE17,PW7,4254.0
WEEKDAY,NE4,DT18,33548.0
WEEKDAY,NE4,DT20,29550.0
WEEKDAY,NE4,EW16,78252.0
WEEKDAY,NE4,NE5,82823.0
WEEKDAY,NE5,NE4,81739.0
WEEKDAY,NE5,NS24,87926.0
WEEKDAY,NE7,DT11,98292.0
WEEKDAY,NE7,DT13,126191.0
WEEKDAY,NE7,NE8,160148.0
WEEKDAY,NE7,NS24,172764.0
WEEKDAY,NE8,NE7,168269.0
WEEKDAY,NE8,NE9,154351.0
WEEKDAY,NE9,NE10,152022.0
WEEKDAY,NE9,NE8,164793.0
WEEKDAY,NS1,EW23,151035.0
WEEKDAY,NS1,EW25,100125.0
WEEKDAY,NS1,NS2,106692.0
WEEKDAY,NS10,NS11,85579.0
WEEKDAY,NS10,NS9,78557.0
WEEKDAY,NS11,NS10,83401.0
WEEKDAY,NS11,NS12,95417.0
WEEKDAY,NS12,NS11,92710.0
WEEKDAY,NS12,NS13,95417.0
WEEKDAY,NS13,NS12,92710.0
WEEKDAY,NS13,NS14,108368.0
WEEKDAY,NS14,NS13,107936.0
WEEKDAY,NS14,NS15,119619.0
WEEKDAY,NS15,NS14,114860.0
WEEKDAY,NS15,NS16,126022.0
WEEKDAY,NS16,NS15,119849.0
WEEKDAY,NS16,NS17,143053.0
WEEKDAY,NS17,CC14,119411.0
WEEKDAY,NS17,CC16,49753.0
WEEKDAY,NS17,NS16,140613.0
WEEKDAY,NS17,NS18,80759.0
WEEKDAY,NS18,NS17,77451.0
WEEKDAY,NS18,NS19,81060.0
WEEKDAY,NS19,NS18,76273.0
WEEKDAY,NS19,NS20,81272.0
WEEKDAY,NS2,NS1,109460.0
WEEKDAY,NS2,NS3,98568.0
WEEKDAY,NS20,NS19,77866.0
WEEKDAY,NS20,NS21,70282.0
WEEKDAY,NS21,NS20,66395.0
WEEKDAY,NS21,NS22,61331.0
WEEKDAY,NS22,NS21,59714.0
WEEKDAY,NS22,NS23,66925.0
WEEKDAY,NS23,NS22,70576.0
WEEKDAY,NS23,NS24,73921.0
WEEKDAY,NS24,CC2,8249.0
WEEKDAY,NS24,NE5,89291.0
WEEKDAY,NS24,NE7,172393.0
WEEKDAY,NS24,NS23,80479.0
WEEKDAY,NS24,NS25,58219.0
WEEKDAY,NS25,EW12,55143.0
WEEKDAY,NS25,NS24,61167.0
WEEKDAY,NS25,NS26,97935.0
WEEKDAY,NS26,EW15,73310.0
WEEKDAY,NS26,NS25,103279.0
WEEKDAY,NS26,NS27,5465.0
WEEKDAY,NS27,CE1,2871.0
WEEKDAY,NS27,NS26,6916.0
WEEKDAY,NS27,NS28,1930.0
WEEKDAY,NS28,NS27,1896.0
WEEKDAY,NS3,NS2,102066.0
WEEKDAY,NS3,NS4,91040.0
WEEKDAY,NS4,BP2,13052.0
WEEKDAY,NS4,NS3,93039.0
WEEKDAY,NS4,NS5,77876.0
WEEKDAY,NS5,NS4,81260.0
WEEKDAY,NS5,NS7,68225.0
WEEKDAY,NS7,NS5,69491.0
WEEKDAY,NS7,NS8,67879.0
WEEKDAY,NS8,NS7,67784.0
WEEKDAY,NS8,NS9,73194.0
WEEKDAY,NS9,NS10,73499.0
WEEKDAY,NS9,NS8,67704.0
WEEKDAY,PE1,NE17,9649.0
WEEKDAY,PE1,PE2,7264.0
WEEKDAY,PE2,PE1,7778.0
WEEKDAY,PE2,PE3,4724.0
WEEKDAY,PE3,PE2,4779.0
WEEKDAY,PE3,PE4,1608.0
WEEKDAY,PE4,PE3,1638.0
WEEKDAY,PE4,PE5,2631.0
WEEKDAY,PE5,PE4,2576.0
WEEKDAY,PE5,PE6,6053.0
WEEKDAY,PE6,PE5,5485.0
WEEKDAY,PE6,PE7,9009.0
WEEKDAY,PE7,NE17,11342.0
WEEKDAY,PE7,PE6,8081.0
WEEKDAY,PW1,NE17,1355.0
WEEKDAY,PW1,PW3,847.0
WEEKDAY,PW3,PW1,838.0
WEEKDAY,PW3,PW4,373.0
WEEKDAY,PW4,PW3,397.0
WEEKDAY,PW4,PW5,117.0
WEEKDAY,PW5,PW4,150.0
WEEKDAY,PW5,PW6,2292.0
WEEKDAY,PW6,PW5,2829.0
WEEKDAY,PW6,PW7,3125.0
WEEKDAY,PW7,NE17,3827.0
WEEKDAY,PW7,PW6,3507.0
WEEKDAY,SE1,NE16,9820.0
WEEKDAY,SE1,SE2,6181.0
WEEKDAY,SE2,SE1,7236.0
WEEKDAY,SE2,SE3,2864.0
WEEKDAY,SE3,SE2,3373.0
WEEKDAY,SE3,SE4,797.0
WEEKDAY,SE4,SE3,927.0
WEEKDAY,SE4,SE5,2766.0
WEEKDAY,SE5,NE16,4205.0
WEEKDAY,SE5,SE4,2662.0
WEEKDAY,SW1,NE16,6225.0
WEEKDAY,SW1,SW2,4688.0
WEEKDAY,SW2,SW1,5299.0
WEEKDAY,SW2,SW3,3044.0
WEEKDAY,SW3,SW2,3317.0
WEEKDAY,SW3,SW4,2033.0
WEEKDAY,SW4,SW3,2152.0
WEEKDAY,SW4,SW5,1396.0
WEEKDAY,SW5,SW4,1446.0
WEEKDAY,SW5,SW6,6098.0
WEEKDAY,SW6,SW5,5586.0
WEEKDAY,SW6,SW7,8199.0
WEEKDAY,SW7,SW6,7385.0
WEEKDAY,SW7,SW8,9670.0
WEEKDAY,SW8,NE16,10482.0
WEEKDAY,SW8,SW7,8530.0
WEEKENDS/HOLIDAY,BP10,BP11,2866.0
WEEKENDS/HOLIDAY,BP10,BP9,244.0
WEEKENDS/HOLIDAY,BP11,BP10,183.0
WEEKENDS/HOLIDAY,BP11,BP12,4924.0
WEEKENDS/HOLIDAY,BP12,BP11,1787.0
WEEKENDS/HOLIDAY,BP12,BP13,6306.0
WEEKENDS/HOLIDAY,BP13,BP12,2800.0
WEEKENDS/HOLIDAY,BP13,BP6,7248.0
WEEKENDS/HOLIDAY,BP2,BP3,10178.0
WEEKENDS/HOLIDAY,BP2,NS4,10334.0
WEEKENDS/HOLIDAY,BP3,BP2,10338.0
WEEKENDS/HOLIDAY,BP3,BP4,10242.0
WEEKENDS/HOLIDAY,BP4,BP3,9860.0
WEEKENDS/HOLIDAY,BP4,BP5,10434.0
WEEKENDS/HOLIDAY,BP5,BP4,9931.0
WEEKENDS/HOLIDAY,BP5,BP6,10880.0
WEEKENDS/HOLIDAY,BP6,BP13,3254.0
WEEKENDS/HOLIDAY,BP6,BP5,10050.0
WEEKENDS/HOLIDAY,BP6,BP7,5222.0
WEEKENDS/HOLIDAY,BP7,BP6,2588.0
WEEKENDS/HOLIDAY,BP7,BP8,4770.0
WEEKENDS/HOLIDAY,BP8,BP7,2307.0
WEEKENDS/HOLIDAY,BP8,BP9,4222.0
WEEKENDS/HOLIDAY,BP9,BP10,3312.0
WEEKENDS/HOLIDAY,BP9,BP8,1561.0
WEEKENDS/HOLIDAY,CC10,CC11,43229.0
WEEKENDS/HOLIDAY,CC10,DT25,23639.0
WEEKENDS/HOLIDAY,CC10,DT27,32254.0
WEEKENDS/HOLIDAY,CC10,EW8,51432.0
WEEKENDS/HOLIDAY,CC11,CC10,43099.0
WEEKENDS/HOLIDAY,CC11,CC12,44178.0
WEEKENDS/HOLIDAY,CC12,CC11,43904.0
WEEKENDS/HOLIDAY,CC12,NE12,45253.0
WEEKENDS/HOLIDAY,CC14,NE12,84569.0
WEEKENDS/HOLIDAY,CC14,NS17,83309.0
WEEKENDS/HOLIDAY,CC16,CC17,26936.0
WEEKENDS/HOLIDAY,CC16,NS17,27773.0
WEEKENDS/HOLIDAY,CC17,CC16,26387.0
WEEKENDS/HOLIDAY,CC17,CC19,27570.0
WEEKENDS/HOLIDAY,CC19,CC17,27010.0
WEEKENDS/HOLIDAY,CC19,CC20,73888.0
WEEKENDS/HOLIDAY,CC19,DT10,85974.0
WEEKENDS/HOLIDAY,CC19,DT8,34795.0
WEEKENDS/HOLIDAY,CC2,CC3,6397.0
WEEKENDS/HOLIDAY,CC2,NS24,13265.0
WEEKENDS/HOLIDAY,CC20,CC19,75469.0
WEEKENDS/HOLIDAY,CC20,CC21,73139.0
WEEKENDS/HOLIDAY,CC21,CC20,74664.0
WEEKENDS/HOLIDAY,CC21,EW21,71858.0
WEEKENDS/HOLIDAY,CC23,CC24,15258.0
WEEKENDS/HOLIDAY,CC23,EW21,16636.0
WEEKENDS/HOLIDAY,CC24,CC23,14832.0
WEEKENDS/HOLIDAY,CC24,CC25,12504.0
WEEKENDS/HOLIDAY,CC25,CC24,12046.0
WEEKENDS/HOLIDAY,CC25,CC26,12313.0
WEEKENDS/HOLIDAY,CC26,CC25,11429.0
WEEKENDS/HOLIDAY,CC26,CC27,12525.0
WEEKENDS/HOLIDAY,CC27,CC26,11689.0
WEEKENDS/HOLIDAY,CC27,CC28,12602.0
WEEKENDS/HOLIDAY,CC28,CC27,11810.0
WEEKENDS/HOLIDAY,CC28,NE1,13659.0
WEEKENDS/HOLIDAY,CC3,CC2,12004.0
WEEKENDS/HOLIDAY,CC3,CC4,5302.0
WEEKENDS/HOLIDAY,CC4,CC3,10223.0
WEEKENDS/HOLIDAY,CC4,CC5,11913.0
WEEKENDS/HOLIDAY,CC4,CE1,45990.0
WEEKENDS/HOLIDAY,CC4,EW12,46479.0
WEEKENDS/HOLIDAY,CC5,CC4,11481.0
WEEKENDS/HOLIDAY,CC5,CC6,10280.0
WEEKENDS/HOLIDAY,CC6,CC5,9909.0
WEEKENDS/HOLIDAY,CC6,CC7,10787.0
WEEKENDS/HOLIDAY,CC7,CC6,10575.0
WEEKENDS/HOLIDAY,CC7,CC8,10238.0
WEEKENDS/HOLIDAY,CC8,CC7,10349.0
WEEKENDS/HOLIDAY,CC8,EW8,12060.0
WEEKENDS/HOLIDAY,CE1,CC4,44409.0
WEEKENDS/HOLIDAY,CE1,DT17,22378.0
WEEKENDS/HOLIDAY,CE1,NS27,3096.0
WEEKENDS/HOLIDAY,CG1,CG2,25391.0
WEEKENDS/HOLIDAY,CG1,DT34,9899.0
WEEKENDS/HOLIDAY,CG1,EW4,23844.0
WEEKENDS/HOLIDAY,CG2,CG1,25969.0
WEEKENDS/HOLIDAY,DT1,DT2,21989.0
WEEKENDS/HOLIDAY,DT10,CC19,82477.0
WEEKENDS/HOLIDAY,DT10,DT11,87924.0
WEEKENDS/HOLIDAY,DT11,DT10,83795.0
WEEKENDS/HOLIDAY,DT11,NE7,94353.0
WEEKENDS/HOLIDAY,DT13,EW12,111598.0
WEEKENDS/HOLIDAY,DT13,NE7,105336.0
WEEKENDS/HOLIDAY,DT17,CE1,20191.0
WEEKENDS/HOLIDAY,DT17,DT18,20982.0
WEEKENDS/HOLIDAY,DT18,DT17,18654.0
WEEKENDS/HOLIDAY,DT18,NE4,22298.0
WEEKENDS/HOLIDAY,DT2,DT1,20991.0
WEEKENDS/HOLIDAY,DT2,DT3,22858.0
WEEKENDS/HOLIDAY,DT20,DT21,17758.0
WEEKENDS/HOLIDAY,DT20,NE4,17207.0
WEEKENDS/HOLIDAY,DT21,DT20,16947.0
WEEKENDS/HOLIDAY,DT21,DT22,18749.0
WEEKENDS/HOLIDAY,DT22,DT21,17925.0
WEEKENDS/HOLIDAY,DT22,DT23,23032.0
WEEKENDS/HOLIDAY,DT23,DT22,22809.0
WEEKENDS/HOLIDAY,DT23,DT24,23353.0
WEEKENDS/HOLIDAY,DT24,DT23,23193.0
WEEKENDS/HOLIDAY,DT24,DT25,23558.0
WEEKENDS/HOLIDAY,DT25,CC10,23905.0
WEEKENDS/HOLIDAY,DT25,DT24,23364.0
WEEKENDS/HOLIDAY,DT27,CC10,38122.0
WEEKENDS/HOLIDAY,DT27,DT28,29468.0
WEEKENDS/HOLIDAY,DT28,DT27,35135.0
WEEKENDS/HOLIDAY,DT28,DT29,25341.0
WEEKENDS/HOLIDAY,DT29,DT28,30680.0
WEEKENDS/HOLIDAY,DT29,DT30,24045.0
WEEKENDS/HOLIDAY,DT3,DT2,21447.0
WEEKENDS/HOLIDAY,DT3,DT5,26800.0
WEEKENDS/HOLIDAY,DT30,DT29,28975.0
WEEKENDS/HOLIDAY,DT30,DT31,22122.0
WEEKENDS/HOLIDAY,DT31,DT30,26811.0
WEEKENDS/HOLIDAY,DT31,DT32,20621.0
WEEKENDS/HOLIDAY,DT32,DT31,25600.0
WEEKENDS/HOLIDAY,DT32,DT33,13949.0
WEEKENDS/HOLIDAY,DT33,DT32,19498.0
WEEKENDS/HOLIDAY,DT33,DT34,6433.0
WEEKENDS/HOLIDAY,DT34,CG1,5185.0
WEEKENDS/HOLIDAY,DT34,DT33,11284.0
WEEKENDS/HOLIDAY,DT5,DT3,24639.0
WEEKENDS/HOLIDAY,DT5,DT6,32560.0
WEEKENDS/HOLIDAY,DT6,DT5,30443.0
WEEKENDS/HOLIDAY,DT6,DT7,34639.0
WEEKENDS/HOLIDAY,DT7,DT6,32403.0
WEEKENDS/HOLIDAY,DT7,DT8,35745.0
WEEKENDS/HOLIDAY,DT8,CC19,36682.0
WEEKENDS/HOLIDAY,DT8,DT7,33862.0
WEEKENDS/HOLIDAY,EW1,EW2,22925.0
WEEKENDS/HOLIDAY,EW10,EW11,106772.0
WEEKENDS/HOLIDAY,EW10,EW9,102444.0
WEEKENDS/HOLIDAY,EW11,EW10,104836.0
WEEKENDS/HOLIDAY,EW11,EW12,110896.0
WEEKENDS/HOLIDAY,EW12,CC4,54440.0
WEEKENDS/HOLIDAY,EW12,DT13,102467.0
WEEKENDS/HOLIDAY,EW12,EW11,109450.0
WEEKENDS/HOLIDAY,EW12,NS25,35745.0
WEEKENDS/HOLIDAY,EW15,EW16,35098.0
WEEKENDS/HOLIDAY,EW15,NS26,41683.0
WEEKENDS/HOLIDAY,EW16,EW15,37303.0
WEEKENDS/HOLIDAY,EW16,EW17,49598.0
WEEKENDS/HOLIDAY,EW16,NE1,43400.0
WEEKENDS/HOLIDAY,EW16,NE4,62921.0
WEEKENDS/HOLIDAY,EW17,EW16,51439.0
WEEKENDS/HOLIDAY,EW17,EW18,45208.0
WEEKENDS/HOLIDAY,EW18,EW17,48116.0
WEEKENDS/HOLIDAY,EW18,EW19,43871.0
WEEKENDS/HOLIDAY,EW19,EW18,47176.0
WEEKENDS/HOLIDAY,EW19,EW20,43673.0
WEEKENDS/HOLIDAY,EW2,EW1,21926.0
WEEKENDS/HOLIDAY,EW2,EW3,39302.0
WEEKENDS/HOLIDAY,EW20,EW19,46885.0
WEEKENDS/HOLIDAY,EW20,EW21,45207.0
WEEKENDS/HOLIDAY,EW21,CC21,73645.0
WEEKENDS/HOLIDAY,EW21,CC23,17062.0
WEEKENDS/HOLIDAY,EW21,EW20,48183.0
WEEKENDS/HOLIDAY,EW21,EW22,113501.0
WEEKENDS/HOLIDAY,EW22,EW21,118007.0
WEEKENDS/HOLIDAY,EW22,EW23,113138.0
WEEKENDS/HOLIDAY,EW23,EW22,118085.0
WEEKENDS/HOLIDAY,EW23,NS1,109526.0
WEEKENDS/HOLIDAY,EW25,EW26,76805.0
WEEKENDS/HOLIDAY,EW25,NS1,84140.0
WEEKENDS/HOLIDAY,EW26,EW25,81187.0
WEEKENDS/HOLIDAY,EW26,EW27,63371.0
WEEKENDS/HOLIDAY,EW27,EW26,64272.0
WEEKENDS/HOLIDAY,EW27,EW28,32558.0
WEEKENDS/HOLIDAY,EW28,EW27,36347.0
WEEKENDS/HOLIDAY,EW28,EW29,19610.0
WEEKENDS/HOLIDAY,EW29,EW28,19075.0
WEEKENDS/HOLIDAY,EW29,EW30,9843.0
WEEKENDS/HOLIDAY,EW3,EW2,38143.0
WEEKENDS/HOLIDAY,EW3,EW4,44538.0
WEEKENDS/HOLIDAY,EW30,EW29,9922.0
WEEKENDS/HOLIDAY,EW30,EW31,8159.0
WEEKENDS/HOLIDAY,EW31,EW30,7825.0
WEEKENDS/HOLIDAY,EW31,EW32,6334.0
WEEKENDS/HOLIDAY,EW32,EW31,5317.0
WEEKENDS/HOLIDAY,EW32,EW33,3325.0
WEEKENDS/HOLIDAY,EW33,EW32,2951.0
WEEKENDS/HOLIDAY,EW4,CG1,28434.0
WEEKENDS/HOLIDAY,EW4,EW3,43464.0
WEEKENDS/HOLIDAY,EW4,EW5,67578.0
WEEKENDS/HOLIDAY,EW5,EW4,70412.0
WEEKENDS/HOLIDAY,EW5,EW6,80593.0
WEEKENDS/HOLIDAY,EW6,EW5,83002.0
WEEKENDS/HOLIDAY,EW6,EW7,83524.0
WEEKENDS/HOLIDAY,EW7,EW6,86476.0
WEEKENDS/HOLIDAY,EW7,EW8,88272.0
WEEKENDS/HOLIDAY,EW8,CC10,44800.0
WEEKENDS/HOLIDAY,EW8,CC8,11911.0
WEEKENDS/HOLIDAY,EW8,EW7,92243.0
WEEKENDS/HOLIDAY,EW8,EW9,101802.0
WEEKENDS/HOLIDAY,EW9,EW10,104596.0
WEEKENDS/HOLIDAY,EW9,EW8,99690.0
WEEKENDS/HOLIDAY,NE1,CC28,12756.0
WEEKENDS/HOLIDAY,NE1,EW16,44518.0
WEEKENDS/HOLIDAY,NE10,NE11,113973.0
WEEKENDS/HOLIDAY,NE10,NE9,121224.0
WEEKENDS/HOLIDAY,NE11,NE10,119723.0
WEEKENDS/HOLIDAY,NE11,NE12,113428.0
WEEKENDS/HOLIDAY,NE12,CC12,44688.0
WEEKENDS/HOLIDAY,NE12,CC14,83879.0
WEEKENDS/HOLIDAY,NE12,NE11,118873.0
WEEKENDS/HOLIDAY,NE12,NE13,88761.0
WEEKENDS/HOLIDAY,NE13,NE12,94037.0
WEEKENDS/HOLIDAY,NE13,NE14,81827.0
WEEKENDS/HOLIDAY,NE14,NE13,86711.0
WEEKENDS/HOLIDAY,NE14,NE15,68935.0
WEEKENDS/HOLIDAY,NE15,NE14,72671.0
WEEKENDS/HOLIDAY,NE15,NE16,62123.0
WEEKENDS/HOLIDAY,NE16,NE15,65453.0
WEEKENDS/HOLIDAY,NE16,NE17,36938.0
WEEKENDS/HOLIDAY,NE16,SE1,7046.0
WEEKENDS/HOLIDAY,NE16,SE5,3247.0
WEEKENDS/HOLIDAY,NE16,SW1,4295.0
WEEKENDS/HOLIDAY,NE16,SW8,7542.0
WEEKENDS/HOLIDAY,NE17,NE16,38915.0
WEEKENDS/HOLIDAY,NE17,PE1,7228.0
WEEKENDS/HOLIDAY,NE17,PE7,7980.0
WEEKENDS/HOLIDAY,NE17,PW1,1307.0
WEEKENDS/HOLIDAY,NE17,PW7,3953.0
WEEKENDS/HOLIDAY,NE4,DT18,20400.0
WEEKENDS/HOLIDAY,NE4,DT20,18958.0
WEEKENDS/HOLIDAY,NE4,EW16,62146.0
WEEKENDS/HOLIDAY,NE4,NE5,64847.0
WEEKENDS/HOLIDAY,NE5,NE4,64086.0
WEEKENDS/HOLIDAY,NE5,NS24,67393.0
WEEKENDS/HOLIDAY,NE7,DT11,89704.0
WEEKENDS/HOLIDAY,NE7,DT13,114911.0
WEEKENDS/HOLIDAY,NE7,NE8,124393.0
WEEKENDS/HOLIDAY,NE7,NS24,138694.0
WEEKENDS/HOLIDAY,NE8,NE7,129858.0
WEEKENDS/HOLIDAY,NE8,NE9,117901.0
WEEKENDS/HOLIDAY,NE9,NE10,115332.0
WEEKENDS/HOLIDAY,NE9,NE8,126078.0
WEEKENDS/HOLIDAY,NS1,EW23,114082.0
WEEKENDS/HOLIDAY,NS1,EW25,79559.0
WEEKENDS/HOLIDAY,NS1,NS2,77420.0
WEEKENDS/HOLIDAY,NS10,NS11,68298.0
WEEKENDS/HOLIDAY,NS10,NS9,59891.0
WEEKENDS/HOLIDAY,NS11,NS10,64782.0
WEEKENDS/HOLIDAY,NS11,NS12,76791.0
WEEKENDS/HOLIDAY,NS12,NS11,73164.0
WEEKENDS/HOLIDAY,NS12,NS13,76791.0
WEEKENDS/HOLIDAY,NS13,NS12,73164.0
WEEKENDS/HOLIDAY,NS13,NS14,85084.0
WEEKENDS/HOLIDAY,NS14,NS13,82685.0
WEEKENDS/HOLIDAY,NS14,NS15,92645.0
WEEKENDS/HOLIDAY,NS15,NS14,87263.0
WEEKENDS/HOLIDAY,NS15,NS16,96887.0
WEEKENDS/HOLIDAY,NS16,NS15,90223.0
WEEKENDS/HOLIDAY,NS16,NS17,110213.0
WEEKENDS/HOLIDAY,NS17,CC14,83834.0
WEEKENDS/HOLIDAY,NS17,CC16,28231.0
WEEKENDS/HOLIDAY,NS17,NS16,105945.0
WEEKENDS/HOLIDAY,NS17,NS18,65832.0
WEEKENDS/HOLIDAY,NS18,NS17,61440.0
WEEKENDS/HOLIDAY,NS18,NS19,66378.0
WEEKENDS/HOLIDAY,NS19,NS18,61131.0
WEEKENDS/HOLIDAY,NS19,NS20,68298.0
WEEKENDS/HOLIDAY,NS2,NS1,78926.0
WEEKENDS/HOLIDAY,NS2,NS3,71646.0
WEEKENDS/HOLIDAY,NS20,NS19,63992.0
WEEKENDS/HOLIDAY,NS20,NS21,64019.0
WEEKENDS/HOLIDAY,NS21,NS20,59338.0
WEEKENDS/HOLIDAY,NS21,NS22,57578.0
WEEKENDS/HOLIDAY,NS22,NS21,55955.0
WEEKENDS/HOLIDAY,NS22,NS23,67621.0
WEEKENDS/HOLIDAY,NS23,NS22,70292.0
WEEKENDS/HOLIDAY,NS23,NS24,74492.0
WEEKENDS/HOLIDAY,NS24,CC2,7866.0
WEEKENDS/HOLIDAY,NS24,NE5,68569.0
WEEKENDS/HOLIDAY,NS24,NE7,140962.0
WEEKENDS/HOLIDAY,NS24,NS23,78233.0
WEEKENDS/HOLIDAY,NS24,NS25,31286.0
WEEKENDS/HOLIDAY,NS25,EW12,36315.0
WEEKENDS/HOLIDAY,NS25,NS24,32089.0
WEEKENDS/HOLIDAY,NS25,NS26,46863.0
WEEKENDS/HOLIDAY,NS26,EW15,40224.0
WEEKENDS/HOLIDAY,NS26,NS25,47932.0
WEEKENDS/HOLIDAY,NS26,NS27,3206.0
WEEKENDS/HOLIDAY,NS27,CE1,2029.0
WEEKENDS/HOLIDAY,NS27,NS26,3219.0
WEEKENDS/HOLIDAY,NS27,NS28,2206.0
WEEKENDS/HOLIDAY,NS28,NS27,2459.0
WEEKENDS/HOLIDAY,NS3,NS2,73970.0
WEEKENDS/HOLIDAY,NS3,NS4,66530.0
WEEKENDS/HOLIDAY,NS4,BP2,9727.0
WEEKENDS/HOLIDAY,NS4,NS3,68121.0
WEEKENDS/HOLIDAY,NS4,NS5,57712.0
WEEKENDS/HOLIDAY,NS5,NS4,60419.0
WEEKENDS/HOLIDAY,NS5,NS7,50089.0
WEEKENDS/HOLIDAY,NS7,NS5,52265.0
WEEKENDS/HOLIDAY,NS7,NS8,49664.0
WEEKENDS/HOLIDAY,NS8,NS7,49438.0
WEEKENDS/HOLIDAY,NS8,NS9,54199.0
WEEKENDS/HOLIDAY,NS9,NS10,59055.0
WEEKENDS/HOLIDAY,NS9,NS8,50118.0
WEEKENDS/HOLIDAY,PE1,NE17,7853.0
WEEKENDS/HOLIDAY,PE1,PE2,5909.0
WEEKENDS/HOLIDAY,PE2,PE1,6381.0
WEEKENDS/HOLIDAY,PE2,PE3,3875.0
WEEKENDS/HOLIDAY,PE3,PE2,4028.0
WEEKENDS/HOLIDAY,PE3,PE4,1368.0
WEEKENDS/HOLIDAY,PE4,PE3,1413.0
WEEKENDS/HOLIDAY,PE4,PE5,2233.0
WEEKENDS/HOLIDAY,PE5,PE4,2302.0
WEEKENDS/HOLIDAY,PE5,PE6,4908.0
WEEKENDS/HOLIDAY,PE6,PE5,4604.0
WEEKENDS/HOLIDAY,PE6,PE7,7101.0
WEEKENDS/HOLIDAY,PE7,NE17,8939.0
WEEKENDS/HOLIDAY,PE7,PE6,6461.0
WEEKENDS/HOLIDAY,PW1,NE17,1396.0
WEEKENDS/HOLIDAY,PW1,PW3,691.0
WEEKENDS/HOLIDAY,PW3,PW1,772.0
WEEKENDS/HOLIDAY,PW3,PW4,326.0
WEEKENDS/HOLIDAY,PW4,PW3,388.0
WEEKENDS/HOLIDAY,PW4,PW5,77.0
WEEKENDS/HOLIDAY,PW5,PW4,97.0
WEEKENDS/HOLIDAY,PW5,PW6,2683.0
WEEKENDS/HOLIDAY,PW6,PW5,2700.0
WEEKENDS/HOLIDAY,PW6,PW7,3373.0
WEEKENDS/HOLIDAY,PW7,NE17,3916.0
WEEKENDS/HOLIDAY,PW7,PW6,3271.0
WEEKENDS/HOLIDAY,SE1,NE16,7776.0
WEEKENDS/HOLIDAY,SE1,SE2,5178.0
WEEKENDS/HOLIDAY,SE2,SE1,5815.0
WEEKENDS/HOLIDAY,SE2,SE3,2564.0
WEEKENDS/HOLIDAY,SE3,SE2,2898.0
WEEKENDS/HOLIDAY,SE3,SE4,841.0
WEEKENDS/HOLIDAY,SE4,SE3,977.0
WEEKENDS/HOLIDAY,SE4,SE5,2159.0
WEEKENDS/HOLIDAY,SE5,NE16,3384.0
WEEKENDS/HOLIDAY,SE5,SE4,2103.0
WEEKENDS/HOLIDAY,SW1,NE16,4675.0
WEEKENDS/HOLIDAY,SW1,SW2,3900.0
WEEKENDS/HOLIDAY,SW2,SW1,4268.0
WEEKENDS/HOLIDAY,SW2,SW3,2558.0
WEEKENDS/HOLIDAY,SW3,SW2,2657.0
WEEKENDS/HOLIDAY,SW3,SW4,1817.0
WEEKENDS/HOLIDAY,SW4,SW3,1830.0
WEEKENDS/HOLIDAY,SW4,SW5,1298.0
WEEKENDS/HOLIDAY,SW5,SW4,1331.0
WEEKENDS/HOLIDAY,SW5,SW6,5213.0
WEEKENDS/HOLIDAY,SW6,SW5,4886.0
WEEKENDS/HOLIDAY,SW6,SW7,6733.0
WEEKENDS/HOLIDAY,SW7,SW6,6259.0
WEEKENDS/HOLIDAY,SW7,SW8,7759.0
WEEKENDS/HOLIDAY,SW8,NE16,8252.0
WEEKENDS/HOLIDAY,SW8,SW7,7099.0
