DAY_TYPE,ORIGIN_PT_CODE,DESTINATION_PT_CODE,TOTAL_TRIPS
WEEKDAY,BP10,BP11,2911.0
WEEKDAY,BP10,BP9,723.0
WEEKDAY,BP11,BP10,506.0
WEEKDAY,BP11,BP12,5020.0
WEEKDAY,BP12,BP11,2152.0
WEEKDAY,BP12,BP13,6695.0
WEEKDAY,BP13,BP12,3342.0
WEEKDAY,BP13,DT1,7465.0
WEEKDAY,BP2,BP3,13571.0
WEEKDAY,BP2,NS4,13978.0
WEEKDAY,BP3,BP2,13888.0
WEEKDAY,BP3,BP4,13398.0
WEEKDAY,BP4,BP3,13345.0
WEEKDAY,BP4,BP5,13046.0
WEEKDAY,BP5,BP4,12852.0
WEEKDAY,BP5,DT1,13600.0
WEEKDAY,BP7,BP8,4833.0
WEEKDAY,BP7,DT1,2924.0
WEEKDAY,BP8,BP7,2458.0
WEEKDAY,BP8,BP9,4500.0
WEEKDAY,BP9,BP10,3336.0
WEEKDAY,BP9,BP8,1935.0
WEEKDAY,CC10,CC11,29897.0
WEEKDAY,CC10,DT25,29345.0
WEEKDAY,CC10,DT27,45136.0
WEEKDAY,CC10,EW8,41887.0
WEEKDAY,CC11,CC10,31514.0
WEEKDAY,CC11,CC12,31823.0
WEEKDAY,CC12,CC11,33864.0
WEEKDAY,CC12,NE12,33248.0
WEEKDAY,CC14,NE12,40833.0
WEEKDAY,CC14,NS17,39897.0
WEEKDAY,CC16,CC17,28851.0
WEEKDAY,CC16,NS17,27271.0
WEEKDAY,CC17,CC16,26700.0
WEEKDAY,CC17,CC19,29711.0
WEEKDAY,CC19,CC17,27500.0
WEEKDAY,CC19,CC20,52479.0
WEEKDAY,CC19,DT10,50168.0
WEEKDAY,CC19,DT8,28365.0
WEEKDAY,CC2,CC3,2285.0
WEEKDAY,CC2,NS24,3032.0
WEEKDAY,CC20,CC19,51876.0
WEEKDAY,CC20,CC21,52034.0
WEEKDAY,CC21,CC20,51518.0
WEEKDAY,CC21,EW21,51205.0
WEEKDAY,CC23,CC24,15670.0
WEEKDAY,CC23,EW21,19123.0
WEEKDAY,CC24,CC23,15428.0
WEEKDAY,CC24,CC25,9189.0
WEEKDAY,CC25,CC24,8805.0
WEEKDAY,CC25,CC26,7912.0
WEEKDAY,CC26,CC25,7338.0
WEEKDAY,CC26,CC27,7231.0
WEEKDAY,CC27,CC26,6879.0
WEEKDAY,CC27,CC28,7190.0
WEEKDAY,CC28,CC27,6941.0
WEEKDAY,CC28,NE1,7556.0
WEEKDAY,CC3,CC2,2404.0
WEEKDAY,CC3,CC4,2051.0
WEEKDAY,CC4,CC3,1896.0
WEEKDAY,CC4,CC5,8996.0
WEEKDAY,CC4,CE1,12616.0
WEEKDAY,CC4,EW12,12667.0
WEEKDAY,CC5,CC4,8796.0
WEEKDAY,CC5,CC6,8380.0
WEEKDAY,CC6,CC5,8253.0
WEEKDAY,CC6,CC7,8830.0
WEEKDAY,CC7,CC6,8861.0
WEEKDAY,CC7,CC8,9905.0
WEEKDAY,CC8,CC7,10070.0
WEEKDAY,CC8,EW8,12023.0
WEEKDAY,CE1,CC4,12524.0
WEEKDAY,CE1,DT17,6997.0
WEEKDAY,CE1,NS27,639.0
WEEKDAY,CG1,CG2,2800.0
WEEKDAY,CG1,DT34,3250.0
WEEKDAY,CG1,EW4,5217.0
WEEKDAY,CG2,CG1,2815.0
WEEKDAY,DT1,BP13,3719.0
WEEKDAY,DT1,BP5,13023.0
WEEKDAY,DT1,BP7,5298.0
WEEKDAY,DT1,DT2,18345.0
WEEKDAY,DT10,CC19,47802.0
WEEKDAY,DT10,NS21,51563.0
WEEKDAY,DT13,EW12,47316.0
WEEKDAY,DT13,NE7,48009.0
WEEKDAY,DT17,CE1,7008.0
WEEKDAY,DT17,DT18,4866.0
WEEKDAY,DT18,DT17,4824.0
WEEKDAY,DT18,NE4,8360.0
WEEKDAY,DT2,DT1,18378.0
WEEKDAY,DT2,DT3,19163.0
WEEKDAY,DT20,DT21,24022.0
WEEKDAY,DT20,NE4,23870.0
WEEKDAY,DT21,DT20,24026.0
WEEKDAY,DT21,DT22,25456.0
WEEKDAY,DT22,DT21,25152.0
WEEKDAY,DT22,DT23,26867.0
WEEKDAY,DT23,DT22,26836.0
WEEKDAY,DT23,DT24,27780.0
WEEKDAY,DT24,DT23,27757.0
WEEKDAY,DT24,DT25,28578.0
WEEKDAY,DT25,CC10,29182.0
WEEKDAY,DT25,DT24,28569.0
WEEKDAY,DT27,CC10,44561.0
WEEKDAY,DT27,DT28,43627.0
WEEKDAY,DT28,DT27,43052.0
WEEKDAY,DT28,DT29,40975.0
WEEKDAY,DT29,DT28,40322.0
WEEKDAY,DT29,DT30,39740.0
WEEKDAY,DT3,DT2,18811.0
WEEKDAY,DT3,DT5,22070.0
WEEKDAY,DT30,DT29,38691.0
WEEKDAY,DT30,DT31,37679.0
WEEKDAY,DT31,DT30,36564.0
WEEKDAY,DT31,EW2,35677.0
WEEKDAY,DT33,DT34,4179.0
WEEKDAY,DT33,EW2,12144.0
WEEKDAY,DT34,CG1,3867.0
WEEKDAY,DT34,DT33,3677.0
WEEKDAY,DT5,DT3,21411.0
WEEKDAY,DT5,DT6,25413.0
WEEKDAY,DT6,DT5,24826.0
WEEKDAY,DT6,DT7,27344.0
WEEKDAY,DT7,DT6,26509.0
WEEKDAY,DT7,DT8,28066.0
WEEKDAY,DT8,CC19,29436.0
WEEKDAY,DT8,DT7,27393.0
WEEKDAY,EW1,EW2,17737.0
WEEKDAY,EW10,EW11,38773.0
WEEKDAY,EW10,EW9,38748.0
WEEKDAY,EW11,EW10,39323.0
WEEKDAY,EW11,EW12,41771.0
WEEKDAY,EW12,CC4,13118.0
WEEKDAY,EW12,DT13,45732.0
WEEKDAY,EW12,EW11,42464.0
WEEKDAY,EW12,NS25,12780.0
WEEKDAY,EW15,EW16,14030.0
WEEKDAY,EW15,NS26,17051.0
WEEKDAY,EW16,EW15,15112.0
WEEKDAY,EW16,EW17,33351.0
WEEKDAY,EW16,NE1,17313.0
WEEKDAY,EW16,NE4,44838.0
WEEKDAY,EW17,EW16,33281.0
WEEKDAY,EW17,EW18,31618.0
WEEKDAY,EW18,EW17,32477.0
WEEKDAY,EW18,EW19,31715.0
WEEKDAY,EW19,EW18,32954.0
WEEKDAY,EW19,EW20,33665.0
WEEKDAY,EW2,DT31,34911.0
WEEKDAY,EW2,DT33,12194.0
WEEKDAY,EW2,EW1,17455.0
WEEKDAY,EW2,EW3,10386.0
WEEKDAY,EW20,EW19,34540.0
WEEKDAY,EW20,EW21,37191.0
WEEKDAY,EW21,CC21,51045.0
WEEKDAY,EW21,CC23,19393.0
WEEKDAY,EW21,EW20,37717.0
WEEKDAY,EW21,EW22,77709.0
WEEKDAY,EW22,EW21,77216.0
WEEKDAY,EW22,EW23,78178.0
WEEKDAY,EW23,EW22,77715.0
WEEKDAY,EW23,NS1,77487.0
WEEKDAY,EW25,EW26,64894.0
WEEKDAY,EW25,NS1,68992.0
WEEKDAY,EW26,EW25,67324.0
WEEKDAY,EW26,EW27,55371.0
WEEKDAY,EW27,EW26,55471.0
WEEKDAY,EW27,EW28,31311.0
WEEKDAY,EW28,EW27,36208.0
WEEKDAY,EW28,EW29,21815.0
WEEKDAY,EW29,EW28,22442.0
WEEKDAY,EW29,EW30,10104.0
WEEKDAY,EW3,EW2,10509.0
WEEKDAY,EW3,EW4,14051.0
WEEKDAY,EW30,EW29,11098.0
WEEKDAY,EW30,EW31,7528.0
WEEKDAY,EW31,EW30,8064.0
WEEKDAY,EW31,EW32,4774.0
WEEKDAY,EW32,EW31,4955.0
WEEKDAY,EW32,EW33,1866.0
WEEKDAY,EW33,EW32,1843.0
WEEKDAY,EW4,CG1,4703.0
WEEKDAY,EW4,EW3,14188.0
WEEKDAY,EW4,EW5,22200.0
WEEKDAY,EW5,EW4,20819.0
WEEKDAY,EW5,EW6,31714.0
WEEKDAY,EW6,EW5,30298.0
WEEKDAY,EW6,EW7,33281.0
WEEKDAY,EW7,EW6,33059.0
WEEKDAY,EW7,EW8,36047.0
WEEKDAY,EW8,CC10,40778.0
WEEKDAY,EW8,CC8,11511.0
WEEKDAY,EW8,EW7,37274.0
WEEKDAY,EW8,EW9,37586.0
WEEKDAY,EW9,EW10,38336.0
WEEKDAY,EW9,EW8,38132.0
WEEKDAY,NE1,CC28,7238.0
WEEKDAY,NE1,EW16,17087.0
WEEKDAY,NE10,NE11,53055.0
WEEKDAY,NE10,NE9,53732.0
WEEKDAY,NE11,NE10,54472.0
WEEKDAY,NE11,NE12,53567.0
WEEKDAY,NE12,CC12,34800.0
WEEKDAY,NE12,CC14,39907.0
WEEKDAY,NE12,NE11,54718.0
WEEKDAY,NE12,NE13,69413.0
WEEKDAY,NE13,NE12,69898.0
WEEKDAY,NE13,NE14,65363.0
WEEKDAY,NE14,NE13,66091.0
WEEKDAY,NE14,NE15,56525.0
WEEKDAY,NE15,NE14,57226.0
WEEKDAY,NE15,NE16,50482.0
WEEKDAY,NE16,NE15,51020.0
WEEKDAY,NE16,NE17,28764.0
WEEKDAY,NE16,SE1,6271.0
WEEKDAY,NE16,SE5,3135.0
WEEKDAY,NE16,SW1,4039.0
WEEKDAY,NE16,SW8,6890.0
WEEKDAY,NE17,NE16,29518.0
WEEKDAY,NE17,PE1,6618.0
WEEKDAY,NE17,PE7,7329.0
WEEKDAY,NE17,PW1,1315.0
WEEKDAY,NE17,PW7,2837.0
WEEKDAY,NE4,DT18,8634.0
WEEKDAY,NE4,DT20,23965.0
WEEKDAY,NE4,EW16,45234.0
WEEKDAY,NE4,NE5,36932.0
WEEKDAY,NE5,NE4,37527.0
WEEKDAY,NE5,NS24,39393.0
WEEKDAY,NE7,DT13,49763.0
WEEKDAY,NE7,NE8,52744.0
WEEKDAY,NE7,NS21,73038.0
WEEKDAY,NE7,NS24,79496.0
WEEKDAY,NE8,NE7,53716.0
WEEKDAY,NE8,NE9,52003.0
WEEKDAY,NE9,NE10,52534.0
WEEKDAY,NE9,NE8,54764.0
WEEKDAY,NS1,EW23,78740.0
WEEKDAY,NS1,EW25,66325.0
WEEKDAY,NS1,NS2,65077.0
WEEKDAY,NS10,NS11,57480.0
WEEKDAY,NS10,NS9,53279.0
WEEKDAY,NS11,NS10,56602.0
WEEKDAY,NS11,NS12,63371.0
WEEKDAY,NS12,NS11,63047.0
WEEKDAY,NS12,NS13,65745.0
WEEKDAY,NS13,NS12,64820.0
WEEKDAY,NS13,NS14,70332.0
WEEKDAY,NS14,NS13,71757.0
WEEKDAY,NS14,NS15,75197.0
WEEKDAY,NS15,NS14,74541.0
WEEKDAY,NS15,NS16,76241.0
WEEKDAY,NS16,NS15,74345.0
WEEKDAY,NS16,NS17,82641.0
WEEKDAY,NS17,CC14,40654.0
WEEKDAY,NS17,CC16,29409.0
WEEKDAY,NS17,NS16,83356.0
WEEKDAY,NS17,NS18,62403.0
WEEKDAY,NS18,NS17,61107.0
WEEKDAY,NS18,NS19,63780.0
WEEKDAY,NS19,NS18,61406.0
WEEKDAY,NS19,NS20,64089.0
WEEKDAY,NS2,NS1,64407.0
WEEKDAY,NS2,NS3,60477.0
WEEKDAY,NS20,NS19,63217.0
WEEKDAY,NS20,NS21,58423.0
WEEKDAY,NS21,DT10,48432.0
WEEKDAY,NS21,NE7,76243.0
WEEKDAY,NS21,NS20,57233.0
WEEKDAY,NS21,NS22,20534.0
WEEKDAY,NS22,NS21,20146.0
WEEKDAY,NS22,NS23,15737.0
WEEKDAY,NS23,NS22,17215.0
WEEKDAY,NS23,NS24,14559.0
WEEKDAY,NS24,CC2,2954.0
WEEKDAY,NS24,NE5,40072.0
WEEKDAY,NS24,NE7,77789.0
WEEKDAY,NS24,NS23,16990.0
WEEKDAY,NS24,NS25,22856.0
WEEKDAY,NS25,EW12,13079.0
WEEKDAY,NS25,NS24,22756.0
WEEKDAY,NS25,NS26,24421.0
WEEKDAY,NS26,EW15,16712.0
WEEKDAY,NS26,NS25,25169.0
WEEKDAY,NS26,NS27,1828.0
WEEKDAY,NS27,CE1,730.0
WEEKDAY,NS27,NS26,1853.0
WEEKDAY,NS27,NS28,765.0
WEEKDAY,NS28,NS27,852.0
WEEKDAY,NS3,NS2,60838.0
WEEKDAY,NS3,NS4,55859.0
WEEKDAY,NS4,BP2,13165.0
WEEKDAY,NS4,NS3,55813.0
WEEKDAY,NS4,NS5,51867.0
WEEKDAY,NS5,NS4,53103.0
WEEKDAY,NS5,NS7,44197.0
WEEKDAY,NS7,NS5,44490.0
WEEKDAY,NS7,NS8,44770.0
WEEKDAY,NS8,NS7,45558.0
WEEKDAY,NS8,NS9,49638.0
WEEKDAY,NS9,NS10,50416.0
WEEKDAY,NS9,NS8,47370.0
WEEKDAY,NS9,TE1,1619.0
WEEKDAY,NS9,TE3,2098.0
WEEKDAY,PE1,NE17,6617.0
WEEKDAY,PE1,PE2,5606.0
WEEKDAY,PE2,PE1,5650.0
WEEKDAY,PE2,PE3,3977.0
WEEKDAY,PE3,PE2,3902.0
WEEKDAY,PE3,PE4,1849.0
WEEKDAY,PE4,PE3,1870.0
WEEKDAY,PE4,PE5,2509.0
WEEKDAY,PE5,PE4,2517.0
WEEKDAY,PE5,PE6,4514.0
WEEKDAY,PE6,PE5,4395.0
WEEKDAY,PE6,PE7,6282.0
WEEKDAY,PE7,NE17,7674.0
WEEKDAY,PE7,PE6,5952.0
WEEKDAY,PW1,NE17,1377.0
WEEKDAY,PW1,PW3,995.0
WEEKDAY,PW3,PW1,1074.0
WEEKDAY,PW3,PW4,799.0
WEEKDAY,PW4,PW3,913.0
WEEKDAY,PW4,PW5,286.0
WEEKDAY,PW5,PW4,337.0
WEEKDAY,PW5,PW6,1660.0
WEEKDAY,PW6,PW5,1717.0
WEEKDAY,PW6,PW7,2280.0
WEEKDAY,PW7,NE17,2636.0
WEEKDAY,PW7,PW6,2294.0
WEEKDAY,SE1,NE16,6604.0
WEEKDAY,SE1,SE2,4395.0
WEEKDAY,SE2,SE1,4789.0
WEEKDAY,SE2,SE3,2248.0
WEEKDAY,SE3,SE2,2451.0
WEEKDAY,SE3,SE4,789.0
WEEKDAY,SE4,SE3,943.0
WEEKDAY,SE4,SE5,1836.0
WEEKDAY,SE5,NE16,2985.0
WEEKDAY,SE5,SE4,1967.0
WEEKDAY,SW1,NE16,4085.0
WEEKDAY,SW1,SW2,3421.0
WEEKDAY,SW2,SW1,3541.0
WEEKDAY,SW2,SW3,2408.0
WEEKDAY,SW3,SW2,2437.0
WEEKDAY,SW3,SW4,1701.0
WEEKDAY,SW4,SW3,1694.0
WEEKDAY,SW4,SW5,1273.0
WEEKDAY,SW5,SW4,1310.0
WEEKDAY,SW5,SW6,4440.0
WEEKDAY,SW6,SW5,4101.0
WEEKDAY,SW6,SW7,6084.0
WEEKDAY,SW7,SW6,5635.0
WEEKDAY,SW7,SW8,7007.0
WEEKDAY,SW8,NE16,7440.0
WEEKDAY,SW8,SW7,6442.0
WEEKDAY,TE1,NS9,1797.0
WEEKDAY,TE3,NS9,2583.0
WEEKENDS/HOLIDAY,BP10,BP11,2051.0
WEEKENDS/HOLIDAY,BP10,BP9,132.0
WEEKENDS/HOLIDAY,BP11,BP10,94.0
WEEKENDS/HOLIDAY,BP11,BP12,3412.0
WEEKENDS/HOLIDAY,BP12,BP11,1181.0
WEEKENDS/HOLIDAY,BP12,BP13,4162.0
WEEKENDS/HOLIDAY,BP13,BP12,1681.0
WEEKENDS/HOLIDAY,BP13,DT1,4672.0
WEEKENDS/HOLIDAY,BP2,BP3,9224.0
WEEKENDS/HOLIDAY,BP2,NS4,9560.0
WEEKENDS/HOLIDAY,BP3,BP2,9584.0
WEEKENDS/HOLIDAY,BP3,BP4,9225.0
WEEKENDS/HOLIDAY,BP4,BP3,9253.0
WEEKENDS/HOLIDAY,BP4,BP5,9312.0
WEEKENDS/HOLIDAY,BP5,BP4,9262.0
WEEKENDS/HOLIDAY,BP5,DT1,9642.0
WEEKENDS/HOLIDAY,BP7,BP8,3304.0
WEEKENDS/HOLIDAY,BP7,DT1,1539.0
WEEKENDS/HOLIDAY,BP8,BP7,1434.0
WEEKENDS/HOLIDAY,BP8,BP9,2944.0
WEEKENDS/HOLIDAY,BP9,BP10,2369.0
WEEKENDS/HOLIDAY,BP9,BP8,1009.0
WEEKENDS/HOLIDAY,CC10,CC11,20402.0
WEEKENDS/HOLIDAY,CC10,DT25,19999.0
WEEKENDS/HOLIDAY,CC10,DT27,31716.0
WEEKENDS/HOLIDAY,CC10,EW8,35524.0
WEEKENDS/HOLIDAY,CC11,CC10,21829.0
WEEKENDS/HOLIDAY,CC11,CC12,20886.0
WEEKENDS/HOLIDAY,CC12,CC11,22454.0
WEEKENDS/HOLIDAY,CC12,NE12,21111.0
WEEKENDS/HOLIDAY,CC14,NE12,24623.0
WEEKENDS/HOLIDAY,CC14,NS17,24061.0
WEEKENDS/HOLIDAY,CC16,CC17,15036.0
WEEKENDS/HOLIDAY,CC16,NS17,13852.0
WEEKENDS/HOLIDAY,CC17,CC16,13589.0
WEEKENDS/HOLIDAY,CC17,CC19,15609.0
WEEKENDS/HOLIDAY,CC19,CC17,14188.0
WEEKENDS/HOLIDAY,CC19,CC20,36099.0
WEEKENDS/HOLIDAY,CC19,DT10,43023.0
WEEKENDS/HOLIDAY,CC19,DT8,20986.0
WEEKENDS/HOLIDAY,CC2,CC3,2914.0
WEEKENDS/HOLIDAY,CC2,NS24,3460.0
WEEKENDS/HOLIDAY,CC20,CC19,36132.0
WEEKENDS/HOLIDAY,CC20,CC21,35877.0
WEEKENDS/HOLIDAY,CC21,CC20,35986.0
WEEKENDS/HOLIDAY,CC21,EW21,35196.0
WEEKENDS/HOLIDAY,CC23,CC24,8128.0
WEEKENDS/HOLIDAY,CC23,EW21,9280.0
WEEKENDS/HOLIDAY,CC24,CC23,8103.0
WEEKENDS/HOLIDAY,CC24,CC25,6477.0
WEEKENDS/HOLIDAY,CC25,CC24,6438.0
WEEKENDS/HOLIDAY,CC25,CC26,5970.0
WEEKENDS/HOLIDAY,CC26,CC25,5755.0
WEEKENDS/HOLIDAY,CC26,CC27,5823.0
WEEKENDS/HOLIDAY,CC27,CC26,5702.0
WEEKENDS/HOLIDAY,CC27,CC28,5775.0
WEEKENDS/HOLIDAY,CC28,CC27,5793.0
WEEKENDS/HOLIDAY,CC28,NE1,6374.0
WEEKENDS/HOLIDAY,CC3,CC2,3036.0
WEEKENDS/HOLIDAY,CC3,CC4,2710.0
WEEKENDS/HOLIDAY,CC4,CC3,2510.0
WEEKENDS/HOLIDAY,CC4,CC5,8646.0
WEEKENDS/HOLIDAY,CC4,CE1,12739.0
WEEKENDS/HOLIDAY,CC4,EW12,12405.0
WEEKENDS/HOLIDAY,CC5,CC4,8625.0
WEEKENDS/HOLIDAY,CC5,CC6,8159.0
WEEKENDS/HOLIDAY,CC6,CC5,8213.0
WEEKENDS/HOLIDAY,CC6,CC7,8847.0
WEEKENDS/HOLIDAY,CC7,CC6,8872.0
WEEKENDS/HOLIDAY,CC7,CC8,8805.0
WEEKENDS/HOLIDAY,CC8,CC7,9152.0
WEEKENDS/HOLIDAY,CC8,EW8,9319.0
WEEKENDS/HOLIDAY,CE1,CC4,12840.0
WEEKENDS/HOLIDAY,CE1,DT17,5212.0
WEEKENDS/HOLIDAY,CE1,NS27,885.0
WEEKENDS/HOLIDAY,CG1,CG2,3001.0
WEEKENDS/HOLIDAY,CG1,DT34,2653.0
WEEKENDS/HOLIDAY,CG1,EW4,4172.0
WEEKENDS/HOLIDAY,CG2,CG1,3017.0
WEEKENDS/HOLIDAY,DT1,BP13,1931.0
WEEKENDS/HOLIDAY,DT1,BP5,9344.0
WEEKENDS/HOLIDAY,DT1,BP7,3577.0
WEEKENDS/HOLIDAY,DT1,DT2,14149.0
WEEKENDS/HOLIDAY,DT10,CC19,41316.0
WEEKENDS/HOLIDAY,DT10,NS21,44055.0
WEEKENDS/HOLIDAY,DT13,EW12,43532.0
WEEKENDS/HOLIDAY,DT13,NE7,44252.0
WEEKENDS/HOLIDAY,DT17,CE1,5222.0
WEEKENDS/HOLIDAY,DT17,DT18,4638.0
WEEKENDS/HOLIDAY,DT18,DT17,4537.0
WEEKENDS/HOLIDAY,DT18,NE4,5683.0
WEEKENDS/HOLIDAY,DT2,DT1,13841.0
WEEKENDS/HOLIDAY,DT2,DT3,14556.0
WEEKENDS/HOLIDAY,DT20,DT21,15932.0
WEEKENDS/HOLIDAY,DT20,NE4,15989.0
WEEKENDS/HOLIDAY,DT21,DT20,16083.0
WEEKENDS/HOLIDAY,DT21,DT22,16985.0
WEEKENDS/HOLIDAY,DT22,DT21,16972.0
WEEKENDS/HOLIDAY,DT22,DT23,18513.0
WEEKENDS/HOLIDAY,DT23,DT22,18976.0
WEEKENDS/HOLIDAY,DT23,DT24,18907.0
WEEKENDS/HOLIDAY,DT24,DT23,19391.0
WEEKENDS/HOLIDAY,DT24,DT25,19287.0
WEEKENDS/HOLIDAY,DT25,CC10,19471.0
WEEKENDS/HOLIDAY,DT25,DT24,19792.0
WEEKENDS/HOLIDAY,DT27,CC10,32604.0
WEEKENDS/HOLIDAY,DT27,DT28,30572.0
WEEKENDS/HOLIDAY,DT28,DT27,31432.0
WEEKENDS/HOLIDAY,DT28,DT29,28722.0
WEEKENDS/HOLIDAY,DT29,DT28,29422.0
WEEKENDS/HOLIDAY,DT29,DT30,27946.0
WEEKENDS/HOLIDAY,DT3,DT2,14156.0
WEEKENDS/HOLIDAY,DT3,DT5,16949.0
WEEKENDS/HOLIDAY,DT30,DT29,28406.0
WEEKENDS/HOLIDAY,DT30,DT31,26757.0
WEEKENDS/HOLIDAY,DT31,DT30,27083.0
WEEKENDS/HOLIDAY,DT31,EW2,25874.0
WEEKENDS/HOLIDAY,DT33,DT34,3142.0
WEEKENDS/HOLIDAY,DT33,EW2,8481.0
WEEKENDS/HOLIDAY,DT34,CG1,3029.0
WEEKENDS/HOLIDAY,DT34,DT33,2854.0
WEEKENDS/HOLIDAY,DT5,DT3,16241.0
WEEKENDS/HOLIDAY,DT5,DT6,19695.0
WEEKENDS/HOLIDAY,DT6,DT5,18753.0
WEEKENDS/HOLIDAY,DT6,DT7,20723.0
WEEKENDS/HOLIDAY,DT7,DT6,19761.0
WEEKENDS/HOLIDAY,DT7,DT8,21270.0
WEEKENDS/HOLIDAY,DT8,CC19,21701.0
WEEKENDS/HOLIDAY,DT8,DT7,20542.0
WEEKENDS/HOLIDAY,EW1,EW2,13936.0
WEEKENDS/HOLIDAY,EW10,EW11,34825.0
WEEKENDS/HOLIDAY,EW10,EW9,34116.0
WEEKENDS/HOLIDAY,EW11,EW10,34927.0
WEEKENDS/HOLIDAY,EW11,EW12,36690.0
WEEKENDS/HOLIDAY,EW12,CC4,12524.0
WEEKENDS/HOLIDAY,EW12,DT13,42358.0
WEEKENDS/HOLIDAY,EW12,EW11,37093.0
WEEKENDS/HOLIDAY,EW12,NS25,10567.0
WEEKENDS/HOLIDAY,EW15,EW16,8881.0
WEEKENDS/HOLIDAY,EW15,NS26,11027.0
WEEKENDS/HOLIDAY,EW16,EW15,9654.0
WEEKENDS/HOLIDAY,EW16,EW17,22748.0
WEEKENDS/HOLIDAY,EW16,NE1,17304.0
WEEKENDS/HOLIDAY,EW16,NE4,33790.0
WEEKENDS/HOLIDAY,EW17,EW16,22655.0
WEEKENDS/HOLIDAY,EW17,EW18,20960.0
WEEKENDS/HOLIDAY,EW18,EW17,21621.0
WEEKENDS/HOLIDAY,EW18,EW19,20514.0
WEEKENDS/HOLIDAY,EW19,EW18,21289.0
WEEKENDS/HOLIDAY,EW19,EW20,21135.0
WEEKENDS/HOLIDAY,EW2,DT31,26415.0
WEEKENDS/HOLIDAY,EW2,DT33,8164.0
WEEKENDS/HOLIDAY,EW2,EW1,13358.0
WEEKENDS/HOLIDAY,EW2,EW3,8248.0
WEEKENDS/HOLIDAY,EW20,EW19,21792.0
WEEKENDS/HOLIDAY,EW20,EW21,23295.0
WEEKENDS/HOLIDAY,EW21,CC21,35416.0
WEEKENDS/HOLIDAY,EW21,CC23,9306.0
WEEKENDS/HOLIDAY,EW21,EW20,23692.0
WEEKENDS/HOLIDAY,EW21,EW22,53238.0
WEEKENDS/HOLIDAY,EW22,EW21,53599.0
WEEKENDS/HOLIDAY,EW22,EW23,53233.0
WEEKENDS/HOLIDAY,EW23,EW22,53899.0
WEEKENDS/HOLIDAY,EW23,NS1,52515.0
WEEKENDS/HOLIDAY,EW25,EW26,44296.0
WEEKENDS/HOLIDAY,EW25,NS1,47323.0
WEEKENDS/HOLIDAY,EW26,EW25,45994.0
WEEKENDS/HOLIDAY,EW26,EW27,36084.0
WEEKENDS/HOLIDAY,EW27,EW26,36032.0
WEEKENDS/HOLIDAY,EW27,EW28,18711.0
WEEKENDS/HOLIDAY,EW28,EW27,21398.0
WEEKENDS/HOLIDAY,EW28,EW29,11393.0
WEEKENDS/HOLIDAY,EW29,EW28,11634.0
WEEKENDS/HOLIDAY,EW29,EW30,5170.0
WEEKENDS/HOLIDAY,EW3,EW2,7936.0
WEEKENDS/HOLIDAY,EW3,EW4,10936.0
WEEKENDS/HOLIDAY,EW30,EW29,5583.0
WEEKENDS/HOLIDAY,EW30,EW31,4049.0
WEEKENDS/HOLIDAY,EW31,EW30,4309.0
WEEKENDS/HOLIDAY,EW31,EW32,2707.0
WEEKENDS/HOLIDAY,EW32,EW31,2763.0
WEEKENDS/HOLIDAY,EW32,EW33,1234.0
WEEKENDS/HOLIDAY,EW33,EW32,1228.0
WEEKENDS/HOLIDAY,EW4,CG1,3906.0
WEEKENDS/HOLIDAY,EW4,EW3,10632.0
WEEKENDS/HOLIDAY,EW4,EW5,16814.0
WEEKENDS/HOLIDAY,EW5,EW4,15651.0
WEEKENDS/HOLIDAY,EW5,EW6,24477.0
WEEKENDS/HOLIDAY,EW6,EW5,23229.0
WEEKENDS/HOLIDAY,EW6,EW7,25810.0
WEEKENDS/HOLIDAY,EW7,EW6,25197.0
WEEKENDS/HOLIDAY,EW7,EW8,28303.0
WEEKENDS/HOLIDAY,EW8,CC10,33525.0
WEEKENDS/HOLIDAY,EW8,CC8,9657.0
WEEKENDS/HOLIDAY,EW8,EW7,28428.0
WEEKENDS/HOLIDAY,EW8,EW9,33629.0
WEEKENDS/HOLIDAY,EW9,EW10,34205.0
WEEKENDS/HOLIDAY,EW9,EW8,33223.0
WEEKENDS/HOLIDAY,NE1,CC28,6299.0
WEEKENDS/HOLIDAY,NE1,EW16,17279.0
WEEKENDS/HOLIDAY,NE10,NE11,43261.0
WEEKENDS/HOLIDAY,NE10,NE9,45478.0
WEEKENDS/HOLIDAY,NE11,NE10,45194.0
WEEKENDS/HOLIDAY,NE11,NE12,43069.0
WEEKENDS/HOLIDAY,NE12,CC12,22595.0
WEEKENDS/HOLIDAY,NE12,CC14,24206.0
WEEKENDS/HOLIDAY,NE12,NE11,44924.0
WEEKENDS/HOLIDAY,NE12,NE13,50911.0
WEEKENDS/HOLIDAY,NE13,NE12,52920.0
WEEKENDS/HOLIDAY,NE13,NE14,47999.0
WEEKENDS/HOLIDAY,NE14,NE13,49948.0
WEEKENDS/HOLIDAY,NE14,NE15,41332.0
WEEKENDS/HOLIDAY,NE15,NE14,43051.0
WEEKENDS/HOLIDAY,NE15,NE16,36971.0
WEEKENDS/HOLIDAY,NE16,NE15,38446.0
WEEKENDS/HOLIDAY,NE16,NE17,22214.0
WEEKENDS/HOLIDAY,NE16,SE1,4323.0
WEEKENDS/HOLIDAY,NE16,SE5,2011.0
WEEKENDS/HOLIDAY,NE16,SW1,2547.0
WEEKENDS/HOLIDAY,NE16,SW8,4638.0
WEEKENDS/HOLIDAY,NE17,NE16,23411.0
WEEKENDS/HOLIDAY,NE17,PE1,4559.0
WEEKENDS/HOLIDAY,NE17,PE7,5117.0
WEEKENDS/HOLIDAY,NE17,PW1,1207.0
WEEKENDS/HOLIDAY,NE17,PW7,2161.0
WEEKENDS/HOLIDAY,NE4,DT18,5814.0
WEEKENDS/HOLIDAY,NE4,DT20,16029.0
WEEKENDS/HOLIDAY,NE4,EW16,34053.0
WEEKENDS/HOLIDAY,NE4,NE5,30257.0
WEEKENDS/HOLIDAY,NE5,NE4,30783.0
WEEKENDS/HOLIDAY,NE5,NS24,32023.0
WEEKENDS/HOLIDAY,NE7,DT13,45739.0
WEEKENDS/HOLIDAY,NE7,NE8,44688.0
WEEKENDS/HOLIDAY,NE7,NS21,61834.0
WEEKENDS/HOLIDAY,NE7,NS24,69070.0
WEEKENDS/HOLIDAY,NE8,NE7,46394.0
WEEKENDS/HOLIDAY,NE8,NE9,44044.0
WEEKENDS/HOLIDAY,NE9,NE10,43576.0
WEEKENDS/HOLIDAY,NE9,NE8,47215.0
WEEKENDS/HOLIDAY,NS1,EW23,53936.0
WEEKENDS/HOLIDAY,NS1,EW25,45791.0
WEEKENDS/HOLIDAY,NS1,NS2,42288.0
WEEKENDS/HOLIDAY,NS10,NS11,40898.0
WEEKENDS/HOLIDAY,NS10,NS9,36998.0
WEEKENDS/HOLIDAY,NS11,NS10,39758.0
WEEKENDS/HOLIDAY,NS11,NS12,45489.0
WEEKENDS/HOLIDAY,NS12,NS11,44270.0
WEEKENDS/HOLIDAY,NS12,NS13,47084.0
WEEKENDS/HOLIDAY,NS13,NS12,45400.0
WEEKENDS/HOLIDAY,NS13,NS14,49759.0
WEEKENDS/HOLIDAY,NS14,NS13,49363.0
WEEKENDS/HOLIDAY,NS14,NS15,53080.0
WEEKENDS/HOLIDAY,NS15,NS14,51230.0
WEEKENDS/HOLIDAY,NS15,NS16,54399.0
WEEKENDS/HOLIDAY,NS16,NS15,51977.0
WEEKENDS/HOLIDAY,NS16,NS17,60408.0
WEEKENDS/HOLIDAY,NS17,CC14,24378.0
WEEKENDS/HOLIDAY,NS17,CC16,15499.0
WEEKENDS/HOLIDAY,NS17,NS16,59582.0
WEEKENDS/HOLIDAY,NS17,NS18,48489.0
WEEKENDS/HOLIDAY,NS18,NS17,46643.0
WEEKENDS/HOLIDAY,NS18,NS19,50081.0
WEEKENDS/HOLIDAY,NS19,NS18,47698.0
WEEKENDS/HOLIDAY,NS19,NS20,52094.0
WEEKENDS/HOLIDAY,NS2,NS1,42594.0
WEEKENDS/HOLIDAY,NS2,NS3,39104.0
WEEKENDS/HOLIDAY,NS20,NS19,50461.0
WEEKENDS/HOLIDAY,NS20,NS21,49737.0
WEEKENDS/HOLIDAY,NS21,DT10,41993.0
WEEKENDS/HOLIDAY,NS21,NE7,64667.0
WEEKENDS/HOLIDAY,NS21,NS20,47984.0
WEEKENDS/HOLIDAY,NS21,NS22,22077.0
WEEKENDS/HOLIDAY,NS22,NS21,21718.0
WEEKENDS/HOLIDAY,NS22,NS23,18713.0
WEEKENDS/HOLIDAY,NS23,NS22,20273.0
WEEKENDS/HOLIDAY,NS23,NS24,17820.0
WEEKENDS/HOLIDAY,NS24,CC2,3417.0
WEEKENDS/HOLIDAY,NS24,NE5,32592.0
WEEKENDS/HOLIDAY,NS24,NE7,67406.0
WEEKENDS/HOLIDAY,NS24,NS23,20211.0
WEEKENDS/HOLIDAY,NS24,NS25,18461.0
WEEKENDS/HOLIDAY,NS25,EW12,10926.0
WEEKENDS/HOLIDAY,NS25,NS24,18528.0
WEEKENDS/HOLIDAY,NS25,NS26,14402.0
WEEKENDS/HOLIDAY,NS26,EW15,10626.0
WEEKENDS/HOLIDAY,NS26,NS25,14937.0
WEEKENDS/HOLIDAY,NS26,NS27,2187.0
WEEKENDS/HOLIDAY,NS27,CE1,996.0
WEEKENDS/HOLIDAY,NS27,NS26,2022.0
WEEKENDS/HOLIDAY,NS27,NS28,1338.0
WEEKENDS/HOLIDAY,NS28,NS27,1494.0
WEEKENDS/HOLIDAY,NS3,NS2,39953.0
WEEKENDS/HOLIDAY,NS3,NS4,35786.0
WEEKENDS/HOLIDAY,NS4,BP2,8947.0
WEEKENDS/HOLIDAY,NS4,NS3,36418.0
WEEKENDS/HOLIDAY,NS4,NS5,33665.0
WEEKENDS/HOLIDAY,NS5,NS4,34847.0
WEEKENDS/HOLIDAY,NS5,NS7,28282.0
WEEKENDS/HOLIDAY,NS7,NS5,29007.0
WEEKENDS/HOLIDAY,NS7,NS8,28647.0
WEEKENDS/HOLIDAY,NS8,NS7,29508.0
WEEKENDS/HOLIDAY,NS8,NS9,32292.0
WEEKENDS/HOLIDAY,NS9,NS10,35680.0
WEEKENDS/HOLIDAY,NS9,NS8,31432.0
WEEKENDS/HOLIDAY,NS9,TE1,379.0
WEEKENDS/HOLIDAY,NS9,TE3,1007.0
WEEKENDS/HOLIDAY,PE1,NE17,4731.0
WEEKENDS/HOLIDAY,PE1,PE2,3894.0
WEEKENDS/HOLIDAY,PE2,PE1,4054.0
WEEKENDS/HOLIDAY,PE2,PE3,2763.0
WEEKENDS/HOLIDAY,PE3,PE2,2821.0
WEEKENDS/HOLIDAY,PE3,PE4,1161.0
WEEKENDS/HOLIDAY,PE4,PE3,1240.0
WEEKENDS/HOLIDAY,PE4,PE5,1743.0
WEEKENDS/HOLIDAY,PE5,PE4,1862.0
WEEKENDS/HOLIDAY,PE5,PE6,3265.0
WEEKENDS/HOLIDAY,PE6,PE5,3236.0
WEEKENDS/HOLIDAY,PE6,PE7,4505.0
WEEKENDS/HOLIDAY,PE7,NE17,5426.0
WEEKENDS/HOLIDAY,PE7,PE6,4275.0
WEEKENDS/HOLIDAY,PW1,NE17,1289.0
WEEKENDS/HOLIDAY,PW1,PW3,765.0
WEEKENDS/HOLIDAY,PW3,PW1,845.0
WEEKENDS/HOLIDAY,PW3,PW4,631.0
WEEKENDS/HOLIDAY,PW4,PW3,745.0
WEEKENDS/HOLIDAY,PW4,PW5,197.0
WEEKENDS/HOLIDAY,PW5,PW4,240.0
WEEKENDS/HOLIDAY,PW5,PW6,1190.0
WEEKENDS/HOLIDAY,PW6,PW5,1265.0
WEEKENDS/HOLIDAY,PW6,PW7,1642.0
WEEKENDS/HOLIDAY,PW7,NE17,1991.0
WEEKENDS/HOLIDAY,PW7,PW6,1660.0
WEEKENDS/HOLIDAY,SE1,NE16,4669.0
WEEKENDS/HOLIDAY,SE1,SE2,3267.0
WEEKENDS/HOLIDAY,SE2,SE1,3548.0
WEEKENDS/HOLIDAY,SE2,SE3,1669.0
WEEKENDS/HOLIDAY,SE3,SE2,1782.0
WEEKENDS/HOLIDAY,SE3,SE4,633.0
WEEKENDS/HOLIDAY,SE4,SE3,696.0
WEEKENDS/HOLIDAY,SE4,SE5,1374.0
WEEKENDS/HOLIDAY,SE5,NE16,1997.0
WEEKENDS/HOLIDAY,SE5,SE4,1391.0
WEEKENDS/HOLIDAY,SW1,NE16,2616.0
WEEKENDS/HOLIDAY,SW1,SW2,2389.0
WEEKENDS/HOLIDAY,SW2,SW1,2444.0
WEEKENDS/HOLIDAY,SW2,SW3,1652.0
WEEKENDS/HOLIDAY,SW3,SW2,1592.0
WEEKENDS/HOLIDAY,SW3,SW4,1149.0
WEEKENDS/HOLIDAY,SW4,SW3,1072.0
WEEKENDS/HOLIDAY,SW4,SW5,836.0
WEEKENDS/HOLIDAY,SW5,SW4,793.0
WEEKENDS/HOLIDAY,SW5,SW6,3283.0
WEEKENDS/HOLIDAY,SW6,SW5,3069.0
WEEKENDS/HOLIDAY,SW6,SW7,4262.0
WEEKENDS/HOLIDAY,SW7,SW6,3915.0
WEEKENDS/HOLIDAY,SW7,SW8,4833.0
WEEKENDS/HOLIDAY,SW8,NE16,5088.0
WEEKENDS/HOLIDAY,SW8,SW7,4406.0
WEEKENDS/HOLIDAY,TE1,NS9,366.0
WEEKENDS/HOLIDAY,TE3,NS9,1376.0
