DAY_TYPE,PT_CODE,TOTAL_TAP_IN_VOLUME,TOTAL_TAP_OUT_VOLUME
WEEKDAY,BP10,2730.0,2938.0
WEEKDAY,BP11,2863.0,2417.0
WEEKDAY,BP12,2335.0,1845.0
WEEKDAY,BP13,1247.0,866.0
WEEKDAY,BP2,2531.0,2025.0
WEEKDAY,BP3,3119.0,2743.0
WEEKDAY,BP4,2614.0,2479.0
WEEKDAY,BP5,1814.0,1440.0
WEEKDAY,BP6/DT1,21930.0,23918.0
WEEKDAY,BP7,959.0,968.0
WEEKDAY,BP8,1764.0,1576.0
WEEKDAY,BP9,2062.0,2031.0
WEEKDAY,CC10/DT26,10078.0,9651.0
WEEKDAY,CC11,9588.0,9693.0
WEEKDAY,CC12,4411.0,3715.0
WEEKDAY,CC14,4878.0,4659.0
WEEKDAY,CC16,6694.0,6470.0
WEEKDAY,CC17,2666.0,2568.0
WEEKDAY,CC19/DT9,3208.0,3546.0
WEEKDAY,CC2,1369.0,1399.0
WEEKDAY,CC20,3363.0,3352.0
WEEKDAY,CC21,4578.0,4862.0
WEEKDAY,CC22/EW21,12892.0,11487.0
WEEKDAY,CC23,5136.0,5051.0
WEEKDAY,CC24,10226.0,9887.0
WEEKDAY,CC25,4151.0,3877.0
WEEKDAY,CC26,3217.0,3433.0
WEEKDAY,CC27,1681.0,1752.0
WEEKDAY,CC28,2431.0,2360.0
WEEKDAY,CC3,2606.0,2269.0
WEEKDAY,CC4/DT15,5902.0,6132.0
WEEKDAY,CC5,1985.0,2003.0
WEEKDAY,CC6,3250.0,3362.0
WEEKDAY,CC7,4277.0,4349.0
WEEKDAY,CC8,5605.0,4753.0
WEEKDAY,CE1/DT16,9137.0,9305.0
WEEKDAY,CG1/DT35,5152.0,5230.0
WEEKDAY,CG2,3108.0,3063.0
WEEKDAY,DT10,3389.0,2584.0
WEEKDAY,DT13,4053.0,4208.0
WEEKDAY,DT17,4514.0,4454.0
WEEKDAY,DT18,5105.0,5423.0
WEEKDAY,DT2,1775.0,1388.0
WEEKDAY,DT20,2301.0,2405.0
WEEKDAY,DT21,2553.0,2238.0
WEEKDAY,DT22,3250.0,3530.0
WEEKDAY,DT23,2015.0,2007.0
WEEKDAY,DT24,3270.0,3282.0
WEEKDAY,DT25,2576.0,2750.0
WEEKDAY,DT27,5030.0,4975.0
WEEKDAY,DT28,6782.0,6646.0
WEEKDAY,DT29,4702.0,4321.0
WEEKDAY,DT3,3880.0,3606.0
WEEKDAY,DT30,4425.0,4336.0
WEEKDAY,DT31,4867.0,5216.0
WEEKDAY,DT33,10820.0,10271.0
WEEKDAY,DT34,2291.0,2146.0
WEEKDAY,DT5,6694.0,6739.0
WEEKDAY,DT6,3997.0,3695.0
WEEKDAY,DT7,2287.0,2417.0
WEEKDAY,DT8,3480.0,3025.0
WEEKDAY,EW1,18025.0,17734.0
WEEKDAY,EW10,6297.0,6415.0
WEEKDAY,EW11,9338.0,9468.0
WEEKDAY,EW12/DT14,19257.0,19956.0
WEEKDAY,EW13/NS25,15993.0,16466.0
WEEKDAY,EW14/NS26,16225.0,15796.0
WEEKDAY,EW15,14684.0,15400.0
WEEKDAY,EW16/NE3,18322.0,17281.0
WEEKDAY,EW17,15253.0,16205.0
WEEKDAY,EW18,10049.0,10399.0
WEEKDAY,EW19,8464.0,8087.0
WEEKDAY,EW2/DT32,30662.0,31685.0
WEEKDAY,EW20,9544.0,9147.0
WEEKDAY,EW22,10922.0,10804.0
WEEKDAY,EW23,27766.0,29430.0
WEEKDAY,EW24/NS1,41677.0,42331.0
WEEKDAY,EW25,5890.0,5638.0
WEEKDAY,EW26,23066.0,20689.0
WEEKDAY,EW27,30218.0,34947.0
WEEKDAY,EW28,19048.0,14693.0
WEEKDAY,EW29,12275.0,12617.0
WEEKDAY,EW3,10660.0,10652.0
WEEKDAY,EW30,3182.0,2715.0
WEEKDAY,EW31,3291.0,2912.0
WEEKDAY,EW32,3294.0,3048.0
WEEKDAY,EW33,2035.0,2043.0
WEEKDAY,EW4,9576.0,8507.0
WEEKDAY,EW5,20061.0,19903.0
WEEKDAY,EW6,5692.0,6883.0
WEEKDAY,EW7,8273.0,9707.0
WEEKDAY,EW8/CC9,23606.0,24101.0
WEEKDAY,EW9,12070.0,11870.0
WEEKDAY,NE1/CC29,16748.0,17216.0
WEEKDAY,NE10,9360.0,9567.0
WEEKDAY,NE11,3830.0,3557.0
WEEKDAY,NE12/CC13,16998.0,15643.0
WEEKDAY,NE13,12623.0,12870.0
WEEKDAY,NE14,19050.0,19043.0
WEEKDAY,NE15,10781.0,10666.0
WEEKDAY,NE16/STC,26724.0,27792.0
WEEKDAY,NE17/PTC,24000.0,23478.0
WEEKDAY,NE4/DT19,23218.0,23003.0
WEEKDAY,NE5,5230.0,5218.0
WEEKDAY,NE7/DT12,12469.0,13152.0
WEEKDAY,NE8,11845.0,13637.0
WEEKDAY,NE9,14393.0,12820.0
WEEKDAY,NS10,34166.0,30313.0
WEEKDAY,NS11,27874.0,28375.0
WEEKDAY,NS12,9662.0,9036.0
WEEKDAY,NS13,34902.0,37154.0
WEEKDAY,NS14,22521.0,20438.0
WEEKDAY,NS15,19067.0,17563.0
WEEKDAY,NS16,31575.0,34209.0
WEEKDAY,NS17/CC15,12845.0,7803.0
WEEKDAY,NS18,10100.0,9080.0
WEEKDAY,NS19,22640.0,24142.0
WEEKDAY,NS2,18776.0,19788.0
WEEKDAY,NS20,21209.0,20617.0
WEEKDAY,NS21/DT11,28693.0,29372.0
WEEKDAY,NS22,24743.0,26466.0
WEEKDAY,NS23,12891.0,13812.0
WEEKDAY,NS24/NE6/CC1,15066.0,13558.0
WEEKDAY,NS27/CE2,1414.0,1398.0
WEEKDAY,NS28,984.0,906.0
WEEKDAY,NS3,13871.0,13439.0
WEEKDAY,NS4/BP1,25589.0,27679.0
WEEKDAY,NS5,21838.0,20842.0
WEEKDAY,NS7,4251.0,4743.0
WEEKDAY,NS8,16457.0,13332.0
WEEKDAY,NS9/TE2,28664.0,34445.0
WEEKDAY,PE1,2329.0,2377.0
WEEKDAY,PE2,3740.0,3612.0
WEEKDAY,PE3,3952.0,4070.0
WEEKDAY,PE4,1011.0,999.0
WEEKDAY,PE5,3784.0,3665.0
WEEKDAY,PE6,4462.0,4260.0
WEEKDAY,PE7,2783.0,2772.0
WEEKDAY,PW1,421.0,444.0
WEEKDAY,PW3,323.0,353.0
WEEKDAY,PW4,1252.0,1186.0
WEEKDAY,PW5,1794.0,1775.0
WEEKDAY,PW6,894.0,849.0
WEEKDAY,PW7,1591.0,1792.0
WEEKDAY,SE1,2977.0,3054.0
WEEKDAY,SE2,3714.0,3521.0
WEEKDAY,SE3,2069.0,2008.0
WEEKDAY,SE4,2297.0,2277.0
WEEKDAY,SE5,2141.0,2202.0
WEEKDAY,SW1,1542.0,1639.0
WEEKDAY,SW2,2373.0,2287.0
WEEKDAY,SW3,1831.0,1787.0
WEEKDAY,SW4,903.0,967.0
WEEKDAY,SW5,5082.0,4720.0
WEEKDAY,SW6,2757.0,2683.0
WEEKDAY,SW7,1927.0,1831.0
WEEKDAY,SW8,1538.0,1568.0
WEEKDAY,TE1,1930.0,1704.0
WEEKDAY,TE3,2726.0,2210.0
WEEKENDS/HOLIDAY,BP10,1781.0,2069.0
WEEKENDS/HOLIDAY,BP11,1807.0,1530.0
WEEKENDS/HOLIDAY,BP12,1150.0,898.0
WEEKENDS/HOLIDAY,BP13,779.0,511.0
WEEKENDS/HOLIDAY,BP2,1750.0,1493.0
WEEKENDS/HOLIDAY,BP3,2298.0,1986.0
WEEKENDS/HOLIDAY,BP4,1001.0,926.0
WEEKENDS/HOLIDAY,BP5,1204.0,970.0
WEEKENDS/HOLIDAY,BP6/DT1,16860.0,17561.0
WEEKENDS/HOLIDAY,BP7,420.0,609.0
WEEKENDS/HOLIDAY,BP8,971.0,917.0
WEEKENDS/HOLIDAY,BP9,1457.0,1157.0
WEEKENDS/HOLIDAY,CC10/DT26,6980.0,6625.0
WEEKENDS/HOLIDAY,CC11,4598.0,4558.0
WEEKENDS/HOLIDAY,CC12,1934.0,1824.0
WEEKENDS/HOLIDAY,CC14,2758.0,2684.0
WEEKENDS/HOLIDAY,CC16,3588.0,3667.0
WEEKENDS/HOLIDAY,CC17,1417.0,1451.0
WEEKENDS/HOLIDAY,CC19/DT9,3765.0,4188.0
WEEKENDS/HOLIDAY,CC2,1178.0,1216.0
WEEKENDS/HOLIDAY,CC20,2241.0,2251.0
WEEKENDS/HOLIDAY,CC21,3985.0,4044.0
WEEKENDS/HOLIDAY,CC22/EW21,7088.0,6750.0
WEEKENDS/HOLIDAY,CC23,1766.0,1754.0
WEEKENDS/HOLIDAY,CC24,2900.0,2851.0
WEEKENDS/HOLIDAY,CC25,3404.0,3148.0
WEEKENDS/HOLIDAY,CC26,1930.0,2006.0
WEEKENDS/HOLIDAY,CC27,900.0,1018.0
WEEKENDS/HOLIDAY,CC28,1962.0,1877.0
WEEKENDS/HOLIDAY,CC3,3120.0,2691.0
WEEKENDS/HOLIDAY,CC4/DT15,5878.0,6190.0
WEEKENDS/HOLIDAY,CC5,1722.0,1751.0
WEEKENDS/HOLIDAY,CC6,4384.0,4251.0
WEEKENDS/HOLIDAY,CC7,2905.0,3198.0
WEEKENDS/HOLIDAY,CC8,3315.0,3218.0
WEEKENDS/HOLIDAY,CE1/DT16,12353.0,12231.0
WEEKENDS/HOLIDAY,CG1/DT35,3805.0,3898.0
WEEKENDS/HOLIDAY,CG2,3298.0,3257.0
WEEKENDS/HOLIDAY,DT10,1799.0,1456.0
WEEKENDS/HOLIDAY,DT13,3688.0,4010.0
WEEKENDS/HOLIDAY,DT17,1704.0,1610.0
WEEKENDS/HOLIDAY,DT18,1838.0,2067.0
WEEKENDS/HOLIDAY,DT2,763.0,673.0
WEEKENDS/HOLIDAY,DT20,1836.0,2019.0
WEEKENDS/HOLIDAY,DT21,2196.0,2002.0
WEEKENDS/HOLIDAY,DT22,3294.0,3759.0
WEEKENDS/HOLIDAY,DT23,1037.0,1058.0
WEEKENDS/HOLIDAY,DT24,2381.0,2385.0
WEEKENDS/HOLIDAY,DT25,1552.0,1582.0
WEEKENDS/HOLIDAY,DT27,2835.0,2811.0
WEEKENDS/HOLIDAY,DT28,4295.0,4105.0
WEEKENDS/HOLIDAY,DT29,3304.0,3052.0
WEEKENDS/HOLIDAY,DT3,3447.0,3153.0
WEEKENDS/HOLIDAY,DT30,3216.0,3080.0
WEEKENDS/HOLIDAY,DT31,3320.0,3536.0
WEEKENDS/HOLIDAY,DT33,7519.0,6858.0
WEEKENDS/HOLIDAY,DT34,1595.0,1512.0
WEEKENDS/HOLIDAY,DT5,6317.0,6029.0
WEEKENDS/HOLIDAY,DT6,2316.0,2310.0
WEEKENDS/HOLIDAY,DT7,1429.0,1644.0
WEEKENDS/HOLIDAY,DT8,1274.0,1279.0
WEEKENDS/HOLIDAY,EW1,14230.0,13631.0
WEEKENDS/HOLIDAY,EW10,6148.0,6342.0
WEEKENDS/HOLIDAY,EW11,7047.0,7303.0
WEEKENDS/HOLIDAY,EW12/DT14,21610.0,22544.0
WEEKENDS/HOLIDAY,EW13/NS25,20415.0,20483.0
WEEKENDS/HOLIDAY,EW14/NS26,6274.0,5983.0
WEEKENDS/HOLIDAY,EW15,8250.0,8598.0
WEEKENDS/HOLIDAY,EW16/NE3,8454.0,7795.0
WEEKENDS/HOLIDAY,EW17,11919.0,12667.0
WEEKENDS/HOLIDAY,EW18,6880.0,6982.0
WEEKENDS/HOLIDAY,EW19,6082.0,5965.0
WEEKENDS/HOLIDAY,EW2/DT32,25695.0,25662.0
WEEKENDS/HOLIDAY,EW20,6633.0,6346.0
WEEKENDS/HOLIDAY,EW22,2103.0,2407.0
WEEKENDS/HOLIDAY,EW23,20204.0,20905.0
WEEKENDS/HOLIDAY,EW24/NS1,35877.0,36214.0
WEEKENDS/HOLIDAY,EW25,4370.0,4526.0
WEEKENDS/HOLIDAY,EW26,16696.0,14901.0
WEEKENDS/HOLIDAY,EW27,22924.0,25637.0
WEEKENDS/HOLIDAY,EW28,13035.0,10514.0
WEEKENDS/HOLIDAY,EW29,6890.0,7090.0
WEEKENDS/HOLIDAY,EW3,8048.0,8011.0
WEEKENDS/HOLIDAY,EW30,1453.0,1247.0
WEEKENDS/HOLIDAY,EW31,1708.0,1487.0
WEEKENDS/HOLIDAY,EW32,1688.0,1633.0
WEEKENDS/HOLIDAY,EW33,1392.0,1390.0
WEEKENDS/HOLIDAY,EW4,6524.0,5900.0
WEEKENDS/HOLIDAY,EW5,16999.0,16814.0
WEEKENDS/HOLIDAY,EW6,4956.0,5577.0
WEEKENDS/HOLIDAY,EW7,6897.0,7615.0
WEEKENDS/HOLIDAY,EW8/CC9,24805.0,25539.0
WEEKENDS/HOLIDAY,EW9,10514.0,10753.0
WEEKENDS/HOLIDAY,NE1/CC29,19492.0,19494.0
WEEKENDS/HOLIDAY,NE10,6853.0,6909.0
WEEKENDS/HOLIDAY,NE11,2569.0,2482.0
WEEKENDS/HOLIDAY,NE12/CC13,14314.0,13384.0
WEEKENDS/HOLIDAY,NE13,11256.0,11205.0
WEEKENDS/HOLIDAY,NE14,15000.0,14753.0
WEEKENDS/HOLIDAY,NE15,8548.0,8318.0
WEEKENDS/HOLIDAY,NE16/STC,21776.0,22441.0
WEEKENDS/HOLIDAY,NE17/PTC,21187.0,20414.0
WEEKENDS/HOLIDAY,NE4/DT19,22588.0,22700.0
WEEKENDS/HOLIDAY,NE5,4190.0,4188.0
WEEKENDS/HOLIDAY,NE7/DT12,13230.0,14647.0
WEEKENDS/HOLIDAY,NE8,13571.0,15021.0
WEEKENDS/HOLIDAY,NE9,11130.0,9886.0
WEEKENDS/HOLIDAY,NS10,23438.0,20879.0
WEEKENDS/HOLIDAY,NS11,20866.0,20681.0
WEEKENDS/HOLIDAY,NS12,7298.0,6839.0
WEEKENDS/HOLIDAY,NS13,26602.0,27805.0
WEEKENDS/HOLIDAY,NS14,16048.0,14518.0
WEEKENDS/HOLIDAY,NS15,7866.0,7242.0
WEEKENDS/HOLIDAY,NS16,24911.0,26532.0
WEEKENDS/HOLIDAY,NS17/CC15,8268.0,5166.0
WEEKENDS/HOLIDAY,NS18,7442.0,6962.0
WEEKENDS/HOLIDAY,NS19,18880.0,19624.0
WEEKENDS/HOLIDAY,NS2,13650.0,14187.0
WEEKENDS/HOLIDAY,NS20,12155.0,11906.0
WEEKENDS/HOLIDAY,NS21/DT11,24788.0,25420.0
WEEKENDS/HOLIDAY,NS22,29004.0,30814.0
WEEKENDS/HOLIDAY,NS23,14395.0,15178.0
WEEKENDS/HOLIDAY,NS24/NE6/CC1,16104.0,14879.0
WEEKENDS/HOLIDAY,NS27/CE2,1416.0,1634.0
WEEKENDS/HOLIDAY,NS28,1668.0,1518.0
WEEKENDS/HOLIDAY,NS3,10696.0,10468.0
WEEKENDS/HOLIDAY,NS4/BP1,17868.0,19021.0
WEEKENDS/HOLIDAY,NS5,14913.0,14450.0
WEEKENDS/HOLIDAY,NS7,3442.0,3590.0
WEEKENDS/HOLIDAY,NS8,11787.0,10032.0
WEEKENDS/HOLIDAY,NS9/TE2,22981.0,25435.0
WEEKENDS/HOLIDAY,PE1,1703.0,1669.0
WEEKENDS/HOLIDAY,PE2,2535.0,2434.0
WEEKENDS/HOLIDAY,PE3,3081.0,3105.0
WEEKENDS/HOLIDAY,PE4,883.0,914.0
WEEKENDS/HOLIDAY,PE5,2499.0,2349.0
WEEKENDS/HOLIDAY,PE6,3396.0,3180.0
WEEKENDS/HOLIDAY,PE7,1991.0,1906.0
WEEKENDS/HOLIDAY,PW1,600.0,594.0
WEEKENDS/HOLIDAY,PW3,255.0,278.0
WEEKENDS/HOLIDAY,PW4,1032.0,953.0
WEEKENDS/HOLIDAY,PW5,1351.0,1383.0
WEEKENDS/HOLIDAY,PW6,652.0,602.0
WEEKENDS/HOLIDAY,PW7,1080.0,1228.0
WEEKENDS/HOLIDAY,SE1,2006.0,1956.0
WEEKENDS/HOLIDAY,SE2,2796.0,2654.0
WEEKENDS/HOLIDAY,SE3,1516.0,1458.0
WEEKENDS/HOLIDAY,SE4,1936.0,1863.0
WEEKENDS/HOLIDAY,SE5,1254.0,1255.0
WEEKENDS/HOLIDAY,SW1,811.0,789.0
WEEKENDS/HOLIDAY,SW2,1831.0,1694.0
WEEKENDS/HOLIDAY,SW3,1151.0,1140.0
WEEKENDS/HOLIDAY,SW4,679.0,709.0
WEEKENDS/HOLIDAY,SW5,3909.0,3768.0
WEEKENDS/HOLIDAY,SW6,1670.0,1552.0
WEEKENDS/HOLIDAY,SW7,1332.0,1235.0
WEEKENDS/HOLIDAY,SW8,958.0,918.0
WEEKENDS/HOLIDAY,TE1,461.0,452.0
WEEKENDS/HOLIDAY,TE3,1502.0,1136.0
