DAY_TYPE,ORIGIN_PT_CODE,DESTINATION_PT_CODE,TOTAL_TRIPS
WEEKDAY,BP10,BP11,2710.0
WEEKDAY,BP10,BP9,630.0
WEEKDAY,BP11,BP10,435.0
WEEKDAY,BP11,BP12,4651.0
WEEKDAY,BP12,BP11,1949.0
WEEKDAY,BP12,BP13,6116.0
WEEKDAY,BP13,BP12,2931.0
WEEKDAY,BP13,DT1,6852.0
WEEKDAY,BP2,BP3,13137.0
WEEKDAY,BP2,NS4,13523.0
WEEKDAY,BP3,BP2,13426.0
WEEKDAY,BP3,BP4,13010.0
WEEKDAY,BP4,BP3,12820.0
WEEKDAY,BP4,BP5,12414.0
WEEKDAY,BP5,BP4,12144.0
WEEKDAY,BP5,DT1,12916.0
WEEKDAY,BP7,BP8,4392.0
WEEKDAY,BP7,DT1,2627.0
WEEKDAY,BP8,BP7,2222.0
WEEKDAY,BP8,BP9,4047.0
WEEKDAY,BP9,BP10,3099.0
WEEKDAY,BP9,BP8,1680.0
WEEKDAY,CC10,CC11,28322.0
WEEKDAY,CC10,DT25,29093.0
WEEKDAY,CC10,DT27,43309.0
WEEKDAY,CC10,EW8,40519.0
WEEKDAY,CC11,CC10,30094.0
WEEKDAY,CC11,CC12,30353.0
WEEKDAY,CC12,CC11,32638.0
WEEKDAY,CC12,NE12,31315.0
WEEKDAY,CC14,NE12,38254.0
WEEKDAY,CC14,NS17,37297.0
WEEKDAY,CC16,CC17,27162.0
WEEKDAY,CC16,NS17,25436.0
WEEKDAY,CC17,CC16,25024.0
WEEKDAY,CC17,CC19,28050.0
WEEKDAY,CC19,CC17,25854.0
WEEKDAY,CC19,CC20,50596.0
WEEKDAY,CC19,DT10,48609.0
WEEKDAY,CC19,DT8,26768.0
WEEKDAY,CC2,CC3,2173.0
WEEKDAY,CC2,NS24,2911.0
WEEKDAY,CC20,CC19,50065.0
WEEKDAY,CC20,CC21,50230.0
WEEKDAY,CC21,CC20,49829.0
WEEKDAY,CC21,EW21,49556.0
WEEKDAY,CC23,CC24,15435.0
WEEKDAY,CC23,EW21,19056.0
WEEKDAY,CC24,CC23,15162.0
WEEKDAY,CC24,CC25,9126.0
WEEKDAY,CC25,CC24,8723.0
WEEKDAY,CC25,CC26,7872.0
WEEKDAY,CC26,CC25,7312.0
WEEKDAY,CC26,CC27,7122.0
WEEKDAY,CC27,CC26,6800.0
WEEKDAY,CC27,CC28,7124.0
WEEKDAY,CC28,CC27,6912.0
WEEKDAY,CC28,NE1,7485.0
WEEKDAY,CC3,CC2,2279.0
WEEKDAY,CC3,CC4,1880.0
WEEKDAY,CC4,CC3,1844.0
WEEKDAY,CC4,CC5,9121.0
WEEKDAY,CC4,CE1,14103.0
WEEKDAY,CC4,EW12,13442.0
WEEKDAY,CC5,CC4,9055.0
WEEKDAY,CC5,CC6,8410.0
WEEKDAY,CC6,CC5,8408.0
WEEKDAY,CC6,CC7,8867.0
WEEKDAY,CC7,CC6,9004.0
WEEKDAY,CC7,CC8,9592.0
WEEKDAY,CC8,CC7,9926.0
WEEKDAY,CC8,EW8,11012.0
WEEKDAY,CE1,CC4,13639.0
WEEKDAY,CE1,DT17,8156.0
WEEKDAY,CE1,NS27,670.0
WEEKDAY,CG1,CG2,2246.0
WEEKDAY,CG1,DT34,3247.0
WEEKDAY,CG1,EW4,5067.0
WEEKDAY,CG2,CG1,2247.0
WEEKDAY,DT1,BP13,3301.0
WEEKDAY,DT1,BP5,12264.0
WEEKDAY,DT1,BP7,4841.0
WEEKDAY,DT1,DT2,17787.0
WEEKDAY,DT10,CC19,46223.0
WEEKDAY,DT10,NS21,49878.0
WEEKDAY,DT13,EW12,47422.0
WEEKDAY,DT13,NE7,47974.0
WEEKDAY,DT17,CE1,8075.0
WEEKDAY,DT17,DT18,5287.0
WEEKDAY,DT18,DT17,5196.0
WEEKDAY,DT18,NE4,9258.0
WEEKDAY,DT2,DT1,17493.0
WEEKDAY,DT2,DT3,18541.0
WEEKDAY,DT20,DT21,24058.0
WEEKDAY,DT20,NE4,24066.0
WEEKDAY,DT21,DT20,24195.0
WEEKDAY,DT21,DT22,25424.0
WEEKDAY,DT22,DT21,25356.0
WEEKDAY,DT22,DT23,26674.0
WEEKDAY,DT23,DT22,26874.0
WEEKDAY,DT23,DT24,27545.0
WEEKDAY,DT24,DT23,27776.0
WEEKDAY,DT24,DT25,28240.0
WEEKDAY,DT25,CC10,28757.0
WEEKDAY,DT25,DT24,28415.0
WEEKDAY,DT27,CC10,43262.0
WEEKDAY,DT27,DT28,41772.0
WEEKDAY,DT28,DT27,41796.0
WEEKDAY,DT28,DT29,39343.0
WEEKDAY,DT29,DT28,39196.0
WEEKDAY,DT29,DT30,38049.0
WEEKDAY,DT3,DT2,17993.0
WEEKDAY,DT3,DT5,21343.0
WEEKDAY,DT30,DT29,37549.0
WEEKDAY,DT30,DT31,36048.0
WEEKDAY,DT31,DT30,35450.0
WEEKDAY,DT31,EW2,34020.0
WEEKDAY,DT33,DT34,4145.0
WEEKDAY,DT33,EW2,11576.0
WEEKDAY,DT34,CG1,3952.0
WEEKDAY,DT34,DT33,3606.0
WEEKDAY,DT5,DT3,20426.0
WEEKDAY,DT5,DT6,24498.0
WEEKDAY,DT6,DT5,23599.0
WEEKDAY,DT6,DT7,26163.0
WEEKDAY,DT7,DT6,25176.0
WEEKDAY,DT7,DT8,26838.0
WEEKDAY,DT8,CC19,27728.0
WEEKDAY,DT8,DT7,26053.0
WEEKDAY,EW1,EW2,16559.0
WEEKDAY,EW10,EW11,38212.0
WEEKDAY,EW10,EW9,37893.0
WEEKDAY,EW11,EW10,38576.0
WEEKDAY,EW11,EW12,41393.0
WEEKDAY,EW12,CC4,14183.0
WEEKDAY,EW12,DT13,45691.0
WEEKDAY,EW12,EW11,41992.0
WEEKDAY,EW12,NS25,13263.0
WEEKDAY,EW15,EW16,15053.0
WEEKDAY,EW15,NS26,18366.0
WEEKDAY,EW16,EW15,16163.0
WEEKDAY,EW16,EW17,34007.0
WEEKDAY,EW16,NE1,16910.0
WEEKDAY,EW16,NE4,44215.0
WEEKDAY,EW17,EW16,34046.0
WEEKDAY,EW17,EW18,31947.0
WEEKDAY,EW18,EW17,32865.0
WEEKDAY,EW18,EW19,31964.0
WEEKDAY,EW19,EW18,33463.0
WEEKDAY,EW19,EW20,33597.0
WEEKDAY,EW2,DT31,33735.0
WEEKDAY,EW2,DT33,11548.0
WEEKDAY,EW2,EW1,16023.0
WEEKDAY,EW2,EW3,9216.0
WEEKDAY,EW20,EW19,34680.0
WEEKDAY,EW20,EW21,37045.0
WEEKDAY,EW21,CC21,49517.0
WEEKDAY,EW21,CC23,19322.0
WEEKDAY,EW21,EW20,37784.0
WEEKDAY,EW21,EW22,75995.0
WEEKDAY,EW22,EW21,76083.0
WEEKDAY,EW22,EW23,76146.0
WEEKDAY,EW23,EW22,76398.0
WEEKDAY,EW23,NS1,74987.0
WEEKDAY,EW25,EW26,63603.0
WEEKDAY,EW25,NS1,67877.0
WEEKDAY,EW26,EW25,66116.0
WEEKDAY,EW26,EW27,54294.0
WEEKDAY,EW27,EW26,54670.0
WEEKDAY,EW27,EW28,30836.0
WEEKDAY,EW28,EW27,35808.0
WEEKDAY,EW28,EW29,21812.0
WEEKDAY,EW29,EW28,22496.0
WEEKDAY,EW29,EW30,9950.0
WEEKDAY,EW3,EW2,9297.0
WEEKDAY,EW3,EW4,13058.0
WEEKDAY,EW30,EW29,11099.0
WEEKDAY,EW30,EW31,7345.0
WEEKDAY,EW31,EW30,8095.0
WEEKDAY,EW31,EW32,4617.0
WEEKDAY,EW32,EW31,4918.0
WEEKDAY,EW32,EW33,1799.0
WEEKDAY,EW33,EW32,1846.0
WEEKDAY,EW4,CG1,4500.0
WEEKDAY,EW4,EW3,13041.0
WEEKDAY,EW4,EW5,21358.0
WEEKDAY,EW5,EW4,19894.0
WEEKDAY,EW5,EW6,30730.0
WEEKDAY,EW6,EW5,29139.0
WEEKDAY,EW6,EW7,32392.0
WEEKDAY,EW7,EW6,31896.0
WEEKDAY,EW7,EW8,35174.0
WEEKDAY,EW8,CC10,38910.0
WEEKDAY,EW8,CC8,10859.0
WEEKDAY,EW8,EW7,36028.0
WEEKDAY,EW8,EW9,36640.0
WEEKDAY,EW9,EW10,37609.0
WEEKDAY,EW9,EW8,36936.0
WEEKDAY,NE1,CC28,7264.0
WEEKDAY,NE1,EW16,16715.0
WEEKDAY,NE10,NE11,52133.0
WEEKDAY,NE10,NE9,53476.0
WEEKDAY,NE11,NE10,54127.0
WEEKDAY,NE11,NE12,52527.0
WEEKDAY,NE12,CC12,33313.0
WEEKDAY,NE12,CC14,37381.0
WEEKDAY,NE12,NE11,54188.0
WEEKDAY,NE12,NE13,65880.0
WEEKDAY,NE13,NE12,67339.0
WEEKDAY,NE13,NE14,61860.0
WEEKDAY,NE14,NE13,63433.0
WEEKDAY,NE14,NE15,52897.0
WEEKDAY,NE15,NE14,54354.0
WEEKDAY,NE15,NE16,46992.0
WEEKDAY,NE16,NE15,48201.0
WEEKDAY,NE16,NE17,25948.0
WEEKDAY,NE16,SE1,5623.0
WEEKDAY,NE16,SE5,2713.0
WEEKDAY,NE16,SW1,3675.0
WEEKDAY,NE16,SW8,6191.0
WEEKDAY,NE17,NE16,27042.0
WEEKDAY,NE17,PE1,5743.0
WEEKDAY,NE17,PE7,6562.0
WEEKDAY,NE17,PW1,1094.0
WEEKDAY,NE17,PW7,2510.0
WEEKDAY,NE4,DT18,9606.0
WEEKDAY,NE4,DT20,24004.0
WEEKDAY,NE4,EW16,44571.0
WEEKDAY,NE4,NE5,36682.0
WEEKDAY,NE5,NE4,37290.0
WEEKDAY,NE5,NS24,39250.0
WEEKDAY,NE7,DT13,49879.0
WEEKDAY,NE7,NE8,52432.0
WEEKDAY,NE7,NS21,72855.0
WEEKDAY,NE7,NS24,79484.0
WEEKDAY,NE8,NE7,53955.0
WEEKDAY,NE8,NE9,51386.0
WEEKDAY,NE9,NE10,51853.0
WEEKDAY,NE9,NE8,54678.0
WEEKDAY,NS1,EW23,77038.0
WEEKDAY,NS1,EW25,64999.0
WEEKDAY,NS1,NS2,62692.0
WEEKDAY,NS10,NS11,54691.0
WEEKDAY,NS10,NS9,50959.0
WEEKDAY,NS11,NS10,53849.0
WEEKDAY,NS11,NS12,60385.0
WEEKDAY,NS12,NS11,59849.0
WEEKDAY,NS12,NS13,62787.0
WEEKDAY,NS13,NS12,61485.0
WEEKDAY,NS13,NS14,67510.0
WEEKDAY,NS14,NS13,68292.0
WEEKDAY,NS14,NS15,72435.0
WEEKDAY,NS15,NS14,71284.0
WEEKDAY,NS15,NS16,73445.0
WEEKDAY,NS16,NS15,71107.0
WEEKDAY,NS16,NS17,79735.0
WEEKDAY,NS17,CC14,38019.0
WEEKDAY,NS17,CC16,27655.0
WEEKDAY,NS17,NS16,79851.0
WEEKDAY,NS17,NS18,59772.0
WEEKDAY,NS18,NS17,58308.0
WEEKDAY,NS18,NS19,61043.0
WEEKDAY,NS19,NS18,58743.0
WEEKDAY,NS19,NS20,61198.0
WEEKDAY,NS2,NS1,62334.0
WEEKDAY,NS2,NS3,58298.0
WEEKDAY,NS20,NS19,60134.0
WEEKDAY,NS20,NS21,56980.0
WEEKDAY,NS21,DT10,46943.0
WEEKDAY,NS21,NE7,76029.0
WEEKDAY,NS21,NS20,55634.0
WEEKDAY,NS21,NS22,19352.0
WEEKDAY,NS22,NS21,19022.0
WEEKDAY,NS22,NS23,14848.0
WEEKDAY,NS23,NS22,16389.0
WEEKDAY,NS23,NS24,13880.0
WEEKDAY,NS24,CC2,2875.0
WEEKDAY,NS24,NE5,39902.0
WEEKDAY,NS24,NE7,77473.0
WEEKDAY,NS24,NS23,16346.0
WEEKDAY,NS24,NS25,24004.0
WEEKDAY,NS25,EW12,13542.0
WEEKDAY,NS25,NS24,23859.0
WEEKDAY,NS25,NS26,26667.0
WEEKDAY,NS26,EW15,18022.0
WEEKDAY,NS26,NS25,27477.0
WEEKDAY,NS26,NS27,1979.0
WEEKDAY,NS27,CE1,739.0
WEEKDAY,NS27,NS26,2054.0
WEEKDAY,NS27,NS28,717.0
WEEKDAY,NS28,NS27,798.0
WEEKDAY,NS3,NS2,58919.0
WEEKDAY,NS3,NS4,53841.0
WEEKDAY,NS4,BP2,12750.0
WEEKDAY,NS4,NS3,54153.0
WEEKDAY,NS4,NS5,50027.0
WEEKDAY,NS5,NS4,51446.0
WEEKDAY,NS5,NS7,42808.0
WEEKDAY,NS7,NS5,43207.0
WEEKDAY,NS7,NS8,43417.0
WEEKDAY,NS8,NS7,44171.0
WEEKDAY,NS8,NS9,48140.0
WEEKDAY,NS9,NS10,47891.0
WEEKDAY,NS9,NS8,45471.0
WEEKDAY,NS9,TE1,1498.0
WEEKDAY,NS9,TE3,1781.0
WEEKDAY,PE1,NE17,5873.0
WEEKDAY,PE1,PE2,4860.0
WEEKDAY,PE2,PE1,5025.0
WEEKDAY,PE2,PE3,3522.0
WEEKDAY,PE3,PE2,3492.0
WEEKDAY,PE3,PE4,1535.0
WEEKDAY,PE4,PE3,1587.0
WEEKDAY,PE4,PE5,2105.0
WEEKDAY,PE5,PE4,2154.0
WEEKDAY,PE5,PE6,3991.0
WEEKDAY,PE6,PE5,3857.0
WEEKDAY,PE6,PE7,5613.0
WEEKDAY,PE7,NE17,6900.0
WEEKDAY,PE7,PE6,5308.0
WEEKDAY,PW1,NE17,1153.0
WEEKDAY,PW1,PW3,855.0
WEEKDAY,PW3,PW1,919.0
WEEKDAY,PW3,PW4,678.0
WEEKDAY,PW4,PW3,770.0
WEEKDAY,PW4,PW5,253.0
WEEKDAY,PW5,PW4,295.0
WEEKDAY,PW5,PW6,1490.0
WEEKDAY,PW6,PW5,1499.0
WEEKDAY,PW6,PW7,2033.0
WEEKDAY,PW7,NE17,2355.0
WEEKDAY,PW7,PW6,2008.0
WEEKDAY,SE1,NE16,6048.0
WEEKDAY,SE1,SE2,3970.0
WEEKDAY,SE2,SE1,4431.0
WEEKDAY,SE2,SE3,1977.0
WEEKDAY,SE3,SE2,2229.0
WEEKDAY,SE3,SE4,685.0
WEEKDAY,SE4,SE3,825.0
WEEKDAY,SE4,SE5,1674.0
WEEKDAY,SE5,NE16,2614.0
WEEKDAY,SE5,SE4,1758.0
WEEKDAY,SW1,NE16,3812.0
WEEKDAY,SW1,SW2,3028.0
WEEKDAY,SW2,SW1,3238.0
WEEKDAY,SW2,SW3,2119.0
WEEKDAY,SW3,SW2,2220.0
WEEKDAY,SW3,SW4,1439.0
WEEKDAY,SW4,SW3,1463.0
WEEKDAY,SW4,SW5,1085.0
WEEKDAY,SW5,SW4,1105.0
WEEKDAY,SW5,SW6,4021.0
WEEKDAY,SW6,SW5,3711.0
WEEKDAY,SW6,SW7,5424.0
WEEKDAY,SW7,SW6,5024.0
WEEKDAY,SW7,SW8,6270.0
WEEKDAY,SW8,NE16,6694.0
WEEKDAY,SW8,SW7,5732.0
WEEKDAY,TE1,NS9,1706.0
WEEKDAY,TE3,NS9,2179.0
WEEKENDS/HOLIDAY,BP10,BP11,1932.0
WEEKENDS/HOLIDAY,BP10,BP9,120.0
WEEKENDS/HOLIDAY,BP11,BP10,80.0
WEEKENDS/HOLIDAY,BP11,BP12,3138.0
WEEKENDS/HOLIDAY,BP12,BP11,1071.0
WEEKENDS/HOLIDAY,BP12,BP13,3763.0
WEEKENDS/HOLIDAY,BP13,BP12,1521.0
WEEKENDS/HOLIDAY,BP13,DT1,4200.0
WEEKENDS/HOLIDAY,BP2,BP3,8303.0
WEEKENDS/HOLIDAY,BP2,NS4,8481.0
WEEKENDS/HOLIDAY,BP3,BP2,8512.0
WEEKENDS/HOLIDAY,BP3,BP4,8312.0
WEEKENDS/HOLIDAY,BP4,BP3,8246.0
WEEKENDS/HOLIDAY,BP4,BP5,8413.0
WEEKENDS/HOLIDAY,BP5,BP4,8271.0
WEEKENDS/HOLIDAY,BP5,DT1,8722.0
WEEKENDS/HOLIDAY,BP7,BP8,2986.0
WEEKENDS/HOLIDAY,BP7,DT1,1371.0
WEEKENDS/HOLIDAY,BP8,BP7,1301.0
WEEKENDS/HOLIDAY,BP8,BP9,2680.0
WEEKENDS/HOLIDAY,BP9,BP10,2226.0
WEEKENDS/HOLIDAY,BP9,BP8,894.0
WEEKENDS/HOLIDAY,CC10,CC11,18219.0
WEEKENDS/HOLIDAY,CC10,DT25,18083.0
WEEKENDS/HOLIDAY,CC10,DT27,27993.0
WEEKENDS/HOLIDAY,CC10,EW8,31882.0
WEEKENDS/HOLIDAY,CC11,CC10,19591.0
WEEKENDS/HOLIDAY,CC11,CC12,18579.0
WEEKENDS/HOLIDAY,CC12,CC11,20092.0
WEEKENDS/HOLIDAY,CC12,NE12,18780.0
WEEKENDS/HOLIDAY,CC14,NE12,22114.0
WEEKENDS/HOLIDAY,CC14,NS17,21409.0
WEEKENDS/HOLIDAY,CC16,CC17,13610.0
WEEKENDS/HOLIDAY,CC16,NS17,12507.0
WEEKENDS/HOLIDAY,CC17,CC16,12306.0
WEEKENDS/HOLIDAY,CC17,CC19,14065.0
WEEKENDS/HOLIDAY,CC19,CC17,12861.0
WEEKENDS/HOLIDAY,CC19,CC20,32665.0
WEEKENDS/HOLIDAY,CC19,DT10,38838.0
WEEKENDS/HOLIDAY,CC19,DT8,18965.0
WEEKENDS/HOLIDAY,CC2,CC3,2440.0
WEEKENDS/HOLIDAY,CC2,NS24,2888.0
WEEKENDS/HOLIDAY,CC20,CC19,32730.0
WEEKENDS/HOLIDAY,CC20,CC21,32434.0
WEEKENDS/HOLIDAY,CC21,CC20,32592.0
WEEKENDS/HOLIDAY,CC21,EW21,31729.0
WEEKENDS/HOLIDAY,CC23,CC24,7200.0
WEEKENDS/HOLIDAY,CC23,EW21,8396.0
WEEKENDS/HOLIDAY,CC24,CC23,7291.0
WEEKENDS/HOLIDAY,CC24,CC25,5622.0
WEEKENDS/HOLIDAY,CC25,CC24,5714.0
WEEKENDS/HOLIDAY,CC25,CC26,5166.0
WEEKENDS/HOLIDAY,CC26,CC25,5066.0
WEEKENDS/HOLIDAY,CC26,CC27,5030.0
WEEKENDS/HOLIDAY,CC27,CC26,4967.0
WEEKENDS/HOLIDAY,CC27,CC28,4989.0
WEEKENDS/HOLIDAY,CC28,CC27,5078.0
WEEKENDS/HOLIDAY,CC28,NE1,5486.0
WEEKENDS/HOLIDAY,CC3,CC2,2542.0
WEEKENDS/HOLIDAY,CC3,CC4,2234.0
WEEKENDS/HOLIDAY,CC4,CC3,2117.0
WEEKENDS/HOLIDAY,CC4,CC5,7949.0
WEEKENDS/HOLIDAY,CC4,CE1,12435.0
WEEKENDS/HOLIDAY,CC4,EW12,11911.0
WEEKENDS/HOLIDAY,CC5,CC4,7900.0
WEEKENDS/HOLIDAY,CC5,CC6,7448.0
WEEKENDS/HOLIDAY,CC6,CC5,7486.0
WEEKENDS/HOLIDAY,CC6,CC7,8071.0
WEEKENDS/HOLIDAY,CC7,CC6,8081.0
WEEKENDS/HOLIDAY,CC7,CC8,7983.0
WEEKENDS/HOLIDAY,CC8,CC7,8335.0
WEEKENDS/HOLIDAY,CC8,EW8,8439.0
WEEKENDS/HOLIDAY,CE1,CC4,12315.0
WEEKENDS/HOLIDAY,CE1,DT17,5141.0
WEEKENDS/HOLIDAY,CE1,NS27,699.0
WEEKENDS/HOLIDAY,CG1,CG2,2239.0
WEEKENDS/HOLIDAY,CG1,DT34,2234.0
WEEKENDS/HOLIDAY,CG1,EW4,3501.0
WEEKENDS/HOLIDAY,CG2,CG1,2293.0
WEEKENDS/HOLIDAY,DT1,BP13,1757.0
WEEKENDS/HOLIDAY,DT1,BP5,8370.0
WEEKENDS/HOLIDAY,DT1,BP7,3223.0
WEEKENDS/HOLIDAY,DT1,DT2,12949.0
WEEKENDS/HOLIDAY,DT10,CC19,37312.0
WEEKENDS/HOLIDAY,DT10,NS21,39723.0
WEEKENDS/HOLIDAY,DT13,EW12,40182.0
WEEKENDS/HOLIDAY,DT13,NE7,40759.0
WEEKENDS/HOLIDAY,DT17,CE1,5063.0
WEEKENDS/HOLIDAY,DT17,DT18,4590.0
WEEKENDS/HOLIDAY,DT18,DT17,4470.0
WEEKENDS/HOLIDAY,DT18,NE4,5600.0
WEEKENDS/HOLIDAY,DT2,DT1,12675.0
WEEKENDS/HOLIDAY,DT2,DT3,13311.0
WEEKENDS/HOLIDAY,DT20,DT21,14659.0
WEEKENDS/HOLIDAY,DT20,NE4,14828.0
WEEKENDS/HOLIDAY,DT21,DT20,14870.0
WEEKENDS/HOLIDAY,DT21,DT22,15592.0
WEEKENDS/HOLIDAY,DT22,DT21,15634.0
WEEKENDS/HOLIDAY,DT22,DT23,16878.0
WEEKENDS/HOLIDAY,DT23,DT22,17315.0
WEEKENDS/HOLIDAY,DT23,DT24,17189.0
WEEKENDS/HOLIDAY,DT24,DT23,17657.0
WEEKENDS/HOLIDAY,DT24,DT25,17455.0
WEEKENDS/HOLIDAY,DT25,CC10,17575.0
WEEKENDS/HOLIDAY,DT25,DT24,17936.0
WEEKENDS/HOLIDAY,DT27,CC10,28838.0
WEEKENDS/HOLIDAY,DT27,DT28,26954.0
WEEKENDS/HOLIDAY,DT28,DT27,27773.0
WEEKENDS/HOLIDAY,DT28,DT29,25562.0
WEEKENDS/HOLIDAY,DT29,DT28,26166.0
WEEKENDS/HOLIDAY,DT29,DT30,24766.0
WEEKENDS/HOLIDAY,DT3,DT2,12929.0
WEEKENDS/HOLIDAY,DT3,DT5,15422.0
WEEKENDS/HOLIDAY,DT30,DT29,25204.0
WEEKENDS/HOLIDAY,DT30,DT31,23735.0
WEEKENDS/HOLIDAY,DT31,DT30,24079.0
WEEKENDS/HOLIDAY,DT31,EW2,22918.0
WEEKENDS/HOLIDAY,DT33,DT34,2625.0
WEEKENDS/HOLIDAY,DT33,EW2,7359.0
WEEKENDS/HOLIDAY,DT34,CG1,2577.0
WEEKENDS/HOLIDAY,DT34,DT33,2376.0
WEEKENDS/HOLIDAY,DT5,DT3,14744.0
WEEKENDS/HOLIDAY,DT5,DT6,17936.0
WEEKENDS/HOLIDAY,DT6,DT5,17005.0
WEEKENDS/HOLIDAY,DT6,DT7,18772.0
WEEKENDS/HOLIDAY,DT7,DT6,17885.0
WEEKENDS/HOLIDAY,DT7,DT8,19278.0
WEEKENDS/HOLIDAY,DT8,CC19,19657.0
WEEKENDS/HOLIDAY,DT8,DT7,18599.0
WEEKENDS/HOLIDAY,EW1,EW2,12185.0
WEEKENDS/HOLIDAY,EW10,EW11,30941.0
WEEKENDS/HOLIDAY,EW10,EW9,30238.0
WEEKENDS/HOLIDAY,EW11,EW10,30998.0
WEEKENDS/HOLIDAY,EW11,EW12,32879.0
WEEKENDS/HOLIDAY,EW12,CC4,12245.0
WEEKENDS/HOLIDAY,EW12,DT13,39042.0
WEEKENDS/HOLIDAY,EW12,EW11,33213.0
WEEKENDS/HOLIDAY,EW12,NS25,9299.0
WEEKENDS/HOLIDAY,EW15,EW16,8025.0
WEEKENDS/HOLIDAY,EW15,NS26,9933.0
WEEKENDS/HOLIDAY,EW16,EW15,8726.0
WEEKENDS/HOLIDAY,EW16,EW17,21409.0
WEEKENDS/HOLIDAY,EW16,NE1,15155.0
WEEKENDS/HOLIDAY,EW16,NE4,30877.0
WEEKENDS/HOLIDAY,EW17,EW16,21150.0
WEEKENDS/HOLIDAY,EW17,EW18,19986.0
WEEKENDS/HOLIDAY,EW18,EW17,20396.0
WEEKENDS/HOLIDAY,EW18,EW19,19685.0
WEEKENDS/HOLIDAY,EW19,EW18,20309.0
WEEKENDS/HOLIDAY,EW19,EW20,20036.0
WEEKENDS/HOLIDAY,EW2,DT31,23452.0
WEEKENDS/HOLIDAY,EW2,DT33,7142.0
WEEKENDS/HOLIDAY,EW2,EW1,11561.0
WEEKENDS/HOLIDAY,EW2,EW3,7192.0
WEEKENDS/HOLIDAY,EW20,EW19,20664.0
WEEKENDS/HOLIDAY,EW20,EW21,21992.0
WEEKENDS/HOLIDAY,EW21,CC21,31985.0
WEEKENDS/HOLIDAY,EW21,CC23,8307.0
WEEKENDS/HOLIDAY,EW21,EW20,22431.0
WEEKENDS/HOLIDAY,EW21,EW22,48849.0
WEEKENDS/HOLIDAY,EW22,EW21,49228.0
WEEKENDS/HOLIDAY,EW22,EW23,48816.0
WEEKENDS/HOLIDAY,EW23,EW22,49461.0
WEEKENDS/HOLIDAY,EW23,NS1,48088.0
WEEKENDS/HOLIDAY,EW25,EW26,40168.0
WEEKENDS/HOLIDAY,EW25,NS1,42839.0
WEEKENDS/HOLIDAY,EW26,EW25,41586.0
WEEKENDS/HOLIDAY,EW26,EW27,32539.0
WEEKENDS/HOLIDAY,EW27,EW26,32554.0
WEEKENDS/HOLIDAY,EW27,EW28,16132.0
WEEKENDS/HOLIDAY,EW28,EW27,18417.0
WEEKENDS/HOLIDAY,EW28,EW29,9529.0
WEEKENDS/HOLIDAY,EW29,EW28,9725.0
WEEKENDS/HOLIDAY,EW29,EW30,3020.0
WEEKENDS/HOLIDAY,EW3,EW2,6952.0
WEEKENDS/HOLIDAY,EW3,EW4,9710.0
WEEKENDS/HOLIDAY,EW30,EW29,3339.0
WEEKENDS/HOLIDAY,EW30,EW31,2353.0
WEEKENDS/HOLIDAY,EW31,EW30,2559.0
WEEKENDS/HOLIDAY,EW31,EW32,1530.0
WEEKENDS/HOLIDAY,EW32,EW31,1593.0
WEEKENDS/HOLIDAY,EW32,EW33,699.0
WEEKENDS/HOLIDAY,EW33,EW32,674.0
WEEKENDS/HOLIDAY,EW4,CG1,3183.0
WEEKENDS/HOLIDAY,EW4,EW3,9377.0
WEEKENDS/HOLIDAY,EW4,EW5,14835.0
WEEKENDS/HOLIDAY,EW5,EW4,13692.0
WEEKENDS/HOLIDAY,EW5,EW6,21716.0
WEEKENDS/HOLIDAY,EW6,EW5,20508.0
WEEKENDS/HOLIDAY,EW6,EW7,22941.0
WEEKENDS/HOLIDAY,EW7,EW6,22299.0
WEEKENDS/HOLIDAY,EW7,EW8,25274.0
WEEKENDS/HOLIDAY,EW8,CC10,29918.0
WEEKENDS/HOLIDAY,EW8,CC8,8771.0
WEEKENDS/HOLIDAY,EW8,EW7,25249.0
WEEKENDS/HOLIDAY,EW8,EW9,29692.0
WEEKENDS/HOLIDAY,EW9,EW10,30325.0
WEEKENDS/HOLIDAY,EW9,EW8,29323.0
WEEKENDS/HOLIDAY,NE1,CC28,5488.0
WEEKENDS/HOLIDAY,NE1,EW16,15224.0
WEEKENDS/HOLIDAY,NE10,NE11,38718.0
WEEKENDS/HOLIDAY,NE10,NE9,41009.0
WEEKENDS/HOLIDAY,NE11,NE10,40689.0
WEEKENDS/HOLIDAY,NE11,NE12,38567.0
WEEKENDS/HOLIDAY,NE12,CC12,20194.0
WEEKENDS/HOLIDAY,NE12,CC14,21545.0
WEEKENDS/HOLIDAY,NE12,NE11,40400.0
WEEKENDS/HOLIDAY,NE12,NE13,45369.0
WEEKENDS/HOLIDAY,NE13,NE12,47277.0
WEEKENDS/HOLIDAY,NE13,NE14,42810.0
WEEKENDS/HOLIDAY,NE14,NE13,44623.0
WEEKENDS/HOLIDAY,NE14,NE15,36467.0
WEEKENDS/HOLIDAY,NE15,NE14,38108.0
WEEKENDS/HOLIDAY,NE15,NE16,32595.0
WEEKENDS/HOLIDAY,NE16,NE15,33969.0
WEEKENDS/HOLIDAY,NE16,NE17,19233.0
WEEKENDS/HOLIDAY,NE16,SE1,3978.0
WEEKENDS/HOLIDAY,NE16,SE5,1856.0
WEEKENDS/HOLIDAY,NE16,SW1,2354.0
WEEKENDS/HOLIDAY,NE16,SW8,4304.0
WEEKENDS/HOLIDAY,NE17,NE16,20448.0
WEEKENDS/HOLIDAY,NE17,PE1,4105.0
WEEKENDS/HOLIDAY,NE17,PE7,4613.0
WEEKENDS/HOLIDAY,NE17,PW1,958.0
WEEKENDS/HOLIDAY,NE17,PW7,1904.0
WEEKENDS/HOLIDAY,NE4,DT18,5694.0
WEEKENDS/HOLIDAY,NE4,DT20,14758.0
WEEKENDS/HOLIDAY,NE4,EW16,31228.0
WEEKENDS/HOLIDAY,NE4,NE5,27997.0
WEEKENDS/HOLIDAY,NE5,NE4,28592.0
WEEKENDS/HOLIDAY,NE5,NS24,29602.0
WEEKENDS/HOLIDAY,NE7,DT13,42234.0
WEEKENDS/HOLIDAY,NE7,NE8,40241.0
WEEKENDS/HOLIDAY,NE7,NS21,56361.0
WEEKENDS/HOLIDAY,NE7,NS24,61503.0
WEEKENDS/HOLIDAY,NE8,NE7,42084.0
WEEKENDS/HOLIDAY,NE8,NE9,39532.0
WEEKENDS/HOLIDAY,NE9,NE10,39076.0
WEEKENDS/HOLIDAY,NE9,NE8,42698.0
WEEKENDS/HOLIDAY,NS1,EW23,49377.0
WEEKENDS/HOLIDAY,NS1,EW25,41554.0
WEEKENDS/HOLIDAY,NS1,NS2,38127.0
WEEKENDS/HOLIDAY,NS10,NS11,36967.0
WEEKENDS/HOLIDAY,NS10,NS9,33849.0
WEEKENDS/HOLIDAY,NS11,NS10,36243.0
WEEKENDS/HOLIDAY,NS11,NS12,41132.0
WEEKENDS/HOLIDAY,NS12,NS11,40230.0
WEEKENDS/HOLIDAY,NS12,NS13,42591.0
WEEKENDS/HOLIDAY,NS13,NS12,41159.0
WEEKENDS/HOLIDAY,NS13,NS14,45103.0
WEEKENDS/HOLIDAY,NS14,NS13,44674.0
WEEKENDS/HOLIDAY,NS14,NS15,48173.0
WEEKENDS/HOLIDAY,NS15,NS14,46453.0
WEEKENDS/HOLIDAY,NS15,NS16,49286.0
WEEKENDS/HOLIDAY,NS16,NS15,46970.0
WEEKENDS/HOLIDAY,NS16,NS17,54570.0
WEEKENDS/HOLIDAY,NS17,CC14,21878.0
WEEKENDS/HOLIDAY,NS17,CC16,13969.0
WEEKENDS/HOLIDAY,NS17,NS16,53613.0
WEEKENDS/HOLIDAY,NS17,NS18,43645.0
WEEKENDS/HOLIDAY,NS18,NS17,41957.0
WEEKENDS/HOLIDAY,NS18,NS19,45045.0
WEEKENDS/HOLIDAY,NS19,NS18,42964.0
WEEKENDS/HOLIDAY,NS19,NS20,46644.0
WEEKENDS/HOLIDAY,NS2,NS1,38028.0
WEEKENDS/HOLIDAY,NS2,NS3,35392.0
WEEKENDS/HOLIDAY,NS20,NS19,45174.0
WEEKENDS/HOLIDAY,NS20,NS21,44680.0
WEEKENDS/HOLIDAY,NS21,DT10,37908.0
WEEKENDS/HOLIDAY,NS21,NE7,58715.0
WEEKENDS/HOLIDAY,NS21,NS20,43164.0
WEEKENDS/HOLIDAY,NS21,NS22,19197.0
WEEKENDS/HOLIDAY,NS22,NS21,18988.0
WEEKENDS/HOLIDAY,NS22,NS23,16107.0
WEEKENDS/HOLIDAY,NS23,NS22,17266.0
WEEKENDS/HOLIDAY,NS23,NS24,15251.0
WEEKENDS/HOLIDAY,NS24,CC2,2857.0
WEEKENDS/HOLIDAY,NS24,NE5,30207.0
WEEKENDS/HOLIDAY,NS24,NE7,60009.0
WEEKENDS/HOLIDAY,NS24,NS23,17095.0
WEEKENDS/HOLIDAY,NS24,NS25,15462.0
WEEKENDS/HOLIDAY,NS25,EW12,9612.0
WEEKENDS/HOLIDAY,NS25,NS24,15442.0
WEEKENDS/HOLIDAY,NS25,NS26,12495.0
WEEKENDS/HOLIDAY,NS26,EW15,9589.0
WEEKENDS/HOLIDAY,NS26,NS25,13041.0
WEEKENDS/HOLIDAY,NS26,NS27,1587.0
WEEKENDS/HOLIDAY,NS27,CE1,766.0
WEEKENDS/HOLIDAY,NS27,NS26,1567.0
WEEKENDS/HOLIDAY,NS27,NS28,1259.0
WEEKENDS/HOLIDAY,NS28,NS27,1433.0
WEEKENDS/HOLIDAY,NS3,NS2,35851.0
WEEKENDS/HOLIDAY,NS3,NS4,32463.0
WEEKENDS/HOLIDAY,NS4,BP2,8031.0
WEEKENDS/HOLIDAY,NS4,NS3,32813.0
WEEKENDS/HOLIDAY,NS4,NS5,30672.0
WEEKENDS/HOLIDAY,NS5,NS4,31701.0
WEEKENDS/HOLIDAY,NS5,NS7,25826.0
WEEKENDS/HOLIDAY,NS7,NS5,26556.0
WEEKENDS/HOLIDAY,NS7,NS8,26235.0
WEEKENDS/HOLIDAY,NS8,NS7,26937.0
WEEKENDS/HOLIDAY,NS8,NS9,29712.0
WEEKENDS/HOLIDAY,NS9,NS10,32168.0
WEEKENDS/HOLIDAY,NS9,NS8,28547.0
WEEKENDS/HOLIDAY,NS9,TE1,305.0
WEEKENDS/HOLIDAY,NS9,TE3,840.0
WEEKENDS/HOLIDAY,PE1,NE17,4314.0
WEEKENDS/HOLIDAY,PE1,PE2,3483.0
WEEKENDS/HOLIDAY,PE2,PE1,3723.0
WEEKENDS/HOLIDAY,PE2,PE3,2513.0
WEEKENDS/HOLIDAY,PE3,PE2,2625.0
WEEKENDS/HOLIDAY,PE3,PE4,1094.0
WEEKENDS/HOLIDAY,PE4,PE3,1147.0
WEEKENDS/HOLIDAY,PE4,PE5,1630.0
WEEKENDS/HOLIDAY,PE5,PE4,1721.0
WEEKENDS/HOLIDAY,PE5,PE6,2963.0
WEEKENDS/HOLIDAY,PE6,PE5,2976.0
WEEKENDS/HOLIDAY,PE6,PE7,4030.0
WEEKENDS/HOLIDAY,PE7,NE17,4856.0
WEEKENDS/HOLIDAY,PE7,PE6,3840.0
WEEKENDS/HOLIDAY,PW1,NE17,1030.0
WEEKENDS/HOLIDAY,PW1,PW3,634.0
WEEKENDS/HOLIDAY,PW3,PW1,698.0
WEEKENDS/HOLIDAY,PW3,PW4,523.0
WEEKENDS/HOLIDAY,PW4,PW3,613.0
WEEKENDS/HOLIDAY,PW4,PW5,202.0
WEEKENDS/HOLIDAY,PW5,PW4,235.0
WEEKENDS/HOLIDAY,PW5,PW6,1063.0
WEEKENDS/HOLIDAY,PW6,PW5,1123.0
WEEKENDS/HOLIDAY,PW6,PW7,1464.0
WEEKENDS/HOLIDAY,PW7,NE17,1791.0
WEEKENDS/HOLIDAY,PW7,PW6,1466.0
WEEKENDS/HOLIDAY,SE1,NE16,4296.0
WEEKENDS/HOLIDAY,SE1,SE2,2965.0
WEEKENDS/HOLIDAY,SE2,SE1,3261.0
WEEKENDS/HOLIDAY,SE2,SE3,1500.0
WEEKENDS/HOLIDAY,SE3,SE2,1666.0
WEEKENDS/HOLIDAY,SE3,SE4,602.0
WEEKENDS/HOLIDAY,SE4,SE3,716.0
WEEKENDS/HOLIDAY,SE4,SE5,1221.0
WEEKENDS/HOLIDAY,SE5,NE16,1809.0
WEEKENDS/HOLIDAY,SE5,SE4,1240.0
WEEKENDS/HOLIDAY,SW1,NE16,2516.0
WEEKENDS/HOLIDAY,SW1,SW2,2143.0
WEEKENDS/HOLIDAY,SW2,SW1,2274.0
WEEKENDS/HOLIDAY,SW2,SW3,1469.0
WEEKENDS/HOLIDAY,SW3,SW2,1514.0
WEEKENDS/HOLIDAY,SW3,SW4,1008.0
WEEKENDS/HOLIDAY,SW4,SW3,1029.0
WEEKENDS/HOLIDAY,SW4,SW5,779.0
WEEKENDS/HOLIDAY,SW5,SW4,813.0
WEEKENDS/HOLIDAY,SW5,SW6,2985.0
WEEKENDS/HOLIDAY,SW6,SW5,2822.0
WEEKENDS/HOLIDAY,SW6,SW7,3885.0
WEEKENDS/HOLIDAY,SW7,SW6,3640.0
WEEKENDS/HOLIDAY,SW7,SW8,4405.0
WEEKENDS/HOLIDAY,SW8,NE16,4631.0
WEEKENDS/HOLIDAY,SW8,SW7,4073.0
WEEKENDS/HOLIDAY,TE1,NS9,303.0
WEEKENDS/HOLIDAY,TE3,NS9,1086.0
