DAY_TYPE,PT_CODE,TOTAL_TAP_IN_VOLUME,TOTAL_TAP_OUT_VOLUME
WEEKDAY,BP10,2569.0,2770.0
WEEKDAY,BP11,2671.0,2219.0
WEEKDAY,BP12,2050.0,1572.0
WEEKDAY,BP13,1135.0,776.0
WEEKDAY,BP2,2369.0,1865.0
WEEKDAY,BP3,2980.0,2518.0
WEEKDAY,BP4,3029.0,2916.0
WEEKDAY,BP5,1615.0,1234.0
WEEKDAY,BP6/DT1,20878.0,22606.0
WEEKDAY,BP7,858.0,893.0
WEEKDAY,BP8,1641.0,1458.0
WEEKDAY,BP9,1811.0,1711.0
WEEKDAY,CC10/DT26,9859.0,9460.0
WEEKDAY,CC11,9777.0,9956.0
WEEKDAY,CC12,3369.0,2932.0
WEEKDAY,CC14,4242.0,4046.0
WEEKDAY,CC16,5829.0,5733.0
WEEKDAY,CC17,2452.0,2362.0
WEEKDAY,CC19/DT9,2909.0,3151.0
WEEKDAY,CC2,1345.0,1420.0
WEEKDAY,CC20,2934.0,3016.0
WEEKDAY,CC21,4297.0,4590.0
WEEKDAY,CC22/EW21,12172.0,11075.0
WEEKDAY,CC23,5408.0,5329.0
WEEKDAY,CC24,10006.0,9696.0
WEEKDAY,CC25,3957.0,3733.0
WEEKDAY,CC26,3256.0,3461.0
WEEKDAY,CC27,2026.0,2096.0
WEEKDAY,CC28,2332.0,2307.0
WEEKDAY,CC3,2421.0,2240.0
WEEKDAY,CC4/DT15,6317.0,6489.0
WEEKDAY,CC5,2108.0,2139.0
WEEKDAY,CC6,3020.0,3100.0
WEEKDAY,CC7,3739.0,3865.0
WEEKDAY,CC8,4642.0,4040.0
WEEKDAY,CE1/DT16,9253.0,9618.0
WEEKDAY,CG1/DT35,5475.0,5552.0
WEEKDAY,CG2,2548.0,2507.0
WEEKDAY,DT10,2759.0,2170.0
WEEKDAY,DT13,4194.0,4354.0
WEEKDAY,DT17,5810.0,5775.0
WEEKDAY,DT18,5871.0,6291.0
WEEKDAY,DT2,1486.0,1224.0
WEEKDAY,DT20,2278.0,2380.0
WEEKDAY,DT21,2438.0,2194.0
WEEKDAY,DT22,3121.0,3380.0
WEEKDAY,DT23,2014.0,2021.0
WEEKDAY,DT24,3243.0,3177.0
WEEKDAY,DT25,2379.0,2559.0
WEEKDAY,DT27,4809.0,4818.0
WEEKDAY,DT28,6239.0,6002.0
WEEKDAY,DT29,4543.0,4154.0
WEEKDAY,DT3,3718.0,3360.0
WEEKDAY,DT30,4148.0,4016.0
WEEKDAY,DT31,4622.0,4924.0
WEEKDAY,DT33,10282.0,9646.0
WEEKDAY,DT34,2320.0,2137.0
WEEKDAY,DT5,6240.0,6246.0
WEEKDAY,DT6,3382.0,3271.0
WEEKDAY,DT7,2043.0,2238.0
WEEKDAY,DT8,2507.0,2305.0
WEEKDAY,EW1,16834.0,16277.0
WEEKDAY,EW10,6081.0,6178.0
WEEKDAY,EW11,9421.0,9603.0
WEEKDAY,EW12/DT14,19118.0,19759.0
WEEKDAY,EW13/NS25,15269.0,15894.0
WEEKDAY,EW14/NS26,18324.0,17890.0
WEEKDAY,EW15,16065.0,16817.0
WEEKDAY,EW16/NE3,17701.0,16756.0
WEEKDAY,EW17,15361.0,16206.0
WEEKDAY,EW18,10183.0,10736.0
WEEKDAY,EW19,8218.0,7760.0
WEEKDAY,EW2/DT32,28792.0,29620.0
WEEKDAY,EW20,9306.0,8955.0
WEEKDAY,EW22,7984.0,8084.0
WEEKDAY,EW23,26431.0,28191.0
WEEKDAY,EW24/NS1,39719.0,40094.0
WEEKDAY,EW25,5911.0,5546.0
WEEKDAY,EW26,22091.0,19864.0
WEEKDAY,EW27,29622.0,34180.0
WEEKDAY,EW28,18663.0,14319.0
WEEKDAY,EW29,12251.0,12689.0
WEEKDAY,EW3,10078.0,9925.0
WEEKDAY,EW30,3162.0,2730.0
WEEKDAY,EW31,3348.0,2867.0
WEEKDAY,EW32,3238.0,2954.0
WEEKDAY,EW33,1992.0,1939.0
WEEKDAY,EW4,8860.0,7885.0
WEEKDAY,EW5,18896.0,18683.0
WEEKDAY,EW6,5376.0,6469.0
WEEKDAY,EW7,8044.0,9378.0
WEEKDAY,EW8/CC9,22588.0,23411.0
WEEKDAY,EW9,11597.0,11489.0
WEEKDAY,NE1/CC29,15979.0,16290.0
WEEKDAY,NE10,8488.0,8866.0
WEEKDAY,NE11,3754.0,3466.0
WEEKDAY,NE12/CC13,15926.0,14570.0
WEEKDAY,NE13,11676.0,11805.0
WEEKDAY,NE14,18039.0,17951.0
WEEKDAY,NE15,10001.0,9810.0
WEEKDAY,NE16/STC,24640.0,25586.0
WEEKDAY,NE17/PTC,21507.0,20828.0
WEEKDAY,NE4/DT19,23117.0,23018.0
WEEKDAY,NE5,5511.0,5482.0
WEEKDAY,NE7/DT12,11892.0,12636.0
WEEKDAY,NE8,11315.0,13066.0
WEEKDAY,NE9,13811.0,12141.0
WEEKDAY,NS10,32894.0,28885.0
WEEKDAY,NS11,26407.0,26659.0
WEEKDAY,NS12,9037.0,8224.0
WEEKDAY,NS13,33185.0,35170.0
WEEKDAY,NS14,21293.0,19381.0
WEEKDAY,NS15,17982.0,16553.0
WEEKDAY,NS16,29833.0,32267.0
WEEKDAY,NS17/CC15,11749.0,7091.0
WEEKDAY,NS18,9279.0,8487.0
WEEKDAY,NS19,20971.0,22223.0
WEEKDAY,NS2,17829.0,18815.0
WEEKDAY,NS20,17021.0,16592.0
WEEKDAY,NS21/DT11,27564.0,28238.0
WEEKDAY,NS22,23203.0,24945.0
WEEKDAY,NS23,12403.0,13299.0
WEEKDAY,NS24/NE6/CC1,14009.0,12699.0
WEEKDAY,NS27/CE2,1695.0,1634.0
WEEKDAY,NS28,924.0,853.0
WEEKDAY,NS3,13285.0,12983.0
WEEKDAY,NS4/BP1,24092.0,25969.0
WEEKDAY,NS5,20699.0,19644.0
WEEKDAY,NS7,4396.0,4746.0
WEEKDAY,NS8,16061.0,12553.0
WEEKDAY,NS9/TE2,25780.0,32124.0
WEEKDAY,PE1,2091.0,2138.0
WEEKDAY,PE2,3309.0,3121.0
WEEKDAY,PE3,3563.0,3644.0
WEEKDAY,PE4,911.0,907.0
WEEKDAY,PE5,3315.0,3154.0
WEEKDAY,PE6,4108.0,3924.0
WEEKDAY,PE7,2473.0,2442.0
WEEKDAY,PW1,342.0,342.0
WEEKDAY,PW3,295.0,319.0
WEEKDAY,PW4,1073.0,1014.0
WEEKDAY,PW5,1578.0,1573.0
WEEKDAY,PW6,773.0,763.0
WEEKDAY,PW7,1393.0,1581.0
WEEKDAY,SE1,2639.0,2679.0
WEEKDAY,SE2,3381.0,3194.0
WEEKDAY,SE3,1892.0,1778.0
WEEKDAY,SE4,2146.0,2094.0
WEEKDAY,SE5,1792.0,1818.0
WEEKDAY,SW1,1471.0,1548.0
WEEKDAY,SW2,2097.0,1984.0
WEEKDAY,SW3,1633.0,1571.0
WEEKDAY,SW4,808.0,817.0
WEEKDAY,SW5,4580.0,4249.0
WEEKDAY,SW6,2381.0,2316.0
WEEKDAY,SW7,1785.0,1670.0
WEEKDAY,SW8,1365.0,1409.0
WEEKDAY,TE1,1844.0,1590.0
WEEKDAY,TE3,2308.0,1893.0
WEEKENDS/HOLIDAY,BP10,1675.0,1927.0
WEEKENDS/HOLIDAY,BP11,1633.0,1421.0
WEEKENDS/HOLIDAY,BP12,1039.0,842.0
WEEKENDS/HOLIDAY,BP13,681.0,466.0
WEEKENDS/HOLIDAY,BP2,1588.0,1332.0
WEEKENDS/HOLIDAY,BP3,2127.0,1839.0
WEEKENDS/HOLIDAY,BP4,940.0,859.0
WEEKENDS/HOLIDAY,BP5,1097.0,880.0
WEEKENDS/HOLIDAY,BP6/DT1,15366.0,16089.0
WEEKENDS/HOLIDAY,BP7,378.0,556.0
WEEKENDS/HOLIDAY,BP8,928.0,842.0
WEEKENDS/HOLIDAY,BP9,1338.0,1028.0
WEEKENDS/HOLIDAY,CC10/DT26,6332.0,5975.0
WEEKENDS/HOLIDAY,CC11,4083.0,4111.0
WEEKENDS/HOLIDAY,CC12,1715.0,1632.0
WEEKENDS/HOLIDAY,CC14,2479.0,2413.0
WEEKENDS/HOLIDAY,CC16,3226.0,3309.0
WEEKENDS/HOLIDAY,CC17,1218.0,1283.0
WEEKENDS/HOLIDAY,CC19/DT9,3573.0,3970.0
WEEKENDS/HOLIDAY,CC2,988.0,1056.0
WEEKENDS/HOLIDAY,CC20,2085.0,2118.0
WEEKENDS/HOLIDAY,CC21,3786.0,3820.0
WEEKENDS/HOLIDAY,CC22/EW21,6469.0,6204.0
WEEKENDS/HOLIDAY,CC23,1695.0,1694.0
WEEKENDS/HOLIDAY,CC24,2787.0,2760.0
WEEKENDS/HOLIDAY,CC25,2628.0,2390.0
WEEKENDS/HOLIDAY,CC26,1799.0,1838.0
WEEKENDS/HOLIDAY,CC27,828.0,963.0
WEEKENDS/HOLIDAY,CC28,1769.0,1689.0
WEEKENDS/HOLIDAY,CC3,2593.0,2267.0
WEEKENDS/HOLIDAY,CC4/DT15,5414.0,5609.0
WEEKENDS/HOLIDAY,CC5,1963.0,1996.0
WEEKENDS/HOLIDAY,CC6,3695.0,3589.0
WEEKENDS/HOLIDAY,CC7,2632.0,2936.0
WEEKENDS/HOLIDAY,CC8,3050.0,2931.0
WEEKENDS/HOLIDAY,CE1/DT16,12134.0,12179.0
WEEKENDS/HOLIDAY,CG1/DT35,3370.0,3415.0
WEEKENDS/HOLIDAY,CG2,2565.0,2486.0
WEEKENDS/HOLIDAY,DT10,1637.0,1326.0
WEEKENDS/HOLIDAY,DT13,3547.0,3874.0
WEEKENDS/HOLIDAY,DT17,1612.0,1559.0
WEEKENDS/HOLIDAY,DT18,1786.0,2004.0
WEEKENDS/HOLIDAY,DT2,700.0,602.0
WEEKENDS/HOLIDAY,DT20,1777.0,1923.0
WEEKENDS/HOLIDAY,DT21,1843.0,1660.0
WEEKENDS/HOLIDAY,DT22,2999.0,3388.0
WEEKENDS/HOLIDAY,DT23,899.0,925.0
WEEKENDS/HOLIDAY,DT24,2235.0,2238.0
WEEKENDS/HOLIDAY,DT25,1398.0,1430.0
WEEKENDS/HOLIDAY,DT27,2575.0,2557.0
WEEKENDS/HOLIDAY,DT28,3456.0,3249.0
WEEKENDS/HOLIDAY,DT29,2971.0,2793.0
WEEKENDS/HOLIDAY,DT3,3131.0,2843.0
WEEKENDS/HOLIDAY,DT30,2866.0,2762.0
WEEKENDS/HOLIDAY,DT31,2940.0,3123.0
WEEKENDS/HOLIDAY,DT33,6632.0,6115.0
WEEKENDS/HOLIDAY,DT34,1523.0,1405.0
WEEKENDS/HOLIDAY,DT5,5812.0,5551.0
WEEKENDS/HOLIDAY,DT6,2017.0,2053.0
WEEKENDS/HOLIDAY,DT7,1356.0,1553.0
WEEKENDS/HOLIDAY,DT8,1166.0,1152.0
WEEKENDS/HOLIDAY,EW1,12457.0,11798.0
WEEKENDS/HOLIDAY,EW10,5526.0,5652.0
WEEKENDS/HOLIDAY,EW11,6785.0,7044.0
WEEKENDS/HOLIDAY,EW12/DT14,19691.0,20424.0
WEEKENDS/HOLIDAY,EW13/NS25,16693.0,16913.0
WEEKENDS/HOLIDAY,EW14/NS26,5428.0,5192.0
WEEKENDS/HOLIDAY,EW15,7448.0,7792.0
WEEKENDS/HOLIDAY,EW16/NE3,7804.0,7238.0
WEEKENDS/HOLIDAY,EW17,11586.0,12255.0
WEEKENDS/HOLIDAY,EW18,6845.0,7045.0
WEEKENDS/HOLIDAY,EW19,5598.0,5600.0
WEEKENDS/HOLIDAY,EW2/DT32,22555.0,22540.0
WEEKENDS/HOLIDAY,EW20,6289.0,6059.0
WEEKENDS/HOLIDAY,EW22,2020.0,2276.0
WEEKENDS/HOLIDAY,EW23,18522.0,19130.0
WEEKENDS/HOLIDAY,EW24/NS1,31178.0,31032.0
WEEKENDS/HOLIDAY,EW25,4032.0,4159.0
WEEKENDS/HOLIDAY,EW26,15027.0,13584.0
WEEKENDS/HOLIDAY,EW27,21346.0,23585.0
WEEKENDS/HOLIDAY,EW28,11480.0,9329.0
WEEKENDS/HOLIDAY,EW29,6988.0,7127.0
WEEKENDS/HOLIDAY,EW3,7265.0,7155.0
WEEKENDS/HOLIDAY,EW30,904.0,764.0
WEEKENDS/HOLIDAY,EW31,1097.0,921.0
WEEKENDS/HOLIDAY,EW32,1042.0,959.0
WEEKENDS/HOLIDAY,EW33,816.0,837.0
WEEKENDS/HOLIDAY,EW4,5795.0,5254.0
WEEKENDS/HOLIDAY,EW5,15140.0,14985.0
WEEKENDS/HOLIDAY,EW6,4363.0,4924.0
WEEKENDS/HOLIDAY,EW7,6273.0,6874.0
WEEKENDS/HOLIDAY,EW8/CC9,22483.0,23422.0
WEEKENDS/HOLIDAY,EW9,9524.0,9746.0
WEEKENDS/HOLIDAY,NE1/CC29,17186.0,16998.0
WEEKENDS/HOLIDAY,NE10,6224.0,6259.0
WEEKENDS/HOLIDAY,NE11,2253.0,2128.0
WEEKENDS/HOLIDAY,NE12/CC13,13094.0,12252.0
WEEKENDS/HOLIDAY,NE13,10271.0,10226.0
WEEKENDS/HOLIDAY,NE14,13656.0,13454.0
WEEKENDS/HOLIDAY,NE15,7594.0,7358.0
WEEKENDS/HOLIDAY,NE16/STC,19238.0,19891.0
WEEKENDS/HOLIDAY,NE17/PTC,18356.0,17547.0
WEEKENDS/HOLIDAY,NE4/DT19,21730.0,21951.0
WEEKENDS/HOLIDAY,NE5,4025.0,4000.0
WEEKENDS/HOLIDAY,NE7/DT12,11627.0,12875.0
WEEKENDS/HOLIDAY,NE8,12099.0,13452.0
WEEKENDS/HOLIDAY,NE9,10418.0,9205.0
WEEKENDS/HOLIDAY,NS10,21633.0,19124.0
WEEKENDS/HOLIDAY,NS11,19110.0,18864.0
WEEKENDS/HOLIDAY,NS12,6503.0,5959.0
WEEKENDS/HOLIDAY,NS13,24467.0,25365.0
WEEKENDS/HOLIDAY,NS14,14526.0,13182.0
WEEKENDS/HOLIDAY,NS15,7113.0,6495.0
WEEKENDS/HOLIDAY,NS16,22573.0,23937.0
WEEKENDS/HOLIDAY,NS17/CC15,7370.0,4590.0
WEEKENDS/HOLIDAY,NS18,6877.0,6506.0
WEEKENDS/HOLIDAY,NS19,16887.0,17490.0
WEEKENDS/HOLIDAY,NS2,12184.0,12731.0
WEEKENDS/HOLIDAY,NS20,10025.0,9900.0
WEEKENDS/HOLIDAY,NS21/DT11,22624.0,23369.0
WEEKENDS/HOLIDAY,NS22,24793.0,26084.0
WEEKENDS/HOLIDAY,NS23,12798.0,13467.0
WEEKENDS/HOLIDAY,NS24/NE6/CC1,14014.0,13032.0
WEEKENDS/HOLIDAY,NS27/CE2,738.0,867.0
WEEKENDS/HOLIDAY,NS28,1596.0,1427.0
WEEKENDS/HOLIDAY,NS3,9847.0,9712.0
WEEKENDS/HOLIDAY,NS4/BP1,16234.0,17372.0
WEEKENDS/HOLIDAY,NS5,13566.0,13253.0
WEEKENDS/HOLIDAY,NS7,3431.0,3373.0
WEEKENDS/HOLIDAY,NS8,11114.0,9212.0
WEEKENDS/HOLIDAY,NS9/TE2,19723.0,22757.0
WEEKENDS/HOLIDAY,PE1,1616.0,1630.0
WEEKENDS/HOLIDAY,PE2,2390.0,2269.0
WEEKENDS/HOLIDAY,PE3,2871.0,2834.0
WEEKENDS/HOLIDAY,PE4,852.0,883.0
WEEKENDS/HOLIDAY,PE5,2277.0,2182.0
WEEKENDS/HOLIDAY,PE6,3114.0,2916.0
WEEKENDS/HOLIDAY,PE7,1829.0,1777.0
WEEKENDS/HOLIDAY,PW1,459.0,443.0
WEEKENDS/HOLIDAY,PW3,224.0,251.0
WEEKENDS/HOLIDAY,PW4,900.0,835.0
WEEKENDS/HOLIDAY,PW5,1212.0,1238.0
WEEKENDS/HOLIDAY,PW6,599.0,543.0
WEEKENDS/HOLIDAY,PW7,1029.0,1164.0
WEEKENDS/HOLIDAY,SE1,1894.0,1892.0
WEEKENDS/HOLIDAY,SE2,2600.0,2484.0
WEEKENDS/HOLIDAY,SE3,1365.0,1306.0
WEEKENDS/HOLIDAY,SE4,1828.0,1733.0
WEEKENDS/HOLIDAY,SE5,1173.0,1199.0
WEEKENDS/HOLIDAY,SW1,813.0,789.0
WEEKENDS/HOLIDAY,SW2,1704.0,1598.0
WEEKENDS/HOLIDAY,SW3,1118.0,1105.0
WEEKENDS/HOLIDAY,SW4,601.0,614.0
WEEKENDS/HOLIDAY,SW5,3642.0,3450.0
WEEKENDS/HOLIDAY,SW6,1583.0,1516.0
WEEKENDS/HOLIDAY,SW7,1357.0,1270.0
WEEKENDS/HOLIDAY,SW8,914.0,918.0
WEEKENDS/HOLIDAY,TE1,402.0,377.0
WEEKENDS/HOLIDAY,TE3,1238.0,966.0
