,,TOTAL_TAP_IN_VOLUME,TOTAL_TAP_IN_VOLUME,TOTAL_TAP_IN_VOLUME,TOTAL_TAP_IN_VOLUME,TOTAL_TAP_IN_VOLUME,TOTAL_TAP_IN_VOLUME,TOTAL_TAP_IN_VOLUME,TOTAL_TAP_IN_VOLUME,TOTAL_TAP_IN_VOLUME,TOTAL_TAP_IN_VOLUME,TOTAL_TAP_IN_VOLUME,TOTAL_TAP_IN_VOLUME,TOTAL_TAP_IN_VOLUME,TOTAL_TAP_IN_VOLUME,TOTAL_TAP_IN_VOLUME,TOTAL_TAP_IN_VOLUME,TOTAL_TAP_IN_VOLUME,TOTAL_TAP_IN_VOLUME,TOTAL_TAP_IN_VOLUME,TOTAL_TAP_OUT_VOLUME,TOTAL_TAP_OUT_VOLUME,TOTAL_TAP_OUT_VOLUME,TOTAL_TAP_OUT_VOLUME,TOTAL_TAP_OUT_VOLUME,TOTAL_TAP_OUT_VOLUME,TOTAL_TAP_OUT_VOLUME,TOTAL_TAP_OUT_VOLUME,TOTAL_TAP_OUT_VOLUME,TOTAL_TAP_OUT_VOLUME,TOTAL_TAP_OUT_VOLUME,TOTAL_TAP_OUT_VOLUME,TOTAL_TAP_OUT_VOLUME,TOTAL_TAP_OUT_VOLUME,TOTAL_TAP_OUT_VOLUME,TOTAL_TAP_OUT_VOLUME,TOTAL_TAP_OUT_VOLUME,TOTAL_TAP_OUT_VOLUME,TOTAL_TAP_OUT_VOLUME
month,,201807,201808,201809,201810,201811,201812,201901,201902,201903,201904,201905,201906,201907,201908,201909,201910,201911,201912,202001,201807,201808,201809,201810,201811,201812,201901,201902,201903,201904,201905,201906,201907,201908,201909,201910,201911,201912,202001
DAY_TYPE,PT_CODE,,,,,,,,,,,,,,,,,,,,,,,,,,,,,,,,,,,,,,
WEEKDAY,BP10,4626.0,4641.0,4493.0,4535.0,4370.0,4179.0,4673.0,4527.0,4513.0,4544.0,4545.0,4117.0,4489.0,4414.0,4279.0,4325.0,4018.0,3379.0,3814.0,4673.0,4693.0,4555.0,4639.0,4453.0,4180.0,4756.0,4589.0,4498.0,4466.0,4535.0,4078.0,4480.0,4440.0,4260.0,4348.0,3990.0,3634.0,4153.0
WEEKDAY,BP11,4931.0,4945.0,4821.0,4946.0,4759.0,4507.0,5042.0,4897.0,4861.0,4936.0,4883.0,4440.0,4837.0,4641.0,4508.0,4590.0,4186.0,3599.0,4007.0,4332.0,4309.0,4166.0,4264.0,4091.0,3733.0,4362.0,4190.0,4056.0,4186.0,4130.0,3718.0,4064.0,3983.0,3852.0,3902.0,3560.0,2884.0,3321.0
WEEKDAY,BP12,4500.0,4494.0,4340.0,4426.0,3731.0,3434.0,4539.0,4440.0,4284.0,4424.0,4463.0,3425.0,4306.0,4169.0,3891.0,3944.0,3338.0,2688.0,3478.0,4089.0,4062.0,3915.0,4008.0,3408.0,3018.0,4030.0,3906.0,3741.0,3819.0,3867.0,2969.0,3702.0,3662.0,3358.0,3472.0,2938.0,2074.0,2714.0
WEEKDAY,BP13,2434.0,2419.0,2367.0,2367.0,2262.0,2119.0,2354.0,2298.0,2252.0,2312.0,2280.0,2037.0,2227.0,2123.0,2059.0,2099.0,1920.0,1626.0,1759.0,2187.0,2158.0,2116.0,2128.0,1997.0,1824.0,2116.0,1986.0,1957.0,1996.0,2001.0,1722.0,1921.0,1866.0,1792.0,1856.0,1684.0,1088.0,1236.0
WEEKDAY,BP14,71.0,76.0,66.0,77.0,110.0,102.0,37.0,0.0,0.0,0.0,0.0,0.0,0.0,0.0,0.0,0.0,0.0,0.0,0.0,63.0,69.0,58.0,60.0,81.0,84.0,28.0,0.0,0.0,0.0,0.0,0.0,0.0,0.0,0.0,0.0,0.0,0.0,0.0
WEEKDAY,BP2,4367.0,4338.0,4306.0,4352.0,4116.0,3927.0,4571.0,4520.0,4474.0,4588.0,4557.0,4017.0,4540.0,4341.0,4144.0,4191.0,3794.0,3378.0,3908.0,3588.0,3604.0,3558.0,3587.0,3444.0,3132.0,3656.0,3513.0,3390.0,3472.0,3491.0,3092.0,3442.0,3399.0,3235.0,3268.0,2921.0,2578.0,3041.0
WEEKDAY,BP3,5090.0,5228.0,5150.0,5275.0,5120.0,4920.0,5510.0,5402.0,5372.0,5456.0,5462.0,4961.0,5422.0,5296.0,5091.0,5157.0,4765.0,4399.0,4821.0,4333.0,4440.0,4385.0,4523.0,4408.0,4105.0,4686.0,4518.0,4437.0,4476.0,4564.0,4104.0,4507.0,4475.0,4325.0,4366.0,3991.0,3622.0,4184.0
WEEKDAY,BP4,5070.0,5464.0,3546.0,5308.0,4693.0,2609.0,5678.0,5790.0,4016.0,6049.0,5612.0,2649.0,4961.0,5310.0,3247.0,4976.0,4393.0,2226.0,4485.0,4832.0,5236.0,3308.0,5166.0,4502.0,2391.0,5460.0,5600.0,3741.0,5746.0,5270.0,2409.0,4675.0,5117.0,3013.0,4798.0,4158.0,2025.0,4416.0
WEEKDAY,BP5,3014.0,2993.0,2946.0,2933.0,2766.0,2569.0,2957.0,2856.0,2794.0,2841.0,2814.0,2447.0,2733.0,2698.0,2644.0,2675.0,2464.0,2144.0,2420.0,2254.0,2262.0,2214.0,2261.0,2111.0,1928.0,2237.0,2135.0,2090.0,2106.0,2151.0,1846.0,2075.0,2073.0,1998.0,2026.0,1861.0,1669.0,1870.0
WEEKDAY,BP6,15203.0,15305.0,14715.0,15389.0,14654.0,13344.0,15052.0,14435.0,13992.0,14172.0,14128.0,13013.0,13558.0,13688.0,13219.0,13324.0,11212.0,10461.0,12332.0,17928.0,18261.0,17830.0,18106.0,17453.0,16508.0,18414.0,17994.0,17935.0,18161.0,17870.0,16211.0,17280.0,16921.0,16577.0,16481.0,13754.0,13499.0,15601.0
WEEKDAY,BP7,2108.0,2129.0,2046.0,2087.0,1954.0,1870.0,2180.0,2071.0,2055.0,2076.0,2044.0,1792.0,2013.0,1963.0,1911.0,1900.0,1728.0,1294.0,1421.0,1893.0,1901.0,1844.0,1887.0,1751.0,1619.0,1930.0,1840.0,1785.0,1831.0,1821.0,1565.0,1774.0,1761.0,1689.0,1691.0,1533.0,1297.0,1393.0
WEEKDAY,BP8,3642.0,3639.0,3517.0,3583.0,3374.0,3015.0,3590.0,3436.0,3372.0,3472.0,3393.0,2901.0,3390.0,3351.0,3142.0,3218.0,2954.0,2308.0,2640.0,3387.0,3414.0,3268.0,3294.0,3175.0,2793.0,3376.0,3216.0,3108.0,3194.0,3161.0,2717.0,3146.0,3108.0,2916.0,3033.0,2811.0,2072.0,2373.0
WEEKDAY,BP9,3556.0,3605.0,3395.0,3453.0,3071.0,2868.0,3770.0,3707.0,3540.0,3624.0,3711.0,2937.0,3573.0,3518.0,3282.0,3369.0,2871.0,2368.0,3103.0,3568.0,3647.0,3380.0,3452.0,3059.0,2796.0,3715.0,3622.0,3442.0,3531.0,3628.0,2910.0,3462.0,3437.0,3230.0,3291.0,2822.0,2148.0,2948.0
WEEKDAY,CC1-NE6-NS24,39949.0,41256.0,40206.0,39460.0,40118.0,43161.0,40178.0,37925.0,39862.0,36601.0,36405.0,36971.0,36094.0,36068.0,35295.0,33891.0,34230.0,36567.0,30808.0,38557.0,39933.0,38311.0,37692.0,38749.0,42199.0,37891.0,36045.0,38104.0,35117.0,34960.0,36011.0,34522.0,34402.0,33296.0,31957.0,32674.0,35745.0,30839.0
WEEKDAY,CC10,18532.0,18408.0,18248.0,18298.0,17952.0,17530.0,18244.0,17688.0,18144.0,17926.0,18057.0,17221.0,17635.0,17496.0,17242.0,17112.0,16849.0,16309.0,15989.0,17346.0,17225.0,17106.0,17144.0,16757.0,16292.0,17005.0,16567.0,17042.0,16800.0,16936.0,16170.0,16543.0,16460.0,16264.0,16092.0,15878.0,15348.0,15312.0
WEEKDAY,CC11,20398.0,20292.0,20561.0,20354.0,20473.0,19724.0,20645.0,19198.0,21252.0,20624.0,20903.0,20100.0,20099.0,19713.0,19685.0,19488.0,19219.0,18288.0,17458.0,20567.0,20454.0,20823.0,20652.0,20745.0,19816.0,20897.0,19422.0,21667.0,21071.0,21252.0,20452.0,20437.0,20048.0,20162.0,19944.0,19634.0,18510.0,17915.0
WEEKDAY,CC12,7647.0,7281.0,6752.0,7166.0,6162.0,4891.0,7635.0,7296.0,6716.0,7272.0,7403.0,5169.0,7305.0,7260.0,6588.0,7031.0,5863.0,4612.0,6921.0,6336.0,6054.0,5695.0,5942.0,5081.0,4173.0,6355.0,6112.0,5727.0,6105.0,6191.0,4517.0,6157.0,6117.0,5672.0,5922.0,5006.0,4054.0,5900.0
WEEKDAY,CC14,8971.0,9425.0,9022.0,8929.0,8592.0,6662.0,8548.0,9173.0,8852.0,8684.0,8904.0,7058.0,8273.0,8682.0,8206.0,8087.0,7963.0,6109.0,7424.0,8434.0,8798.0,8450.0,8362.0,7997.0,6168.0,8006.0,8749.0,8364.0,8242.0,8337.0,6549.0,7728.0,8084.0,7595.0,7516.0,7320.0,5609.0,6933.0
WEEKDAY,CC16,12869.0,12778.0,12039.0,12476.0,11470.0,9498.0,12172.0,12272.0,12363.0,12381.0,12463.0,10016.0,12101.0,12184.0,11177.0,11429.0,10731.0,8817.0,10571.0,11963.0,11892.0,11214.0,11586.0,10715.0,9076.0,11527.0,11611.0,11805.0,11771.0,11763.0,9639.0,11366.0,11420.0,10587.0,10796.0,10148.0,8510.0,10271.0
WEEKDAY,CC17,4503.0,4546.0,4458.0,4546.0,4348.0,3689.0,4692.0,4656.0,4596.0,4620.0,4540.0,3875.0,4440.0,4584.0,4452.0,4477.0,4284.0,3522.0,4318.0,4310.0,4422.0,4338.0,4362.0,4194.0,3553.0,4549.0,4546.0,4473.0,4474.0,4478.0,3789.0,4220.0,4366.0,4218.0,4234.0,4060.0,3358.0,4149.0
WEEKDAY,CC19,7819.0,8240.0,7735.0,7843.0,7329.0,6446.0,7782.0,8103.0,7953.0,7602.0,7060.0,6644.0,7363.0,7614.0,7132.0,7298.0,6766.0,5801.0,6930.0,8498.0,8835.0,8246.0,8422.0,7914.0,6972.0,8397.0,8633.0,8438.0,8064.0,7558.0,7174.0,8015.0,8230.0,7714.0,7833.0,7320.0,6371.0,7642.0
WEEKDAY,CC2,6380.0,7606.0,8056.0,7442.0,6954.0,5415.0,6796.0,6498.0,7002.0,6465.0,5186.0,5197.0,5278.0,6407.0,6718.0,6260.0,5968.0,4506.0,5516.0,6926.0,8377.0,8811.0,8198.0,7730.0,5784.0,7501.0,7248.0,7806.0,7020.0,5599.0,5468.0,5694.0,6993.0,7340.0,6892.0,6614.0,4733.0,6169.0
WEEKDAY,CC20,6278.0,6321.0,6191.0,6242.0,5803.0,4966.0,6501.0,6390.0,6287.0,6320.0,6267.0,5178.0,5956.0,5950.0,5748.0,5766.0,5236.0,4379.0,5558.0,6035.0,6168.0,6038.0,6114.0,5759.0,4936.0,6417.0,6327.0,6251.0,6258.0,6122.0,5177.0,5935.0,5961.0,5757.0,5766.0,5297.0,4429.0,5575.0
WEEKDAY,CC21,9610.0,10118.0,9609.0,9576.0,9130.0,8654.0,9844.0,9687.0,9584.0,9357.0,9153.0,8471.0,8991.0,9179.0,8629.0,8533.0,8275.0,7514.0,8210.0,10505.0,11050.0,10557.0,10421.0,9997.0,9398.0,10675.0,10579.0,10498.0,10187.0,10065.0,9279.0,9692.0,9934.0,9456.0,9222.0,9032.0,8180.0,8981.0
WEEKDAY,CC23,19564.0,19469.0,20457.0,20038.0,19511.0,16628.0,19918.0,19162.0,19898.0,18843.0,18691.0,17493.0,17615.0,16926.0,17556.0,16940.0,16409.0,13660.0,15151.0,19513.0,19349.0,20034.0,19832.0,19088.0,16394.0,19575.0,18778.0,19637.0,18687.0,18360.0,17252.0,17477.0,16777.0,17113.0,16711.0,16051.0,13512.0,15072.0
WEEKDAY,CC24,23407.0,27325.0,26972.0,27351.0,25180.0,20222.0,25511.0,25346.0,26584.0,24734.0,21678.0,20712.0,22181.0,25255.0,24659.0,24963.0,22509.0,17653.0,21261.0,23192.0,26795.0,26385.0,26949.0,24642.0,19725.0,25174.0,24924.0,26229.0,24476.0,21293.0,20477.0,21968.0,24911.0,24441.0,24712.0,22287.0,17255.0,21225.0
WEEKDAY,CC25,8181.0,8382.0,8412.0,8304.0,8069.0,7337.0,8248.0,8238.0,8587.0,8147.0,7838.0,7690.0,7937.0,8391.0,7953.0,7867.0,7533.0,6836.0,7194.0,7534.0,7653.0,7648.0,7606.0,7356.0,6665.0,7527.0,7509.0,7804.0,7502.0,7334.0,7146.0,7391.0,7734.0,7280.0,7227.0,6928.0,6307.0,6777.0
WEEKDAY,CC26,5524.0,5641.0,5698.0,5818.0,5714.0,5447.0,5919.0,5669.0,6015.0,6015.0,6053.0,5906.0,6127.0,5975.0,5983.0,5973.0,6084.0,5550.0,5501.0,5735.0,5848.0,5914.0,6041.0,5944.0,5726.0,6134.0,5941.0,6264.0,6199.0,6205.0,6063.0,6227.0,6119.0,6195.0,6207.0,6255.0,5677.0,5701.0
WEEKDAY,CC27,8922.0,8846.0,9129.0,9049.0,8833.0,8076.0,9608.0,9156.0,9475.0,9179.0,9095.0,8720.0,8718.0,8320.0,8214.0,8022.0,7945.0,6877.0,7475.0,8769.0,8756.0,8963.0,8972.0,8863.0,8032.0,9465.0,9118.0,9421.0,9165.0,9069.0,8650.0,8710.0,8327.0,8270.0,8064.0,8028.0,6959.0,7649.0
WEEKDAY,CC28,4296.0,4332.0,4418.0,4413.0,4290.0,4028.0,4348.0,4307.0,4322.0,4179.0,4133.0,3911.0,4087.0,4074.0,3986.0,3943.0,3915.0,3703.0,3827.0,4723.0,4777.0,4770.0,4838.0,4669.0,4333.0,4729.0,4674.0,4698.0,4622.0,4524.0,4242.0,4445.0,4415.0,4316.0,4261.0,4144.0,3832.0,4061.0
WEEKDAY,CC3,8613.0,8754.0,9777.0,8393.0,8680.0,9577.0,8305.0,8463.0,8878.0,8162.0,8098.0,8091.0,8060.0,8120.0,8771.0,7651.0,7953.0,8469.0,6856.0,8166.0,8444.0,9145.0,7960.0,8254.0,9086.0,7852.0,8130.0,8363.0,7741.0,7803.0,7694.0,7670.0,7722.0,8342.0,7438.0,7674.0,8035.0,6808.0
WEEKDAY,CC4-DT15,21541.0,21638.0,22846.0,20603.0,20949.0,21097.0,21302.0,21967.0,22392.0,20797.0,20675.0,20246.0,20418.0,20048.0,21063.0,19212.0,19230.0,19087.0,17903.0,22163.0,22592.0,23775.0,21489.0,21967.0,22860.0,22201.0,23222.0,23309.0,21555.0,21482.0,21136.0,20879.0,20783.0,21941.0,19852.0,19971.0,20278.0,18934.0
WEEKDAY,CC5,5567.0,5565.0,6163.0,5341.0,5137.0,5039.0,5275.0,5330.0,5433.0,5298.0,5200.0,5236.0,5323.0,5335.0,5698.0,4994.0,4801.0,4766.0,4575.0,5814.0,5943.0,6488.0,5597.0,5477.0,5402.0,5561.0,5521.0,5751.0,5568.0,5470.0,5499.0,5551.0,5646.0,6019.0,5211.0,5084.0,5024.0,4868.0
WEEKDAY,CC6,9943.0,9672.0,9463.0,9515.0,9582.0,8983.0,8840.0,9049.0,10661.0,10217.0,9405.0,8732.0,8102.0,8916.0,8550.0,8197.0,7750.0,7648.0,7577.0,10282.0,9964.0,9781.0,9875.0,9839.0,9112.0,9146.0,9316.0,10788.0,10676.0,9775.0,8966.0,8405.0,9097.0,8809.0,8630.0,7961.0,7860.0,7994.0
WEEKDAY,CC7,7981.0,7876.0,7842.0,7768.0,7212.0,6571.0,8300.0,8282.0,8310.0,8281.0,8142.0,7000.0,8084.0,8028.0,7649.0,7746.0,7129.0,6179.0,7149.0,8073.0,7984.0,8042.0,7920.0,7632.0,7003.0,8662.0,8642.0,8597.0,8429.0,8358.0,7533.0,8244.0,8195.0,7964.0,8013.0,7588.0,6656.0,7457.0
WEEKDAY,CC8,9590.0,9528.0,9452.0,9405.0,8251.0,7238.0,9810.0,9506.0,9344.0,9599.0,9486.0,7350.0,9165.0,9336.0,8830.0,8792.0,7496.0,6493.0,8448.0,8523.0,8457.0,8463.0,8263.0,7626.0,6843.0,8676.0,8459.0,8416.0,8383.0,8229.0,6806.0,7974.0,8081.0,7727.0,7597.0,6800.0,6044.0,7529.0
WEEKDAY,CE1,29907.0,29109.0,29535.0,26572.0,26092.0,34193.0,26589.0,29419.0,28952.0,27015.0,26015.0,28174.0,29464.0,28359.0,27783.0,25894.0,24914.0,32510.0,24744.0,29107.0,28850.0,29320.0,26344.0,25974.0,35601.0,26405.0,29292.0,28468.0,26666.0,25948.0,27889.0,28640.0,28016.0,27615.0,25637.0,24941.0,34093.0,24960.0
WEEKDAY,CG1,17291.0,18691.0,17496.0,18446.0,20044.0,16655.0,17421.0,17393.0,18437.0,17856.0,20215.0,17307.0,16238.0,16776.0,16648.0,16974.0,17379.0,14496.0,14302.0,17925.0,19503.0,18041.0,19065.0,20739.0,17270.0,18131.0,17904.0,19435.0,18426.0,20588.0,18360.0,16793.0,17402.0,17293.0,17620.0,17991.0,15125.0,15090.0
WEEKDAY,CG2,19876.0,20473.0,19382.0,18706.0,19201.0,19526.0,19108.0,19930.0,19385.0,25624.0,24736.0,25820.0,23378.0,22594.0,21709.0,20518.0,20940.0,22282.0,18822.0,18489.0,19542.0,18586.0,17649.0,18369.0,18904.0,17951.0,18160.0,18308.0,25768.0,24636.0,25236.0,22389.0,22031.0,21150.0,19867.0,20340.0,22352.0,18471.0
WEEKDAY,DT1,33673.0,33837.0,33398.0,33661.0,33478.0,31555.0,34243.0,33503.0,33735.0,32956.0,32758.0,30586.0,31516.0,31712.0,31128.0,30535.0,27564.0,27452.0,29623.0,32316.0,32269.0,32218.0,32505.0,31589.0,29560.0,33162.0,32202.0,32414.0,32218.0,31993.0,29251.0,31217.0,30471.0,29813.0,29715.0,26995.0,25578.0,28946.0
WEEKDAY,DT10,6040.0,6004.0,5829.0,5931.0,5103.0,4450.0,6320.0,6305.0,5967.0,6121.0,6037.0,4591.0,5862.0,5792.0,5548.0,5461.0,4689.0,4076.0,5675.0,4785.0,4741.0,4614.0,4642.0,4157.0,3498.0,4994.0,4939.0,4745.0,4828.0,4824.0,3761.0,4646.0,4710.0,4595.0,4514.0,3948.0,3337.0,4667.0
WEEKDAY,DT11,32905.0,33574.0,32341.0,32402.0,32968.0,31246.0,33934.0,32943.0,32327.0,31174.0,31382.0,30944.0,29548.0,30807.0,28635.0,29056.0,23874.0,26275.0,29413.0,34391.0,35001.0,34314.0,34455.0,34180.0,33246.0,35804.0,34911.0,35318.0,34294.0,33704.0,32255.0,33374.0,32239.0,29825.0,30768.0,25566.0,26851.0,30749.0
WEEKDAY,DT13,9935.0,10767.0,11088.0,10754.0,10276.0,9309.0,10916.0,10549.0,11120.0,10497.0,9600.0,9161.0,9624.0,10396.0,10233.0,10155.0,9340.0,8451.0,9591.0,10232.0,11251.0,11411.0,11152.0,10717.0,9566.0,11308.0,11029.0,11502.0,10718.0,9936.0,9564.0,9791.0,10868.0,10922.0,10568.0,9743.0,8822.0,10282.0
WEEKDAY,DT17,29991.0,29560.0,30354.0,29933.0,28692.0,26058.0,30932.0,29756.0,30473.0,29390.0,28494.0,26385.0,26964.0,25977.0,25508.0,24416.0,23192.0,20766.0,22428.0,30985.0,30695.0,31389.0,30835.0,29933.0,27042.0,31870.0,30854.0,30951.0,30123.0,29157.0,27439.0,27669.0,25977.0,26446.0,25210.0,23924.0,21387.0,23443.0
WEEKDAY,DT18,20198.0,20299.0,20836.0,20872.0,20500.0,18826.0,21859.0,21567.0,22366.0,21913.0,21530.0,20536.0,20680.0,20132.0,20029.0,19023.0,18340.0,16132.0,17053.0,21328.0,21546.0,22020.0,22103.0,22032.0,20406.0,23346.0,23057.0,23871.0,23231.0,22784.0,22068.0,22059.0,21389.0,21302.0,20330.0,19806.0,17370.0,18748.0
WEEKDAY,DT2,3334.0,3305.0,3293.0,3165.0,2847.0,2517.0,3415.0,3281.0,3297.0,3326.0,3281.0,2717.0,3263.0,3184.0,2952.0,3058.0,2707.0,2489.0,3278.0,2678.0,2636.0,2667.0,2532.0,2301.0,2009.0,2659.0,2547.0,2553.0,2536.0,2518.0,2211.0,2545.0,2477.0,2286.0,2272.0,2050.0,1815.0,2421.0
WEEKDAY,DT20,7679.0,7866.0,7630.0,7629.0,7508.0,7299.0,8164.0,7904.0,7820.0,7732.0,7460.0,7712.0,7752.0,7748.0,7395.0,7317.0,7114.0,7020.0,6873.0,8417.0,8733.0,8308.0,8397.0,8300.0,8138.0,8693.0,8672.0,8602.0,8481.0,8252.0,8822.0,8677.0,8731.0,8355.0,8265.0,8025.0,8177.0,7827.0
WEEKDAY,DT21,7634.0,8695.0,8739.0,8474.0,8047.0,6779.0,8473.0,8317.0,8696.0,7976.0,7380.0,7189.0,7520.0,8237.0,8186.0,7821.0,7504.0,6259.0,7244.0,7680.0,8802.0,8729.0,8564.0,8147.0,6760.0,8515.0,8381.0,8760.0,8046.0,7410.0,7292.0,7617.0,8389.0,8332.0,7987.0,7640.0,6338.0,7737.0
WEEKDAY,DT22,6617.0,6813.0,6720.0,6761.0,6730.0,6716.0,7134.0,7050.0,7042.0,6896.0,6932.0,6717.0,7044.0,6986.0,6871.0,6936.0,6807.0,6754.0,6873.0,6885.0,7167.0,7051.0,7117.0,7188.0,7126.0,7524.0,7453.0,7467.0,7256.0,7289.0,7206.0,7470.0,7468.0,7343.0,7481.0,7346.0,7324.0,7581.0
WEEKDAY,DT23,4668.0,4698.0,4761.0,4765.0,4752.0,4479.0,5034.0,4733.0,5135.0,5049.0,5058.0,4921.0,5123.0,4990.0,4961.0,4788.0,4783.0,4301.0,4382.0,4662.0,4700.0,4757.0,4745.0,4775.0,4481.0,5058.0,4768.0,5163.0,5114.0,5112.0,5002.0,5195.0,5059.0,4978.0,4812.0,4786.0,4340.0,4502.0
WEEKDAY,DT24,5130.0,5257.0,5368.0,5356.0,5342.0,5106.0,5575.0,5408.0,5631.0,5613.0,5622.0,5343.0,5605.0,5592.0,5521.0,5451.0,5327.0,5045.0,5035.0,4860.0,4990.0,5056.0,5033.0,4983.0,4735.0,5234.0,5098.0,5257.0,5261.0,5291.0,5034.0,5262.0,5242.0,5192.0,5103.0,5017.0,4687.0,4886.0
WEEKDAY,DT25,3765.0,3824.0,3861.0,3937.0,3949.0,3710.0,4231.0,4081.0,4219.0,4158.0,4179.0,3901.0,4150.0,4214.0,4084.0,4124.0,4005.0,3705.0,4033.0,3853.0,3930.0,3985.0,4045.0,4070.0,3812.0,4313.0,4109.0,4310.0,4259.0,4298.0,4052.0,4291.0,4359.0,4259.0,4227.0,4154.0,3835.0,4262.0
WEEKDAY,DT27,7838.0,7936.0,8018.0,8140.0,7946.0,7552.0,8555.0,8029.0,8414.0,8532.0,8481.0,7671.0,8405.0,8336.0,8073.0,8079.0,7732.0,7440.0,7808.0,7612.0,7690.0,7805.0,7939.0,7748.0,7393.0,8339.0,7920.0,8245.0,8341.0,8201.0,7635.0,8184.0,8106.0,7901.0,7886.0,7567.0,7280.0,7743.0
WEEKDAY,DT28,10926.0,11099.0,11166.0,11234.0,11208.0,10787.0,11582.0,11113.0,11566.0,11639.0,11779.0,11182.0,11555.0,11436.0,11212.0,11150.0,10929.0,10449.0,10304.0,10194.0,10352.0,10417.0,10552.0,10481.0,9892.0,10854.0,10383.0,10839.0,10947.0,11004.0,10451.0,10788.0,10642.0,10484.0,10526.0,10248.0,9683.0,9984.0
WEEKDAY,DT29,6982.0,7172.0,7278.0,7438.0,7387.0,7029.0,7665.0,7471.0,7646.0,7646.0,7582.0,7168.0,7514.0,7480.0,7440.0,7457.0,7287.0,6800.0,6780.0,6515.0,6618.0,6732.0,6779.0,6656.0,6299.0,6986.0,6822.0,6946.0,6901.0,6848.0,6466.0,6796.0,6774.0,6709.0,6732.0,6514.0,6069.0,6525.0
WEEKDAY,DT3,8468.0,8798.0,8682.0,8660.0,8309.0,7704.0,8979.0,8785.0,8985.0,8738.0,8645.0,7776.0,8178.0,8234.0,8042.0,7980.0,7401.0,6693.0,7582.0,7420.0,7639.0,7525.0,7480.0,7024.0,6341.0,7672.0,7496.0,7551.0,7416.0,7393.0,6565.0,7039.0,7167.0,6987.0,6931.0,6346.0,5657.0,6633.0
WEEKDAY,DT30,7793.0,7961.0,8004.0,8054.0,7876.0,7390.0,8353.0,8234.0,8315.0,8325.0,8151.0,7608.0,8079.0,8032.0,7790.0,7830.0,7457.0,6914.0,7469.0,7629.0,7732.0,7792.0,7823.0,7490.0,6878.0,8111.0,7990.0,8009.0,8019.0,7888.0,7196.0,7749.0,7714.0,7503.0,7479.0,7075.0,6387.0,7352.0
WEEKDAY,DT31,8468.0,8301.0,8077.0,8511.0,8496.0,7734.0,8900.0,8330.0,8300.0,8777.0,8901.0,7995.0,8724.0,8353.0,7915.0,8407.0,8268.0,7360.0,8045.0,9043.0,8773.0,8616.0,9031.0,8881.0,7871.0,9416.0,8805.0,8769.0,9280.0,9393.0,8402.0,9306.0,8883.0,8353.0,8999.0,8790.0,7666.0,8712.0
WEEKDAY,DT32,21561.0,22070.0,21920.0,22214.0,22125.0,21340.0,22794.0,22263.0,22709.0,22179.0,22034.0,21073.0,21258.0,21470.0,21113.0,21078.0,20045.0,19703.0,20239.0,23465.0,23922.0,23956.0,24265.0,24036.0,23249.0,25073.0,24175.0,24794.0,24322.0,24126.0,22836.0,23613.0,23152.0,22815.0,23024.0,21772.0,21253.0,22263.0
WEEKDAY,DT33,19276.0,19626.0,19846.0,19947.0,19533.0,18240.0,20234.0,19881.0,20134.0,19885.0,19711.0,18447.0,19401.0,19123.0,18883.0,18788.0,18067.0,16793.0,17971.0,18206.0,18333.0,18450.0,18559.0,17920.0,16475.0,18810.0,18482.0,18588.0,18446.0,18351.0,16969.0,17942.0,17889.0,17557.0,17485.0,16639.0,15205.0,16897.0
WEEKDAY,DT34,5073.0,5028.0,5201.0,5246.0,5149.0,4723.0,5197.0,5314.0,5556.0,5378.0,5284.0,5003.0,5245.0,5198.0,5133.0,5226.0,5139.0,4610.0,4732.0,4692.0,4640.0,4761.0,4832.0,4696.0,4201.0,4755.0,4885.0,5025.0,4943.0,4839.0,4564.0,4811.0,4736.0,4691.0,4760.0,4624.0,4068.0,4408.0
WEEKDAY,DT5,14643.0,14411.0,14128.0,14276.0,14283.0,13020.0,15240.0,14196.0,14369.0,14419.0,14450.0,13239.0,14392.0,13705.0,12966.0,13599.0,12990.0,11280.0,13115.0,14293.0,14150.0,13985.0,13987.0,13814.0,12695.0,14859.0,14107.0,14335.0,14066.0,14257.0,13283.0,14083.0,13638.0,13162.0,13329.0,12658.0,11251.0,13119.0
WEEKDAY,DT6,9102.0,8862.0,8444.0,9381.0,8889.0,6675.0,9892.0,8900.0,8368.0,9064.0,8717.0,6432.0,8589.0,8121.0,7402.0,8484.0,7831.0,5647.0,8188.0,7302.0,7294.0,7004.0,7331.0,6950.0,5465.0,7791.0,7120.0,7039.0,7485.0,7264.0,5861.0,7409.0,7218.0,6811.0,7326.0,6651.0,5080.0,7116.0
WEEKDAY,DT7,4196.0,4446.0,4526.0,4404.0,4096.0,3499.0,4599.0,4458.0,4528.0,4396.0,4306.0,3588.0,4031.0,4198.0,4069.0,4056.0,3635.0,3009.0,3924.0,5407.0,5430.0,5384.0,5707.0,5611.0,4387.0,5938.0,5537.0,5334.0,5383.0,5429.0,4403.0,5042.0,5063.0,4899.0,5153.0,4986.0,3833.0,5088.0
WEEKDAY,DT8,5819.0,5641.0,5286.0,5623.0,4639.0,3344.0,5914.0,6329.0,5984.0,5986.0,5737.0,3710.0,5793.0,5723.0,4871.0,5183.0,4141.0,2867.0,5168.0,5322.0,5210.0,4939.0,5324.0,4596.0,3284.0,5662.0,5906.0,5739.0,5659.0,5456.0,3694.0,5246.0,5259.0,4633.0,4986.0,4023.0,2845.0,4911.0
WEEKDAY,EW1,35615.0,36107.0,35386.0,35379.0,35011.0,33604.0,35853.0,35238.0,35463.0,34678.0,34374.0,32406.0,33607.0,33557.0,33000.0,32789.0,31933.0,29884.0,31170.0,33859.0,34070.0,33610.0,33600.0,32846.0,31063.0,34009.0,33312.0,33247.0,32607.0,32250.0,30101.0,31752.0,31803.0,31203.0,30946.0,29862.0,27631.0,29670.0
WEEKDAY,EW10,12748.0,12629.0,12457.0,12296.0,12201.0,11744.0,12170.0,11776.0,12300.0,12261.0,12231.0,11738.0,12175.0,11966.0,11924.0,11699.0,11422.0,11068.0,10955.0,13037.0,12921.0,12728.0,12471.0,12339.0,11903.0,12383.0,12062.0,12443.0,12430.0,12432.0,11856.0,12402.0,12166.0,12210.0,11881.0,11574.0,11220.0,11119.0
WEEKDAY,EW11,24377.0,24061.0,23359.0,22793.0,22350.0,22151.0,22519.0,21782.0,22269.0,21868.0,21767.0,21322.0,21954.0,21578.0,21065.0,20344.0,20202.0,19755.0,19370.0,24382.0,24195.0,23426.0,22861.0,22621.0,22460.0,22562.0,22041.0,22514.0,22097.0,21801.0,21587.0,22135.0,21831.0,21314.0,20715.0,20576.0,20233.0,19781.0
WEEKDAY,EW12,60248.0,60142.0,59860.0,58239.0,58947.0,63030.0,61296.0,59135.0,59801.0,55549.0,55075.0,57009.0,56764.0,55873.0,54636.0,51792.0,52490.0,55692.0,52033.0,62687.0,62926.0,61384.0,60707.0,61769.0,66216.0,63877.0,61451.0,62097.0,57580.0,56662.0,60215.0,58632.0,58289.0,57096.0,54893.0,55100.0,58976.0,55284.0
WEEKDAY,EW13-NS25,45818.0,46983.0,47961.0,44164.0,46425.0,48152.0,45505.0,45636.0,45389.0,42226.0,41629.0,42985.0,45749.0,44666.0,44945.0,41290.0,42252.0,43865.0,39262.0,47096.0,48752.0,49384.0,45825.0,48279.0,50512.0,47113.0,47113.0,46939.0,43787.0,43064.0,44278.0,47000.0,45940.0,45850.0,42510.0,43361.0,45146.0,40821.0
WEEKDAY,EW14-NS26,73489.0,73421.0,74987.0,72411.0,71044.0,67465.0,73181.0,69951.0,71046.0,69047.0,68171.0,65513.0,66312.0,64680.0,64572.0,60744.0,59180.0,55722.0,56146.0,72366.0,72425.0,73048.0,70965.0,70090.0,66382.0,71819.0,69035.0,70265.0,68066.0,66931.0,64560.0,65192.0,63915.0,63274.0,59950.0,58436.0,54737.0,55758.0
WEEKDAY,EW15,53250.0,52880.0,53263.0,52752.0,51819.0,48556.0,53891.0,52017.0,54177.0,52928.0,52718.0,50851.0,51559.0,50206.0,49932.0,48461.0,47202.0,43193.0,43870.0,56429.0,56098.0,56011.0,55673.0,55026.0,51638.0,56687.0,55059.0,57232.0,55731.0,55270.0,53566.0,54181.0,52860.0,52445.0,50958.0,49746.0,45804.0,46441.0
WEEKDAY,EW16,35271.0,35204.0,35112.0,34475.0,33857.0,32000.0,34524.0,33472.0,33979.0,33276.0,32664.0,31835.0,32714.0,32204.0,31805.0,31010.0,30654.0,29287.0,27175.0,34937.0,34770.0,34536.0,34221.0,33419.0,31747.0,34163.0,33014.0,33370.0,32643.0,31941.0,31273.0,32187.0,31683.0,31236.0,30784.0,30647.0,28770.0,29232.0
WEEKDAY,EW17,30690.0,30623.0,30519.0,30502.0,30180.0,28690.0,31167.0,30069.0,30511.0,30238.0,29955.0,28652.0,29572.0,29496.0,29113.0,28882.0,28095.0,26708.0,27211.0,31776.0,31702.0,31529.0,31539.0,31092.0,29489.0,32202.0,31042.0,31614.0,31439.0,31098.0,29758.0,30827.0,30744.0,30366.0,29993.0,29233.0,27829.0,28506.0
WEEKDAY,EW18,20627.0,20501.0,20122.0,20085.0,19497.0,17998.0,20613.0,19888.0,20318.0,20208.0,20466.0,18421.0,19751.0,19529.0,18987.0,18947.0,18238.0,16296.0,17771.0,20915.0,20726.0,20391.0,20352.0,19864.0,18405.0,20820.0,20047.0,20734.0,20702.0,20845.0,19033.0,20338.0,20091.0,19430.0,19404.0,18730.0,17000.0,18294.0
WEEKDAY,EW19,16733.0,16657.0,16515.0,16488.0,16208.0,14965.0,16830.0,16045.0,16472.0,16304.0,16215.0,15070.0,16029.0,15866.0,15380.0,15419.0,15166.0,13804.0,14510.0,15535.0,15486.0,15312.0,15210.0,14851.0,13696.0,15504.0,14832.0,15175.0,15093.0,14913.0,13661.0,14742.0,14571.0,14209.0,14205.0,13840.0,12530.0,13368.0
WEEKDAY,EW2,36693.0,36629.0,35580.0,35601.0,35497.0,35622.0,36121.0,34846.0,35221.0,34283.0,34084.0,33340.0,33490.0,32997.0,32747.0,32643.0,31252.0,31766.0,31372.0,36908.0,36870.0,35907.0,36069.0,35951.0,35933.0,36964.0,35616.0,35998.0,35133.0,34714.0,34055.0,34321.0,33887.0,33672.0,33758.0,32313.0,32293.0,32421.0
WEEKDAY,EW20,18054.0,18029.0,17667.0,17681.0,17099.0,16024.0,17652.0,17022.0,17448.0,17348.0,17188.0,16077.0,16989.0,17016.0,16405.0,16265.0,15810.0,14869.0,15532.0,17169.0,17066.0,16770.0,16905.0,16458.0,15420.0,17056.0,16308.0,16795.0,16788.0,16518.0,15474.0,16359.0,16261.0,15713.0,15625.0,15178.0,14233.0,14890.0
WEEKDAY,EW21,31899.0,32128.0,31680.0,31712.0,30428.0,25804.0,31910.0,31592.0,31694.0,31084.0,30830.0,27303.0,30146.0,30219.0,29302.0,29023.0,27665.0,23001.0,26179.0,30205.0,31007.0,30419.0,30129.0,29583.0,25654.0,30223.0,29405.0,29663.0,28851.0,28686.0,26418.0,28029.0,27871.0,27493.0,27028.0,26452.0,22208.0,24879.0
WEEKDAY,EW22,18580.0,16459.0,10910.0,16252.0,19127.0,10190.0,19244.0,14986.0,10509.0,16548.0,20070.0,11789.0,17940.0,14952.0,9896.0,15453.0,18312.0,9291.0,16286.0,18403.0,16249.0,10847.0,16283.0,19304.0,10354.0,19207.0,14925.0,10572.0,16606.0,20032.0,12008.0,18007.0,14984.0,10077.0,15726.0,18576.0,9493.0,16490.0
WEEKDAY,EW23,49229.0,49676.0,48247.0,49503.0,48177.0,44402.0,50513.0,47810.0,48332.0,48888.0,48135.0,44122.0,47885.0,47954.0,46416.0,47383.0,45724.0,41737.0,44920.0,50393.0,50391.0,49115.0,49841.0,49316.0,44934.0,51942.0,48775.0,49641.0,50175.0,49232.0,45158.0,49096.0,48808.0,47211.0,48464.0,47033.0,42224.0,46683.0
WEEKDAY,EW24-NS1,81273.0,83376.0,81602.0,82337.0,83904.0,85221.0,83297.0,80090.0,82591.0,80614.0,80757.0,80359.0,80162.0,79508.0,79206.0,78541.0,79743.0,80632.0,75820.0,86711.0,89335.0,87194.0,87569.0,89802.0,90869.0,89168.0,85472.0,87835.0,85565.0,85963.0,85549.0,84974.0,84168.0,84381.0,83492.0,84983.0,85696.0,81393.0
WEEKDAY,EW25,9809.0,10232.0,9915.0,10135.0,9967.0,9502.0,10313.0,10061.0,10270.0,10311.0,10210.0,9391.0,9565.0,9769.0,9666.0,9594.0,9521.0,8824.0,8998.0,8582.0,8800.0,8760.0,8807.0,8492.0,8038.0,8879.0,8617.0,8819.0,8759.0,8697.0,8012.0,8251.0,8350.0,8314.0,8105.0,8028.0,7424.0,7649.0
WEEKDAY,EW26,36010.0,36097.0,35007.0,35345.0,34889.0,33198.0,36211.0,34500.0,35322.0,35765.0,35881.0,33635.0,35589.0,35527.0,34888.0,34982.0,34110.0,32401.0,33302.0,31217.0,30905.0,30251.0,30347.0,29501.0,27571.0,31041.0,29720.0,30605.0,30953.0,31098.0,28759.0,30933.0,30873.0,30367.0,30264.0,29170.0,27238.0,28807.0
WEEKDAY,EW27,50590.0,52349.0,51066.0,51189.0,51362.0,49875.0,51981.0,50200.0,51292.0,51061.0,50350.0,47858.0,49415.0,50887.0,50625.0,49868.0,49394.0,47496.0,47711.0,59312.0,60291.0,59214.0,59777.0,59150.0,56542.0,60614.0,58213.0,59229.0,59301.0,58621.0,55127.0,57793.0,58391.0,57916.0,57433.0,56423.0,53443.0,55040.0
WEEKDAY,EW28,33493.0,35410.0,35076.0,34632.0,33697.0,30831.0,34754.0,33932.0,34096.0,33520.0,32169.0,30150.0,32222.0,33540.0,33146.0,32794.0,31522.0,28475.0,30359.0,24675.0,25815.0,25609.0,25235.0,24193.0,22091.0,25552.0,25043.0,25370.0,25095.0,23774.0,22402.0,24182.0,25322.0,24984.0,24397.0,23421.0,20988.0,22745.0
WEEKDAY,EW29,19630.0,18998.0,18689.0,19001.0,18887.0,18186.0,18860.0,17698.0,19230.0,18939.0,18807.0,18213.0,18518.0,18441.0,18354.0,18225.0,18354.0,17837.0,16956.0,19364.0,18807.0,18587.0,18997.0,18806.0,17961.0,18937.0,17757.0,19050.0,18624.0,18688.0,18400.0,18795.0,18583.0,18666.0,18525.0,18568.0,17918.0,17237.0
WEEKDAY,EW3,20618.0,20585.0,20173.0,20059.0,19539.0,18957.0,20258.0,19706.0,20146.0,19655.0,19355.0,18227.0,18920.0,18888.0,18360.0,18307.0,17633.0,16972.0,17578.0,20793.0,20648.0,20358.0,20182.0,19404.0,18556.0,20421.0,19976.0,20330.0,19952.0,19600.0,18137.0,19294.0,19301.0,18692.0,18679.0,17816.0,16673.0,17899.0
WEEKDAY,EW30,2845.0,2958.0,2979.0,3056.0,3093.0,3111.0,3345.0,3072.0,3463.0,3523.0,3504.0,3418.0,3572.0,3556.0,3588.0,3649.0,3742.0,3645.0,3444.0,2395.0,2478.0,2508.0,2587.0,2613.0,2622.0,2799.0,2602.0,2952.0,3060.0,3011.0,2911.0,2960.0,3011.0,3025.0,3132.0,3243.0,3160.0,3036.0
WEEKDAY,EW31,3117.0,3301.0,3472.0,3583.0,3657.0,3726.0,4031.0,3753.0,4082.0,4091.0,4106.0,4061.0,4252.0,4179.0,4189.0,4260.0,4282.0,4290.0,4148.0,2628.0,2728.0,2849.0,2953.0,3030.0,3055.0,3352.0,3137.0,3456.0,3453.0,3417.0,3419.0,3521.0,3458.0,3466.0,3530.0,3476.0,3420.0,3291.0
WEEKDAY,EW32,3006.0,3018.0,3039.0,3121.0,3173.0,3223.0,3544.0,3251.0,3555.0,3573.0,3726.0,3737.0,3856.0,3832.0,4012.0,3988.0,3958.0,4134.0,3845.0,2977.0,3105.0,3151.0,3280.0,3370.0,3329.0,3509.0,3249.0,3479.0,3517.0,3604.0,3669.0,3709.0,3724.0,3891.0,3877.0,3861.0,3909.0,3807.0
WEEKDAY,EW33,2362.0,2587.0,2580.0,2688.0,2782.0,3041.0,3280.0,3193.0,3238.0,3332.0,3351.0,3344.0,3429.0,3425.0,3398.0,3376.0,3396.0,3540.0,3376.0,2577.0,2667.0,2633.0,2740.0,2849.0,3026.0,3284.0,3235.0,3412.0,3461.0,3563.0,3589.0,3671.0,3567.0,3559.0,3540.0,3608.0,3694.0,3547.0
WEEKDAY,EW4,20499.0,20579.0,19670.0,20018.0,19073.0,17374.0,20360.0,19572.0,19251.0,19629.0,19395.0,17271.0,18672.0,18627.0,17599.0,17811.0,16770.0,15153.0,16893.0,17959.0,17992.0,17178.0,17588.0,16965.0,15238.0,18180.0,17611.0,17095.0,17509.0,17382.0,15356.0,16615.0,16580.0,15606.0,15870.0,15028.0,13617.0,15210.0
WEEKDAY,EW5,37764.0,37893.0,37284.0,37375.0,37104.0,36119.0,37598.0,36439.0,37504.0,37072.0,36405.0,35363.0,36207.0,35900.0,35246.0,34964.0,34489.0,33563.0,33246.0,37333.0,37389.0,36778.0,36875.0,36694.0,35364.0,37313.0,36100.0,36869.0,36312.0,35679.0,34719.0,35687.0,35359.0,34785.0,34359.0,34032.0,33127.0,33220.0
WEEKDAY,EW6,12977.0,13012.0,12726.0,12585.0,12469.0,11625.0,12812.0,12473.0,12512.0,12364.0,12173.0,11339.0,11762.0,11768.0,11362.0,11283.0,11063.0,10346.0,10800.0,14954.0,14950.0,14774.0,14673.0,14357.0,13338.0,14986.0,14643.0,14645.0,14518.0,14180.0,13042.0,13849.0,13845.0,13355.0,13256.0,12872.0,11881.0,12732.0
WEEKDAY,EW7,16720.0,16484.0,16168.0,16127.0,15922.0,15283.0,15968.0,15400.0,15781.0,15501.0,15402.0,14563.0,14902.0,15030.0,14824.0,14736.0,14460.0,13841.0,13859.0,19440.0,19225.0,18947.0,18929.0,18401.0,17434.0,18561.0,17905.0,18407.0,18197.0,18084.0,16821.0,17452.0,17584.0,17248.0,17206.0,16714.0,15813.0,16058.0
WEEKDAY,EW8,39366.0,40153.0,39592.0,39777.0,39261.0,37658.0,39210.0,37854.0,40408.0,39708.0,42853.0,38744.0,39271.0,39900.0,43757.0,42969.0,42695.0,41835.0,40501.0,39721.0,40596.0,40123.0,40148.0,39886.0,38219.0,39580.0,38452.0,40998.0,40159.0,45794.0,40351.0,39950.0,40652.0,44971.0,43888.0,44003.0,43130.0,42058.0
WEEKDAY,EW9,25310.0,25034.0,24590.0,24051.0,24098.0,23134.0,24431.0,23238.0,24274.0,24127.0,24023.0,22277.0,24019.0,23711.0,23060.0,22380.0,21913.0,21218.0,21284.0,24652.0,24262.0,24038.0,23352.0,23546.0,22452.0,23665.0,22755.0,23757.0,23575.0,23280.0,21999.0,23543.0,23283.0,22672.0,21977.0,21623.0,20881.0,20828.0
WEEKDAY,NE1,51094.0,52030.0,51026.0,48468.0,48700.0,55907.0,50265.0,50990.0,49876.0,47870.0,45822.0,50004.0,49640.0,49442.0,46742.0,45425.0,45128.0,49634.0,42901.0,51171.0,52235.0,52200.0,50101.0,49023.0,57077.0,50389.0,50917.0,50290.0,47707.0,45539.0,50037.0,49367.0,49366.0,46879.0,46975.0,45555.0,50694.0,44866.0
WEEKDAY,NE10,15422.0,15282.0,14956.0,14977.0,14193.0,13002.0,15608.0,15854.0,15823.0,16063.0,16089.0,14080.0,15834.0,15782.0,15121.0,15206.0,14347.0,12791.0,13828.0,15672.0,15524.0,15190.0,15272.0,14404.0,13284.0,15806.0,15909.0,16115.0,16285.0,16291.0,14536.0,16079.0,16112.0,15422.0,15436.0,14628.0,13183.0,14803.0
WEEKDAY,NE11,5415.0,5815.0,6049.0,5880.0,5843.0,5370.0,6060.0,6243.0,6244.0,6030.0,6160.0,5280.0,5633.0,6201.0,6203.0,5970.0,5946.0,5383.0,5529.0,5044.0,5321.0,5496.0,5403.0,5423.0,5016.0,5606.0,5775.0,5748.0,5587.0,5725.0,4918.0,5226.0,5726.0,5748.0,5555.0,5566.0,4989.0,5227.0
WEEKDAY,NE12,62804.0,63613.0,62337.0,62907.0,61697.0,60528.0,64076.0,62546.0,62661.0,61412.0,61508.0,57813.0,59872.0,59505.0,58278.0,58136.0,56325.0,54510.0,54444.0,64967.0,65762.0,64546.0,64972.0,63698.0,62207.0,66773.0,65250.0,65183.0,63519.0,63669.0,59943.0,62981.0,61780.0,60453.0,60247.0,59476.0,56501.0,58371.0
WEEKDAY,NE13,22432.0,22684.0,22488.0,21192.0,20482.0,20999.0,22815.0,21598.0,21953.0,21335.0,21501.0,20113.0,21250.0,21211.0,20624.0,20533.0,19787.0,18781.0,19561.0,22762.0,22898.0,22561.0,21136.0,20154.0,20567.0,22968.0,21738.0,22082.0,21641.0,21828.0,20199.0,21417.0,21469.0,20852.0,20671.0,19663.0,18505.0,20746.0
WEEKDAY,NE14,34285.0,34187.0,33848.0,33786.0,32858.0,32232.0,35159.0,33814.0,34393.0,33730.0,33632.0,32114.0,33594.0,33297.0,32719.0,32385.0,31308.0,30339.0,30776.0,33055.0,32687.0,32588.0,32506.0,31304.0,30362.0,33909.0,32229.0,32669.0,31999.0,32087.0,30380.0,32066.0,31776.0,31152.0,30870.0,29683.0,28664.0,30673.0
WEEKDAY,NE15,18344.0,18612.0,18363.0,18265.0,17765.0,17027.0,18732.0,18213.0,18411.0,18054.0,18020.0,16591.0,17653.0,17597.0,17282.0,17318.0,16743.0,15799.0,16125.0,17038.0,17115.0,16963.0,16843.0,16208.0,15413.0,17224.0,16795.0,16874.0,16707.0,16652.0,15119.0,16232.0,16265.0,15984.0,15928.0,15123.0,14238.0,15386.0
WEEKDAY,NE16-STC,45390.0,46029.0,45353.0,45894.0,44805.0,43880.0,46526.0,45272.0,45637.0,44721.0,44674.0,42361.0,43972.0,43682.0,43392.0,43552.0,42049.0,40307.0,40378.0,46683.0,47046.0,46574.0,47190.0,45911.0,44622.0,47718.0,46505.0,46989.0,45863.0,46022.0,43400.0,45055.0,44981.0,44751.0,44880.0,43190.0,41187.0,43181.0
WEEKDAY,NE17-PTC,39028.0,39926.0,38895.0,39535.0,38923.0,38866.0,40703.0,39343.0,40032.0,38910.0,39451.0,37764.0,38755.0,38570.0,37792.0,38129.0,37102.0,36565.0,34424.0,37822.0,38609.0,37477.0,38225.0,37666.0,37254.0,39590.0,37955.0,38423.0,37452.0,37910.0,36452.0,37233.0,36908.0,36244.0,36638.0,35470.0,35205.0,36287.0
WEEKDAY,NE4,59388.0,60060.0,58264.0,57223.0,55696.0,57529.0,64842.0,60672.0,55846.0,54534.0,54728.0,56436.0,57405.0,56078.0,54439.0,52976.0,52206.0,53861.0,54949.0,59432.0,60349.0,58541.0,57460.0,55816.0,57219.0,64449.0,60340.0,55704.0,54315.0,54564.0,56411.0,57131.0,56072.0,54558.0,52939.0,52075.0,53662.0,57086.0
WEEKDAY,NE5,18699.0,18764.0,17489.0,17429.0,16748.0,16762.0,17251.0,17547.0,16736.0,16327.0,16149.0,16316.0,17028.0,17073.0,16030.0,15590.0,15093.0,15031.0,13855.0,21270.0,21781.0,19846.0,19639.0,19180.0,19967.0,19354.0,19873.0,19182.0,18229.0,17982.0,18449.0,19027.0,19326.0,17747.0,17300.0,16917.0,17447.0,16247.0
WEEKDAY,NE7,28568.0,28656.0,27942.0,28759.0,28488.0,26757.0,28788.0,28264.0,28142.0,27581.0,27537.0,26985.0,28120.0,27969.0,26811.0,28142.0,25811.0,25264.0,25644.0,29960.0,30533.0,29604.0,30860.0,30601.0,28330.0,30083.0,29787.0,29593.0,29075.0,29065.0,28775.0,29600.0,29814.0,28609.0,30563.0,27568.0,27146.0,28308.0
WEEKDAY,NE8,27408.0,27705.0,26645.0,27455.0,27067.0,27458.0,27476.0,27304.0,27411.0,26555.0,26268.0,26550.0,26856.0,26238.0,25463.0,26030.0,25140.0,25395.0,23906.0,29611.0,30060.0,28910.0,29691.0,29282.0,29619.0,29886.0,29685.0,29766.0,29092.0,28795.0,28878.0,29160.0,28644.0,27846.0,28495.0,27477.0,27713.0,27352.0
WEEKDAY,NE9,25479.0,25635.0,25408.0,25356.0,24925.0,24026.0,25936.0,24886.0,25175.0,24974.0,24234.0,22693.0,23579.0,24172.0,23727.0,23724.0,23180.0,22194.0,22499.0,22583.0,22616.0,22480.0,22498.0,22070.0,21119.0,23200.0,22222.0,22365.0,22304.0,21519.0,20045.0,20945.0,21594.0,21160.0,21143.0,20543.0,19612.0,20771.0
WEEKDAY,NS10,49807.0,49696.0,48866.0,49747.0,48938.0,46879.0,50771.0,48563.0,49809.0,50251.0,49701.0,46206.0,50543.0,50363.0,49038.0,49644.0,48502.0,45832.0,47490.0,44376.0,44331.0,43770.0,44361.0,43139.0,40784.0,45347.0,43262.0,44049.0,44526.0,43234.0,39927.0,43555.0,43446.0,42073.0,42739.0,41684.0,38628.0,40903.0
WEEKDAY,NS11,45189.0,45498.0,44729.0,45668.0,45206.0,43867.0,46686.0,45344.0,46262.0,46139.0,46222.0,43002.0,45784.0,45462.0,44534.0,44763.0,41106.0,38979.0,40321.0,44739.0,44212.0,43630.0,44574.0,43661.0,41930.0,45636.0,44210.0,44731.0,45040.0,45143.0,41591.0,44765.0,44492.0,43391.0,43836.0,40699.0,38467.0,40396.0
WEEKDAY,NS13,59684.0,60205.0,59093.0,59866.0,59742.0,58674.0,61000.0,59594.0,61129.0,60674.0,60805.0,57770.0,59973.0,59072.0,57856.0,57701.0,54341.0,52546.0,51539.0,63788.0,63826.0,62677.0,63730.0,63251.0,61360.0,64873.0,63135.0,64441.0,63978.0,64069.0,60646.0,63322.0,62331.0,60660.0,60974.0,56971.0,54953.0,55124.0
WEEKDAY,NS14,34849.0,34820.0,33937.0,34694.0,33846.0,32562.0,35876.0,34808.0,35282.0,35789.0,35474.0,32876.0,35749.0,35576.0,34351.0,34875.0,33530.0,32035.0,33798.0,30770.0,30547.0,29593.0,30256.0,29359.0,28026.0,31503.0,30430.0,30772.0,31479.0,31035.0,28818.0,31488.0,31275.0,30039.0,30487.0,29159.0,27670.0,29671.0
WEEKDAY,NS15,36587.0,33088.0,27784.0,33890.0,34676.0,27185.0,36332.0,32084.0,28681.0,35006.0,37300.0,28128.0,35941.0,31976.0,26325.0,31059.0,32041.0,24163.0,30813.0,34144.0,30803.0,25713.0,31677.0,31968.0,24669.0,34025.0,30067.0,26527.0,32980.0,34840.0,25911.0,33611.0,29988.0,24677.0,30731.0,30426.0,22822.0,29082.0
WEEKDAY,NS16,53812.0,53835.0,52758.0,53088.0,53081.0,52576.0,55192.0,52678.0,54132.0,54034.0,54033.0,50989.0,53343.0,52846.0,51768.0,51681.0,50186.0,48730.0,49923.0,57952.0,57990.0,57013.0,57280.0,57320.0,56462.0,59554.0,56765.0,58132.0,58008.0,57928.0,55197.0,57070.0,56751.0,55565.0,55704.0,54187.0,52577.0,53650.0
WEEKDAY,NS17,53677.0,54561.0,53255.0,53470.0,51683.0,49100.0,54357.0,52948.0,53609.0,53053.0,52448.0,48208.0,51346.0,51123.0,49375.0,49781.0,47802.0,44771.0,47820.0,51728.0,52324.0,51046.0,51124.0,49459.0,46704.0,52090.0,50747.0,51325.0,50908.0,50372.0,46422.0,49309.0,48846.0,47179.0,47404.0,45735.0,42491.0,45933.0
WEEKDAY,NS18,16893.0,16878.0,16813.0,16930.0,16737.0,16200.0,17441.0,16550.0,16836.0,16778.0,16876.0,15699.0,16676.0,16359.0,16051.0,16029.0,15446.0,14687.0,15875.0,15519.0,15456.0,15476.0,15574.0,15277.0,14675.0,15956.0,15067.0,15194.0,15069.0,15184.0,14241.0,14989.0,14796.0,14463.0,14411.0,13939.0,13203.0,14175.0
WEEKDAY,NS19,42634.0,42984.0,42277.0,42184.0,42091.0,41224.0,42924.0,41452.0,42463.0,41733.0,41784.0,40054.0,41382.0,40601.0,40239.0,39385.0,38621.0,37388.0,37701.0,44797.0,45140.0,44450.0,44375.0,44040.0,42758.0,45034.0,43320.0,44427.0,43544.0,43649.0,41845.0,43295.0,42550.0,42024.0,41330.0,40431.0,38873.0,39771.0
WEEKDAY,NS2,28997.0,29143.0,28452.0,28846.0,28497.0,27237.0,29301.0,28113.0,28734.0,28808.0,29053.0,27341.0,28838.0,28446.0,27634.0,28043.0,27508.0,26174.0,26867.0,29712.0,29522.0,29034.0,29316.0,28871.0,27460.0,29830.0,28888.0,29468.0,29622.0,29771.0,28097.0,29693.0,29515.0,28640.0,29053.0,28447.0,26925.0,27892.0
WEEKDAY,NS20,44168.0,44152.0,43975.0,43316.0,43428.0,42644.0,44346.0,43129.0,44899.0,44192.0,43331.0,42222.0,43160.0,42144.0,42014.0,40435.0,39958.0,39112.0,38867.0,43388.0,43890.0,43543.0,42938.0,42914.0,41740.0,43918.0,42936.0,44577.0,43875.0,43165.0,42304.0,42885.0,42164.0,41807.0,40679.0,39815.0,38781.0,39125.0
WEEKDAY,NS21,35098.0,35768.0,34557.0,35536.0,35222.0,33269.0,36397.0,35245.0,35069.0,33646.0,33934.0,33239.0,32816.0,33160.0,33205.0,31336.0,26190.0,28018.0,31528.0,36465.0,37186.0,36375.0,36605.0,37022.0,36884.0,37925.0,37055.0,37580.0,36322.0,35921.0,34295.0,35339.0,34497.0,34825.0,33014.0,28308.0,30444.0,33505.0
WEEKDAY,NS22,61111.0,61659.0,60401.0,59622.0,63737.0,76219.0,62336.0,59917.0,59477.0,56530.0,56245.0,58292.0,57092.0,55802.0,54611.0,53056.0,55591.0,64540.0,52162.0,66489.0,67206.0,65806.0,64529.0,69666.0,82494.0,67384.0,64754.0,64614.0,61246.0,61130.0,63630.0,61630.0,60646.0,59229.0,57613.0,60483.0,69978.0,57514.0
WEEKDAY,NS23,37105.0,37876.0,36944.0,36253.0,38946.0,44328.0,37224.0,35858.0,37095.0,34588.0,34194.0,36269.0,34405.0,34122.0,34685.0,32217.0,33223.0,37019.0,30499.0,40288.0,41410.0,40364.0,39259.0,42877.0,47915.0,40488.0,38904.0,40470.0,37332.0,37151.0,39614.0,37133.0,37215.0,37847.0,35180.0,36202.0,39956.0,33679.0
WEEKDAY,NS27,7686.0,7882.0,7981.0,7723.0,7479.0,7465.0,7720.0,7761.0,7742.0,7391.0,7248.0,6899.0,7094.0,6845.0,6931.0,6777.0,6621.0,6390.0,6387.0,7348.0,7626.0,7763.0,7341.0,7091.0,7801.0,7352.0,7586.0,7476.0,7046.0,6808.0,6751.0,6976.0,6855.0,6873.0,6618.0,6514.0,6918.0,6361.0
WEEKDAY,NS28,1411.0,1433.0,1632.0,1921.0,1929.0,2253.0,2036.0,2153.0,2070.0,1547.0,1589.0,1677.0,1544.0,2025.0,1602.0,1712.0,1875.0,2069.0,1948.0,1515.0,1536.0,1757.0,1939.0,1971.0,2375.0,2143.0,2265.0,2154.0,1594.0,1705.0,1702.0,1501.0,2021.0,1606.0,1684.0,1916.0,2096.0,1931.0
WEEKDAY,NS3,18412.0,18517.0,18051.0,18597.0,18623.0,18212.0,19737.0,19220.0,19637.0,19656.0,19605.0,18641.0,19793.0,19852.0,19236.0,19444.0,18936.0,18257.0,19105.0,17657.0,17748.0,17377.0,17788.0,17699.0,16887.0,18602.0,18243.0,18517.0,18561.0,18507.0,17526.0,18548.0,18579.0,17982.0,18199.0,17695.0,16813.0,17851.0
WEEKDAY,NS4,44754.0,44868.0,43340.0,43432.0,42391.0,40021.0,42697.0,41445.0,41714.0,41740.0,41450.0,38642.0,40639.0,40231.0,39010.0,39596.0,37977.0,35932.0,38328.0,46911.0,46701.0,45406.0,45651.0,44189.0,41593.0,45394.0,44026.0,44177.0,44469.0,44104.0,41048.0,43624.0,43226.0,41878.0,42747.0,41049.0,38724.0,41568.0
WEEKDAY,NS5,34812.0,34836.0,33812.0,34299.0,33488.0,31381.0,35101.0,33939.0,34196.0,34142.0,34216.0,31633.0,33869.0,33715.0,32465.0,32639.0,31726.0,29600.0,31679.0,32927.0,32655.0,31719.0,32324.0,31118.0,28893.0,32992.0,31850.0,31910.0,31923.0,32002.0,29443.0,31858.0,31559.0,30276.0,30680.0,29548.0,27512.0,29649.0
WEEKDAY,NS7,20738.0,20914.0,21247.0,20957.0,21044.0,20857.0,20921.0,20591.0,21473.0,21689.0,20985.0,21135.0,21628.0,21942.0,21623.0,21276.0,21362.0,20897.0,20180.0,18773.0,19184.0,19414.0,19083.0,19414.0,19023.0,19224.0,19005.0,20109.0,19974.0,19616.0,19829.0,20134.0,20577.0,20378.0,19833.0,19844.0,19559.0,19110.0
WEEKDAY,NS8,25068.0,24952.0,24679.0,25102.0,24754.0,23785.0,26182.0,24944.0,25895.0,26753.0,27176.0,25190.0,27045.0,26785.0,26142.0,26320.0,25720.0,24534.0,25476.0,19737.0,19830.0,19466.0,19687.0,19435.0,18595.0,20611.0,19327.0,20298.0,20890.0,21223.0,19812.0,21058.0,21207.0,20633.0,20589.0,20131.0,19129.0,20186.0
WEEKDAY,NS9,51963.0,51601.0,47128.0,50494.0,51668.0,47921.0,51951.0,48890.0,46565.0,48421.0,51317.0,45543.0,47992.0,45517.0,42152.0,44560.0,45123.0,41226.0,43813.0,61911.0,61821.0,56934.0,61203.0,62112.0,57094.0,62568.0,58382.0,56523.0,59038.0,62787.0,55580.0,59652.0,57131.0,53057.0,56190.0,56557.0,51955.0,55535.0
WEEKDAY,PE1,3822.0,3808.0,3728.0,3808.0,3653.0,3374.0,3974.0,3853.0,3763.0,3797.0,3781.0,3277.0,3669.0,3672.0,3523.0,3516.0,3338.0,3062.0,3446.0,3802.0,3768.0,3698.0,3783.0,3541.0,3231.0,3872.0,3794.0,3690.0,3780.0,3779.0,3160.0,3643.0,3654.0,3504.0,3477.0,3235.0,2943.0,3506.0
WEEKDAY,PE2,5862.0,5852.0,5741.0,5784.0,5522.0,5120.0,6090.0,5908.0,5872.0,5897.0,5900.0,5126.0,5744.0,5690.0,5477.0,5487.0,5114.0,4684.0,5252.0,5376.0,5357.0,5313.0,5347.0,5019.0,4608.0,5596.0,5486.0,5361.0,5446.0,5433.0,4636.0,5296.0,5317.0,5090.0,5110.0,4676.0,4225.0,5100.0
WEEKDAY,PE3,6254.0,6185.0,6049.0,6145.0,5934.0,5365.0,6230.0,6047.0,6035.0,5973.0,6029.0,5258.0,5880.0,5925.0,5713.0,5651.0,5454.0,4943.0,5424.0,6220.0,6093.0,5945.0,6123.0,5854.0,5318.0,6233.0,6014.0,5985.0,6002.0,6138.0,5289.0,5966.0,5967.0,5711.0,5776.0,5509.0,4934.0,5814.0
WEEKDAY,PE4,1486.0,1511.0,1464.0,1464.0,1426.0,1408.0,1539.0,1555.0,1552.0,1492.0,1587.0,1374.0,1471.0,1480.0,1444.0,1422.0,1352.0,1345.0,1418.0,1391.0,1422.0,1375.0,1360.0,1352.0,1356.0,1416.0,1465.0,1468.0,1397.0,1517.0,1271.0,1377.0,1378.0,1347.0,1331.0,1264.0,1272.0,1382.0
WEEKDAY,PE5,5674.0,5652.0,5514.0,5598.0,5360.0,4956.0,5989.0,5756.0,5699.0,5770.0,5763.0,4977.0,5661.0,5645.0,5383.0,5401.0,5122.0,4738.0,5283.0,5243.0,5208.0,5079.0,5153.0,4818.0,4407.0,5541.0,5343.0,5279.0,5415.0,5390.0,4461.0,5290.0,5284.0,5002.0,5037.0,4644.0,4259.0,5128.0
WEEKDAY,PE6,5723.0,5862.0,5910.0,6024.0,6027.0,5969.0,6402.0,6315.0,6436.0,6292.0,6408.0,5924.0,6252.0,6250.0,6181.0,6174.0,6019.0,5808.0,5832.0,5445.0,5582.0,5647.0,5775.0,5710.0,5621.0,6127.0,6072.0,6115.0,6069.0,6152.0,5613.0,6037.0,5993.0,5952.0,5911.0,5730.0,5460.0,5925.0
WEEKDAY,PE7,4131.0,4137.0,4113.0,4061.0,4023.0,3944.0,4256.0,4126.0,4106.0,4081.0,4057.0,3603.0,4036.0,4031.0,3902.0,3910.0,3779.0,3647.0,3876.0,3903.0,3882.0,3902.0,3864.0,3740.0,3616.0,4025.0,3911.0,3863.0,3880.0,3864.0,3317.0,3841.0,3862.0,3727.0,3743.0,3594.0,3404.0,3802.0
WEEKDAY,PW1,501.0,521.0,487.0,595.0,680.0,720.0,564.0,560.0,791.0,527.0,588.0,725.0,618.0,566.0,622.0,601.0,671.0,661.0,519.0,521.0,550.0,527.0,628.0,711.0,727.0,616.0,596.0,805.0,572.0,613.0,763.0,669.0,637.0,689.0,664.0,718.0,687.0,607.0
WEEKDAY,PW3,392.0,417.0,428.0,453.0,511.0,521.0,571.0,564.0,603.0,608.0,654.0,697.0,764.0,768.0,733.0,736.0,713.0,687.0,630.0,400.0,414.0,443.0,488.0,536.0,565.0,593.0,604.0,631.0,608.0,672.0,703.0,771.0,788.0,761.0,750.0,728.0,704.0,672.0
WEEKDAY,PW4,341.0,340.0,359.0,371.0,397.0,409.0,491.0,507.0,466.0,487.0,490.0,418.0,520.0,526.0,516.0,538.0,515.0,445.0,474.0,365.0,363.0,380.0,383.0,405.0,405.0,510.0,522.0,513.0,536.0,512.0,430.0,551.0,562.0,548.0,560.0,533.0,445.0,523.0
WEEKDAY,PW5,1854.0,1917.0,1892.0,2096.0,2099.0,2068.0,2639.0,2700.0,2635.0,2685.0,2660.0,1626.0,2741.0,2882.0,2750.0,2743.0,2598.0,2421.0,3015.0,2209.0,2273.0,2249.0,2278.0,2476.0,2446.0,2994.0,3046.0,3041.0,3140.0,3099.0,2539.0,3073.0,3316.0,3145.0,3273.0,3113.0,2922.0,3544.0
WEEKDAY,PW6,1062.0,1049.0,1032.0,1124.0,1113.0,1091.0,1198.0,1150.0,1181.0,1181.0,1175.0,1080.0,1155.0,1138.0,1095.0,1137.0,1083.0,1061.0,1077.0,818.0,797.0,795.0,826.0,881.0,857.0,948.0,923.0,957.0,967.0,987.0,892.0,977.0,986.0,921.0,988.0,926.0,904.0,980.0
WEEKDAY,PW7,1461.0,1501.0,1494.0,1746.0,1835.0,1815.0,2117.0,2092.0,2109.0,2136.0,2148.0,1880.0,2111.0,2142.0,2073.0,2147.0,2054.0,1946.0,2096.0,1686.0,1715.0,1734.0,1990.0,2014.0,1968.0,2299.0,2250.0,2246.0,2270.0,2247.0,1935.0,2246.0,2298.0,2214.0,2261.0,2108.0,2007.0,2308.0
WEEKDAY,SE1,4710.0,4663.0,4591.0,4587.0,4254.0,4072.0,4842.0,4728.0,4628.0,4662.0,4625.0,4011.0,4533.0,4540.0,4277.0,4285.0,3936.0,3770.0,4199.0,4765.0,4694.0,4680.0,4658.0,4226.0,3981.0,4820.0,4727.0,4589.0,4661.0,4644.0,3968.0,4543.0,4577.0,4277.0,4270.0,3850.0,3648.0,4367.0
WEEKDAY,SE2,6117.0,6131.0,6009.0,5990.0,5762.0,5537.0,6120.0,6034.0,6004.0,5980.0,5982.0,5399.0,5786.0,5790.0,5627.0,5566.0,5362.0,5083.0,5392.0,5552.0,5580.0,5466.0,5492.0,5267.0,4968.0,5659.0,5555.0,5456.0,5474.0,5477.0,4902.0,5326.0,5318.0,5163.0,5143.0,4882.0,4562.0,5196.0
WEEKDAY,SE3,3440.0,3445.0,3427.0,3455.0,3346.0,3155.0,3467.0,3447.0,3402.0,3388.0,3425.0,3146.0,3391.0,3347.0,3243.0,3167.0,3074.0,2916.0,3042.0,3247.0,3230.0,3212.0,3224.0,3022.0,2788.0,3223.0,3210.0,3137.0,3145.0,3154.0,2799.0,3078.0,3046.0,2981.0,2942.0,2760.0,2564.0,2951.0
WEEKDAY,SE4,3907.0,3908.0,3823.0,3933.0,3787.0,3652.0,4019.0,3881.0,3838.0,3777.0,3785.0,3619.0,3752.0,3692.0,3634.0,3567.0,3483.0,3387.0,3518.0,3661.0,3649.0,3556.0,3666.0,3496.0,3311.0,3776.0,3631.0,3579.0,3539.0,3564.0,3356.0,3524.0,3519.0,3414.0,3381.0,3256.0,3159.0,3562.0
WEEKDAY,SE5,2920.0,2932.0,2843.0,2890.0,2629.0,2473.0,3112.0,3045.0,2941.0,3022.0,3018.0,2414.0,2926.0,2912.0,2717.0,2726.0,2400.0,2253.0,2648.0,2954.0,2926.0,2836.0,2907.0,2576.0,2366.0,3097.0,3083.0,2959.0,3036.0,3028.0,2324.0,2952.0,2967.0,2730.0,2753.0,2351.0,2192.0,2902.0
WEEKDAY,SW1,1061.0,1175.0,1380.0,1558.0,1662.0,1803.0,1879.0,1939.0,2043.0,2113.0,2128.0,2085.0,2095.0,2088.0,2111.0,2094.0,2056.0,2081.0,1931.0,1116.0,1265.0,1437.0,1655.0,1758.0,1847.0,2009.0,2039.0,2067.0,2171.0,2200.0,2116.0,2119.0,2207.0,2272.0,2193.0,2111.0,2064.0,2108.0
WEEKDAY,SW2,3874.0,3879.0,3768.0,3752.0,3735.0,3734.0,3820.0,3698.0,3977.0,3794.0,3771.0,3604.0,3660.0,3734.0,3591.0,3590.0,3584.0,3418.0,3178.0,3595.0,3585.0,3479.0,3463.0,3457.0,3413.0,3477.0,3402.0,3630.0,3492.0,3476.0,3306.0,3407.0,3415.0,3315.0,3289.0,3249.0,3085.0,3110.0
WEEKDAY,SW3,2208.0,2160.0,2123.0,2156.0,2116.0,2038.0,2467.0,2392.0,2360.0,2397.0,2353.0,2078.0,2376.0,2401.0,2286.0,2284.0,2205.0,2027.0,2350.0,2159.0,2087.0,2057.0,2083.0,1994.0,1875.0,2357.0,2280.0,2224.0,2275.0,2254.0,1934.0,2238.0,2271.0,2159.0,2192.0,2068.0,1886.0,2325.0
WEEKDAY,SW4,900.0,852.0,833.0,852.0,829.0,781.0,844.0,790.0,772.0,799.0,903.0,908.0,1061.0,1161.0,1239.0,1262.0,1329.0,1318.0,1350.0,802.0,759.0,739.0,753.0,737.0,695.0,758.0,711.0,702.0,740.0,831.0,872.0,1043.0,1157.0,1225.0,1253.0,1275.0,1254.0,1421.0
WEEKDAY,SW5,7562.0,7627.0,7529.0,7601.0,7354.0,7302.0,7871.0,7753.0,7774.0,7664.0,7717.0,7062.0,7565.0,7578.0,7386.0,7325.0,7119.0,6963.0,7012.0,6918.0,6966.0,6896.0,6997.0,6796.0,6783.0,7217.0,7072.0,7046.0,6932.0,6992.0,6428.0,6815.0,6835.0,6661.0,6733.0,6499.0,6406.0,6787.0
WEEKDAY,SW6,3703.0,3686.0,3600.0,3634.0,3373.0,3221.0,4068.0,3921.0,3863.0,3945.0,3890.0,3225.0,3841.0,3816.0,3607.0,3581.0,3279.0,3045.0,3572.0,3564.0,3541.0,3470.0,3527.0,3149.0,2963.0,3853.0,3722.0,3606.0,3731.0,3699.0,2968.0,3612.0,3595.0,3379.0,3384.0,3007.0,2742.0,3474.0
WEEKDAY,SW7,3133.0,3157.0,3090.0,3124.0,3030.0,2953.0,3289.0,3236.0,3182.0,3142.0,3050.0,2694.0,2983.0,2956.0,2811.0,2737.0,2623.0,2514.0,2584.0,2831.0,2811.0,2778.0,2825.0,2690.0,2580.0,2982.0,2899.0,2851.0,2847.0,2764.0,2368.0,2672.0,2656.0,2504.0,2437.0,2303.0,2192.0,2476.0
WEEKDAY,SW8,2182.0,2177.0,2146.0,2168.0,2008.0,1923.0,2256.0,2203.0,2179.0,2186.0,2269.0,1960.0,2167.0,2183.0,2126.0,2089.0,1970.0,1886.0,1950.0,2153.0,2138.0,2114.0,2130.0,1970.0,1870.0,2219.0,2166.0,2120.0,2154.0,2216.0,1883.0,2133.0,2140.0,2067.0,2058.0,1943.0,1834.0,2175.0
WEEKENDS/HOLIDAY,BP10,3584.0,3461.0,3554.0,3507.0,3584.0,3446.0,3790.0,3639.0,3647.0,3476.0,3448.0,3424.0,3611.0,3380.0,3374.0,3270.0,3321.0,2591.0,2546.0,3781.0,3619.0,3709.0,3655.0,3627.0,3594.0,3843.0,3674.0,3678.0,3466.0,3417.0,3478.0,3634.0,3385.0,3422.0,3303.0,3344.0,2984.0,3008.0
WEEKENDS/HOLIDAY,BP11,3531.0,3508.0,3607.0,3595.0,3607.0,3496.0,3785.0,3672.0,3715.0,3635.0,3527.0,3391.0,3628.0,3472.0,3425.0,3338.0,3374.0,2705.0,2553.0,3293.0,3218.0,3296.0,3267.0,3193.0,3051.0,3295.0,3146.0,3234.0,3161.0,3033.0,3000.0,3197.0,2980.0,2981.0,2922.0,2902.0,2237.0,2133.0
WEEKENDS/HOLIDAY,BP12,2714.0,2586.0,2680.0,2698.0,2745.0,2649.0,2858.0,2748.0,2865.0,2767.0,2662.0,2599.0,2921.0,2575.0,2557.0,2455.0,2608.0,1929.0,1837.0,2687.0,2556.0,2643.0,2645.0,2596.0,2459.0,2662.0,2562.0,2616.0,2492.0,2397.0,2397.0,2694.0,2309.0,2336.0,2245.0,2395.0,1542.0,1446.0
WEEKENDS/HOLIDAY,BP13,1901.0,1855.0,1928.0,1885.0,1939.0,1819.0,1989.0,1913.0,1992.0,1943.0,1817.0,1833.0,1892.0,1757.0,1765.0,1740.0,1710.0,1294.0,1253.0,1793.0,1693.0,1781.0,1746.0,1754.0,1626.0,1822.0,1694.0,1793.0,1694.0,1549.0,1606.0,1667.0,1535.0,1553.0,1577.0,1518.0,819.0,831.0
WEEKENDS/HOLIDAY,BP14,107.0,109.0,104.0,118.0,230.0,149.0,97.0,0.0,0.0,0.0,0.0,0.0,0.0,0.0,0.0,0.0,0.0,0.0,0.0,98.0,109.0,103.0,113.0,147.0,125.0,77.0,0.0,0.0,0.0,0.0,0.0,0.0,0.0,0.0,0.0,0.0,0.0,0.0
WEEKENDS/HOLIDAY,BP2,2864.0,2824.0,2972.0,2941.0,2954.0,2906.0,3154.0,3052.0,3137.0,3177.0,3078.0,2972.0,3180.0,3027.0,3043.0,2860.0,2801.0,2573.0,2520.0,2555.0,2596.0,2715.0,2672.0,2658.0,2576.0,2712.0,2572.0,2588.0,2576.0,2554.0,2436.0,2642.0,2435.0,2472.0,2320.0,2319.0,2096.0,2108.0
WEEKENDS/HOLIDAY,BP3,3682.0,3591.0,3782.0,3787.0,3777.0,3809.0,4051.0,3932.0,4006.0,3953.0,3759.0,3747.0,4007.0,3781.0,3830.0,3663.0,3663.0,3422.0,3342.0,3368.0,3332.0,3468.0,3472.0,3383.0,3362.0,3510.0,3387.0,3444.0,3337.0,3256.0,3195.0,3423.0,3214.0,3277.0,3080.0,3128.0,2872.0,2889.0
WEEKENDS/HOLIDAY,BP4,1690.0,1630.0,1705.0,1656.0,1763.0,1658.0,1760.0,1714.0,1773.0,1697.0,1667.0,1637.0,1950.0,1637.0,1685.0,1616.0,1633.0,1422.0,1472.0,1654.0,1575.0,1627.0,1629.0,1657.0,1582.0,1619.0,1577.0,1618.0,1546.0,1512.0,1507.0,1814.0,1496.0,1537.0,1480.0,1514.0,1284.0,1349.0
WEEKENDS/HOLIDAY,BP5,2132.0,2068.0,2152.0,2209.0,2155.0,2076.0,2183.0,2063.0,2163.0,2070.0,1992.0,1984.0,2040.0,1931.0,1974.0,1958.0,1993.0,1687.0,1680.0,1640.0,1621.0,1684.0,1723.0,1673.0,1635.0,1709.0,1567.0,1684.0,1585.0,1568.0,1527.0,1623.0,1514.0,1543.0,1513.0,1588.0,1376.0,1307.0
WEEKENDS/HOLIDAY,BP6,11687.0,11581.0,11805.0,11777.0,11602.0,11545.0,11716.0,10757.0,11465.0,11083.0,10860.0,10354.0,11370.0,10459.0,10515.0,9931.0,9964.0,8724.0,8855.0,12736.0,12712.0,13169.0,13202.0,13378.0,13073.0,13618.0,12774.0,13627.0,13302.0,12951.0,12373.0,13442.0,12635.0,12525.0,11803.0,11830.0,10928.0,10735.0
WEEKENDS/HOLIDAY,BP7,1497.0,1480.0,1501.0,1521.0,1538.0,1488.0,1609.0,1542.0,1563.0,1494.0,1463.0,1452.0,1536.0,1456.0,1455.0,1376.0,1384.0,792.0,727.0,1402.0,1419.0,1418.0,1448.0,1439.0,1394.0,1467.0,1394.0,1404.0,1368.0,1296.0,1331.0,1408.0,1329.0,1345.0,1267.0,1302.0,967.0,955.0
WEEKENDS/HOLIDAY,BP8,2554.0,2431.0,2499.0,2465.0,2540.0,2396.0,2624.0,2527.0,2512.0,2457.0,2371.0,2331.0,2455.0,2336.0,2351.0,2257.0,2321.0,1606.0,1596.0,2441.0,2374.0,2396.0,2303.0,2447.0,2241.0,2517.0,2422.0,2397.0,2281.0,2226.0,2244.0,2338.0,2214.0,2251.0,2128.0,2203.0,1409.0,1417.0
WEEKENDS/HOLIDAY,BP9,2835.0,2800.0,2796.0,2755.0,2873.0,2555.0,2986.0,2874.0,2887.0,2913.0,2826.0,2744.0,2872.0,2755.0,2741.0,2649.0,2796.0,2068.0,2093.0,2806.0,2829.0,2751.0,2741.0,2813.0,2478.0,2880.0,2793.0,2798.0,2888.0,2827.0,2683.0,2842.0,2721.0,2694.0,2584.0,2703.0,1652.0,1714.0
WEEKENDS/HOLIDAY,CC1-NE6-NS24,39691.0,38804.0,38567.0,39504.0,39585.0,40217.0,37649.0,33210.0,38036.0,35442.0,34406.0,34305.0,36783.0,34730.0,33626.0,33168.0,34113.0,33905.0,24626.0,38139.0,37986.0,36906.0,38021.0,38183.0,39184.0,36384.0,31619.0,36759.0,34185.0,33423.0,33168.0,35720.0,33819.0,31933.0,31972.0,32986.0,32963.0,26787.0
WEEKENDS/HOLIDAY,CC10,10869.0,10539.0,10788.0,10801.0,10421.0,10951.0,10866.0,10874.0,11083.0,10687.0,10472.0,10529.0,11080.0,10428.0,10815.0,10555.0,11076.0,10752.0,9208.0,10063.0,9830.0,9985.0,9946.0,9639.0,10070.0,10036.0,9924.0,10302.0,9958.0,9748.0,9805.0,10328.0,9767.0,10186.0,9831.0,10289.0,10137.0,9066.0
WEEKENDS/HOLIDAY,CC11,9445.0,9031.0,9856.0,9677.0,9486.0,9556.0,9681.0,8221.0,10219.0,9548.0,8840.0,9389.0,9416.0,8564.0,9094.0,8923.0,9194.0,8344.0,6754.0,9188.0,8945.0,9622.0,9408.0,9203.0,9264.0,9392.0,7991.0,9928.0,9250.0,8595.0,9081.0,9212.0,8411.0,8965.0,8777.0,9036.0,8226.0,7100.0
WEEKENDS/HOLIDAY,CC12,4428.0,4081.0,4310.0,4174.0,4046.0,3661.0,4092.0,3747.0,4269.0,4020.0,3896.0,3825.0,4336.0,3938.0,4112.0,4154.0,4086.0,3552.0,3329.0,3981.0,3890.0,3911.0,3711.0,3588.0,3266.0,3645.0,3399.0,3916.0,3682.0,3529.0,3468.0,3972.0,3645.0,3779.0,3809.0,3751.0,3265.0,3189.0
WEEKENDS/HOLIDAY,CC14,4938.0,5044.0,4931.0,4879.0,4662.0,4926.0,4700.0,4696.0,4962.0,4822.0,4736.0,4355.0,4663.0,4734.0,4686.0,4559.0,4670.0,4793.0,3838.0,4792.0,4826.0,4736.0,4696.0,4529.0,4729.0,4566.0,4548.0,4779.0,4590.0,4535.0,4208.0,4505.0,4551.0,4492.0,4361.0,4510.0,4619.0,3842.0
WEEKENDS/HOLIDAY,CC16,7294.0,6827.0,7086.0,6962.0,6619.0,6366.0,6652.0,6281.0,7066.0,6789.0,6428.0,6486.0,6986.0,6318.0,6435.0,6183.0,6794.0,5809.0,5156.0,7066.0,6732.0,6901.0,6780.0,6505.0,6283.0,6576.0,6201.0,7047.0,6654.0,6372.0,6391.0,6896.0,6296.0,6325.0,6147.0,6661.0,5745.0,5419.0
WEEKENDS/HOLIDAY,CC17,2159.0,2119.0,2180.0,2218.0,2084.0,1951.0,2157.0,2084.0,2208.0,2100.0,2079.0,1991.0,2112.0,2016.0,2036.0,2013.0,2113.0,1834.0,1735.0,2247.0,2185.0,2220.0,2230.0,2074.0,1941.0,2189.0,2125.0,2293.0,2113.0,2160.0,2006.0,2151.0,2046.0,2028.0,2018.0,2147.0,1851.0,1843.0
WEEKENDS/HOLIDAY,CC19,8553.0,8391.0,8184.0,7562.0,7425.0,6656.0,7799.0,7697.0,8099.0,7894.0,7021.0,7000.0,8148.0,7964.0,7129.0,7315.0,7142.0,5980.0,6298.0,9309.0,9223.0,8815.0,8168.0,8151.0,7358.0,8345.0,8254.0,8768.0,8621.0,7775.0,7734.0,8916.0,8807.0,7806.0,8032.0,7817.0,6601.0,7395.0
WEEKENDS/HOLIDAY,CC2,4796.0,5443.0,5118.0,5020.0,4562.0,3934.0,4262.0,3976.0,4895.0,4459.0,3598.0,3900.0,4989.0,4711.0,4575.0,4108.0,4436.0,3187.0,2674.0,5280.0,6005.0,5677.0,5541.0,5208.0,4240.0,4619.0,4336.0,5438.0,4805.0,3855.0,3954.0,4785.0,4836.0,4853.0,4437.0,4777.0,3405.0,3058.0
WEEKENDS/HOLIDAY,CC20,4418.0,4227.0,4546.0,4411.0,4216.0,3868.0,4327.0,4150.0,4507.0,4421.0,4021.0,3882.0,4194.0,3868.0,4231.0,3951.0,4096.0,3532.0,3400.0,4345.0,4180.0,4443.0,4335.0,4222.0,3917.0,4303.0,4122.0,4491.0,4398.0,3976.0,3924.0,4242.0,3897.0,4247.0,3933.0,4121.0,3510.0,3502.0
WEEKENDS/HOLIDAY,CC21,7804.0,7959.0,8075.0,7669.0,7308.0,6933.0,7527.0,6983.0,7672.0,7430.0,7086.0,6887.0,7292.0,6963.0,6956.0,6539.0,6679.0,5924.0,5608.0,8359.0,8334.0,8544.0,8141.0,7761.0,7305.0,7974.0,7378.0,8143.0,7769.0,7432.0,7240.0,7629.0,7401.0,7315.0,6859.0,7067.0,6227.0,6188.0
WEEKENDS/HOLIDAY,CC23,3392.0,3471.0,3747.0,3526.0,3472.0,3032.0,3204.0,2970.0,3652.0,3238.0,3126.0,3022.0,3319.0,3150.0,3240.0,3106.0,3333.0,2603.0,2329.0,3307.0,3397.0,3648.0,3484.0,3430.0,2993.0,3156.0,2994.0,3561.0,3271.0,3116.0,3007.0,3284.0,3127.0,3185.0,3080.0,3321.0,2612.0,2389.0
WEEKENDS/HOLIDAY,CC24,7228.0,8363.0,7880.0,8001.0,7566.0,6092.0,6940.0,6382.0,8081.0,6892.0,6381.0,5799.0,6826.0,7253.0,6414.0,6611.0,6764.0,4759.0,4594.0,7087.0,8093.0,7666.0,7801.0,7391.0,5917.0,6886.0,6440.0,8038.0,6732.0,6337.0,5844.0,6862.0,7159.0,6470.0,6495.0,6614.0,4759.0,4879.0
WEEKENDS/HOLIDAY,CC25,5344.0,5313.0,5610.0,5373.0,5191.0,4656.0,4957.0,4780.0,5666.0,5143.0,4927.0,4963.0,5217.0,5040.0,4932.0,4960.0,5063.0,4477.0,4163.0,4913.0,4808.0,5009.0,4718.0,4665.0,4214.0,4455.0,4389.0,5168.0,4694.0,4461.0,4575.0,4743.0,4534.0,4517.0,4415.0,4547.0,4043.0,4081.0
WEEKENDS/HOLIDAY,CC26,2542.0,2661.0,2789.0,2918.0,2795.0,2719.0,2740.0,2472.0,2876.0,2744.0,2750.0,2900.0,3064.0,2976.0,3167.0,3100.0,3148.0,2682.0,2355.0,2659.0,2671.0,2824.0,3016.0,2979.0,2891.0,2898.0,2705.0,3024.0,2921.0,2885.0,3030.0,3186.0,3053.0,3253.0,3160.0,3233.0,2776.0,2626.0
WEEKENDS/HOLIDAY,CC27,1885.0,1885.0,1950.0,2174.0,1917.0,1695.0,1802.0,1522.0,1970.0,1766.0,1649.0,1816.0,1804.0,1581.0,1651.0,1589.0,1675.0,1357.0,1173.0,1941.0,2051.0,2015.0,2218.0,1939.0,1734.0,1889.0,1651.0,2105.0,1897.0,1784.0,1907.0,1888.0,1660.0,1665.0,1596.0,1636.0,1391.0,1307.0
WEEKENDS/HOLIDAY,CC28,3228.0,3214.0,3312.0,3186.0,3088.0,2977.0,3144.0,3070.0,3091.0,2946.0,2854.0,2855.0,3094.0,2911.0,2941.0,2872.0,3000.0,2690.0,2555.0,3157.0,3134.0,3163.0,3125.0,3004.0,2884.0,3012.0,2884.0,2928.0,2843.0,2710.0,2737.0,3010.0,2835.0,2891.0,2756.0,2876.0,2584.0,2589.0
WEEKENDS/HOLIDAY,CC3,11879.0,11672.0,12727.0,9962.0,9059.0,11760.0,9654.0,8748.0,11785.0,9135.0,9823.0,8937.0,12463.0,10591.0,11662.0,9014.0,10539.0,10287.0,6678.0,10901.0,10826.0,12034.0,9421.0,8494.0,10985.0,8894.0,8695.0,10989.0,8691.0,9316.0,8069.0,11027.0,9734.0,11306.0,8741.0,9871.0,9605.0,7022.0
WEEKENDS/HOLIDAY,CC4-DT15,17402.0,17166.0,15640.0,13329.0,13160.0,15789.0,13880.0,14172.0,15534.0,13968.0,13999.0,13585.0,15831.0,14454.0,14903.0,12411.0,15016.0,14113.0,10417.0,17504.0,17670.0,17409.0,14111.0,14235.0,16702.0,14843.0,16079.0,16965.0,14414.0,14846.0,14444.0,16174.0,14829.0,16284.0,13143.0,16497.0,15154.0,12129.0
WEEKENDS/HOLIDAY,CC5,4769.0,4587.0,5591.0,4490.0,4128.0,4213.0,4359.0,4218.0,4631.0,4379.0,3992.0,4347.0,5154.0,4495.0,5501.0,4171.0,4177.0,3864.0,3471.0,4750.0,4614.0,5824.0,4490.0,4195.0,4201.0,4364.0,4239.0,4677.0,4418.0,4108.0,4376.0,5118.0,4672.0,5910.0,4174.0,4244.0,3931.0,3674.0
WEEKENDS/HOLIDAY,CC6,13758.0,12787.0,14540.0,15973.0,12594.0,10217.0,13725.0,9169.0,11854.0,12314.0,15951.0,10149.0,16564.0,11077.0,12096.0,9905.0,12223.0,12982.0,7877.0,13630.0,11995.0,13464.0,14706.0,11908.0,9780.0,13277.0,8677.0,11230.0,11452.0,15241.0,9652.0,16835.0,10545.0,11150.0,9506.0,12311.0,13164.0,8022.0
WEEKENDS/HOLIDAY,CC7,5875.0,5436.0,5526.0,5474.0,5202.0,4888.0,5809.0,5402.0,5825.0,5539.0,5567.0,5307.0,6362.0,5571.0,5418.0,5146.0,5503.0,4967.0,4309.0,6093.0,5816.0,6038.0,5891.0,5591.0,5343.0,6221.0,5972.0,6425.0,6020.0,6004.0,5808.0,6517.0,6120.0,5926.0,5623.0,5902.0,5314.0,4979.0
WEEKENDS/HOLIDAY,CC8,6768.0,6458.0,6777.0,6610.0,6402.0,5954.0,6350.0,5821.0,6440.0,6375.0,6102.0,5980.0,6692.0,6084.0,6081.0,5704.0,6155.0,5446.0,4819.0,6697.0,6414.0,6651.0,6454.0,6224.0,5880.0,6194.0,5745.0,6317.0,6172.0,5865.0,5773.0,6480.0,5844.0,5835.0,5372.0,5843.0,5223.0,4724.0
WEEKENDS/HOLIDAY,CE1,47024.0,48450.0,45814.0,38488.0,36990.0,46758.0,38689.0,44487.0,42817.0,39174.0,38425.0,41445.0,47352.0,48419.0,40276.0,36823.0,37356.0,45061.0,34638.0,44628.0,46176.0,44562.0,37032.0,35591.0,45265.0,36984.0,43619.0,41421.0,37355.0,36922.0,40217.0,45656.0,46877.0,39050.0,35450.0,36266.0,43434.0,35479.0
WEEKENDS/HOLIDAY,CG1,11582.0,13188.0,12493.0,14378.0,17332.0,12428.0,12335.0,9924.0,13236.0,13814.0,13138.0,13444.0,11010.0,12299.0,11849.0,14791.0,14061.0,10970.0,7727.0,11874.0,13697.0,13059.0,15190.0,17905.0,12846.0,12857.0,10300.0,14166.0,14778.0,13650.0,14015.0,11712.0,12925.0,12068.0,15550.0,14754.0,11437.0,8672.0
WEEKENDS/HOLIDAY,CG2,20723.0,21174.0,20751.0,19858.0,20685.0,20827.0,19977.0,20799.0,20231.0,36881.0,36407.0,31184.0,30040.0,29018.0,25431.0,25065.0,25191.0,26300.0,21698.0,19498.0,19775.0,19090.0,18609.0,19046.0,19273.0,18284.0,18564.0,18842.0,37004.0,35574.0,30122.0,28793.0,28289.0,24482.0,24698.0,24275.0,25778.0,21336.0
WEEKENDS/HOLIDAY,DT1,26067.0,25640.0,26583.0,26247.0,25200.0,25010.0,25722.0,24500.0,25974.0,24903.0,25102.0,23495.0,25486.0,24434.0,24086.0,23470.0,22958.0,22198.0,20299.0,25426.0,24871.0,25511.0,25200.0,24377.0,24152.0,25273.0,23693.0,24930.0,24017.0,23830.0,22851.0,24648.0,23430.0,23468.0,22744.0,22156.0,21280.0,21156.0
WEEKENDS/HOLIDAY,DT10,3498.0,3317.0,3551.0,3396.0,3342.0,3118.0,3410.0,3233.0,3501.0,3461.0,3255.0,3107.0,3520.0,3332.0,3442.0,3201.0,3371.0,3046.0,2646.0,2952.0,2749.0,2939.0,2772.0,2723.0,2534.0,2733.0,2638.0,2822.0,2762.0,2633.0,2577.0,2894.0,2712.0,2777.0,2546.0,2760.0,2425.0,2360.0
WEEKENDS/HOLIDAY,DT11,27588.0,26746.0,26888.0,27031.0,26724.0,27445.0,27257.0,25522.0,27051.0,26351.0,25012.0,24805.0,27671.0,25887.0,24444.0,23101.0,23074.0,22942.0,21845.0,26906.0,26271.0,27196.0,26694.0,26270.0,26456.0,27295.0,24970.0,26389.0,26009.0,24467.0,24590.0,27211.0,25722.0,26259.0,22496.0,22842.0,22478.0,22038.0
WEEKENDS/HOLIDAY,DT13,9013.0,8717.0,9348.0,9132.0,8701.0,8053.0,9289.0,8156.0,8889.0,8814.0,8040.0,7847.0,8965.0,8319.0,8625.0,8456.0,8117.0,7453.0,7251.0,9435.0,9214.0,9838.0,9617.0,9045.0,8495.0,9830.0,8666.0,9618.0,9415.0,8645.0,8303.0,9524.0,8753.0,9128.0,8766.0,8679.0,7925.0,8279.0
WEEKENDS/HOLIDAY,DT17,5252.0,5758.0,5082.0,4985.0,4640.0,4483.0,4691.0,4724.0,4744.0,4649.0,4086.0,4517.0,4919.0,5170.0,4358.0,4002.0,4378.0,3753.0,3168.0,5094.0,5550.0,5122.0,4926.0,4550.0,4316.0,4584.0,4564.0,4570.0,4589.0,4019.0,4394.0,4804.0,4383.0,4325.0,4004.0,4363.0,3633.0,3442.0
WEEKENDS/HOLIDAY,DT18,4184.0,4274.0,4412.0,4181.0,3920.0,3771.0,4093.0,3947.0,4537.0,4410.0,4057.0,4102.0,4531.0,4331.0,4092.0,3844.0,4088.0,3382.0,3086.0,4655.0,4621.0,4915.0,4692.0,4346.0,4245.0,4585.0,4391.0,5171.0,4982.0,4503.0,4517.0,4913.0,4620.0,4509.0,4266.0,4587.0,3829.0,3727.0
WEEKENDS/HOLIDAY,DT2,1808.0,1640.0,1749.0,1674.0,1553.0,1488.0,1692.0,1576.0,1711.0,1725.0,1603.0,1540.0,1710.0,1541.0,1601.0,1556.0,1624.0,1485.0,1390.0,1451.0,1318.0,1366.0,1315.0,1232.0,1204.0,1269.0,1249.0,1353.0,1292.0,1272.0,1245.0,1330.0,1236.0,1202.0,1180.0,1205.0,1084.0,1078.0
WEEKENDS/HOLIDAY,DT20,5465.0,5590.0,5636.0,5394.0,5202.0,5200.0,5867.0,5135.0,5221.0,5271.0,4904.0,5458.0,5855.0,5780.0,5509.0,5198.0,5425.0,5032.0,4352.0,6122.0,6175.0,6204.0,5995.0,5723.0,5671.0,6245.0,5712.0,5726.0,5931.0,5492.0,6374.0,6838.0,6920.0,6428.0,6150.0,6402.0,6004.0,5606.0
WEEKENDS/HOLIDAY,DT21,5978.0,6598.0,6140.0,6215.0,5707.0,5003.0,6037.0,5632.0,6133.0,5898.0,5367.0,5459.0,6642.0,6316.0,5772.0,5571.0,5768.0,4726.0,4368.0,5972.0,6266.0,6009.0,6109.0,5666.0,5063.0,5990.0,5662.0,6119.0,5933.0,5372.0,5232.0,6366.0,6159.0,5827.0,5651.0,5655.0,4718.0,4902.0
WEEKENDS/HOLIDAY,DT22,8483.0,8331.0,8494.0,8816.0,8498.0,8040.0,8992.0,8207.0,8572.0,8548.0,8428.0,8274.0,9114.0,8504.0,8985.0,9232.0,8462.0,8543.0,8307.0,8975.0,8949.0,9093.0,9403.0,9169.0,8776.0,9772.0,8767.0,9308.0,9220.0,9084.0,8957.0,9743.0,9203.0,9669.0,9984.0,9341.0,9166.0,9510.0
WEEKENDS/HOLIDAY,DT23,2274.0,2096.0,2313.0,2234.0,2099.0,2041.0,2264.0,1990.0,2213.0,2224.0,2091.0,2086.0,2451.0,2243.0,2296.0,2149.0,2206.0,1998.0,1596.0,2319.0,2163.0,2355.0,2225.0,2164.0,2112.0,2297.0,2039.0,2316.0,2346.0,2181.0,2198.0,2582.0,2333.0,2391.0,2190.0,2318.0,2081.0,1914.0
WEEKENDS/HOLIDAY,DT24,3622.0,3638.0,3716.0,3636.0,3631.0,3568.0,3670.0,3494.0,3760.0,3680.0,3638.0,3657.0,3834.0,3698.0,3644.0,3629.0,3664.0,3512.0,2878.0,3642.0,3659.0,3690.0,3574.0,3606.0,3501.0,3635.0,3439.0,3719.0,3668.0,3630.0,3641.0,3864.0,3657.0,3655.0,3605.0,3650.0,3489.0,3261.0
WEEKENDS/HOLIDAY,DT25,2678.0,2535.0,2774.0,2690.0,2576.0,2586.0,2779.0,2560.0,2808.0,2762.0,2643.0,2670.0,2900.0,2754.0,2831.0,2746.0,2819.0,2600.0,2146.0,2621.0,2540.0,2780.0,2697.0,2548.0,2555.0,2770.0,2508.0,2758.0,2668.0,2617.0,2700.0,2899.0,2741.0,2818.0,2699.0,2797.0,2548.0,2475.0
WEEKENDS/HOLIDAY,DT27,5089.0,4954.0,5216.0,5275.0,5270.0,5175.0,5422.0,4909.0,5424.0,5201.0,5051.0,5199.0,5480.0,5235.0,5369.0,5493.0,5478.0,5287.0,4617.0,4865.0,4734.0,4947.0,5022.0,5050.0,4983.0,5198.0,4682.0,5162.0,5033.0,4831.0,5064.0,5295.0,5016.0,5154.0,5211.0,5266.0,5110.0,4846.0
WEEKENDS/HOLIDAY,DT28,7913.0,7846.0,8052.0,8144.0,8304.0,7776.0,8222.0,7659.0,8098.0,8033.0,7760.0,7854.0,8152.0,7779.0,7948.0,8090.0,8021.0,7565.0,6624.0,7407.0,7382.0,7602.0,7693.0,7806.0,7316.0,7767.0,7162.0,7636.0,7577.0,7353.0,7499.0,7776.0,7334.0,7528.0,7664.0,7612.0,7276.0,7180.0
WEEKENDS/HOLIDAY,DT29,4937.0,4848.0,5103.0,5087.0,5018.0,4972.0,5175.0,4911.0,5135.0,5081.0,4844.0,4889.0,5169.0,4936.0,5032.0,4971.0,5151.0,4794.0,4296.0,4592.0,4509.0,4753.0,4657.0,4624.0,4583.0,4802.0,4569.0,4745.0,4641.0,4474.0,4514.0,4776.0,4531.0,4592.0,4490.0,4630.0,4402.0,4247.0
WEEKENDS/HOLIDAY,DT3,6366.0,6325.0,6501.0,6339.0,6095.0,5847.0,6353.0,5923.0,6494.0,6294.0,6121.0,5708.0,6239.0,6089.0,5912.0,5733.0,5791.0,5144.0,4616.0,5581.0,5546.0,5615.0,5449.0,5145.0,5007.0,5459.0,5140.0,5610.0,5333.0,5198.0,4952.0,5461.0,5223.0,5197.0,4911.0,5024.0,4416.0,4386.0
WEEKENDS/HOLIDAY,DT30,5846.0,5461.0,5732.0,5646.0,5482.0,5319.0,5730.0,5576.0,5788.0,5619.0,5451.0,5385.0,5816.0,5342.0,5445.0,5282.0,5411.0,4872.0,4196.0,5609.0,5297.0,5508.0,5407.0,5251.0,5099.0,5534.0,5368.0,5550.0,5341.0,5122.0,5097.0,5543.0,5094.0,5130.0,4948.0,5138.0,4673.0,4531.0
WEEKENDS/HOLIDAY,DT31,5693.0,5369.0,5702.0,5648.0,5506.0,5296.0,5717.0,5177.0,5778.0,5485.0,5328.0,5215.0,5647.0,5239.0,5384.0,5445.0,5467.0,4967.0,4517.0,6048.0,5689.0,5987.0,5862.0,5707.0,5583.0,6022.0,5456.0,6048.0,5676.0,5520.0,5534.0,5999.0,5533.0,5706.0,5675.0,5703.0,5287.0,5150.0
WEEKENDS/HOLIDAY,DT32,17017.0,16992.0,16973.0,17266.0,17053.0,16471.0,17274.0,15855.0,17508.0,16896.0,16012.0,16154.0,17031.0,16035.0,16096.0,16203.0,16189.0,15138.0,13048.0,17798.0,17379.0,17686.0,17802.0,17615.0,17176.0,18180.0,16358.0,17992.0,17215.0,16476.0,16715.0,17408.0,16576.0,16609.0,16673.0,16612.0,15769.0,14406.0
WEEKENDS/HOLIDAY,DT33,12910.0,12528.0,13136.0,12980.0,12746.0,12472.0,13084.0,12354.0,13136.0,12848.0,12366.0,12016.0,12805.0,12262.0,12268.0,12122.0,12325.0,11296.0,10061.0,12365.0,12037.0,12412.0,12346.0,12121.0,11868.0,12378.0,11670.0,12393.0,12056.0,11593.0,11413.0,12057.0,11451.0,11456.0,11353.0,11508.0,10681.0,10134.0
WEEKENDS/HOLIDAY,DT34,2980.0,2857.0,3029.0,3074.0,3080.0,2739.0,2803.0,3142.0,3047.0,3064.0,2867.0,2853.0,3028.0,2955.0,3057.0,3001.0,3208.0,2674.0,2076.0,2892.0,2781.0,2897.0,2924.0,2976.0,2618.0,2667.0,3043.0,2915.0,2949.0,2718.0,2764.0,2950.0,2785.0,2931.0,2831.0,2990.0,2536.0,2336.0
WEEKENDS/HOLIDAY,DT5,12440.0,12150.0,12906.0,12435.0,11579.0,10889.0,12490.0,11336.0,12635.0,12122.0,11543.0,11236.0,12572.0,11894.0,11746.0,11572.0,11252.0,9938.0,9463.0,12349.0,12045.0,12458.0,12208.0,11517.0,11003.0,12369.0,11204.0,12599.0,11903.0,11458.0,11160.0,12503.0,11620.0,11764.0,11308.0,11041.0,10010.0,9957.0
WEEKENDS/HOLIDAY,DT6,4434.0,4450.0,4704.0,4696.0,4470.0,3821.0,4687.0,4345.0,4606.0,4609.0,4183.0,3797.0,4386.0,4148.0,4098.0,4080.0,4161.0,3360.0,3307.0,3995.0,3986.0,4316.0,4181.0,3980.0,3533.0,4173.0,3889.0,4208.0,4149.0,3890.0,3605.0,4190.0,3892.0,3981.0,3859.0,3945.0,3251.0,3468.0
WEEKENDS/HOLIDAY,DT7,2951.0,2986.0,3216.0,3136.0,2985.0,2483.0,3051.0,2936.0,3185.0,3076.0,2726.0,2557.0,2784.0,2864.0,2855.0,2684.0,2741.0,2248.0,2133.0,3201.0,3285.0,3573.0,3398.0,3279.0,2877.0,3342.0,3185.0,3431.0,3314.0,3010.0,2839.0,3072.0,3143.0,3226.0,2948.0,3033.0,2606.0,2566.0
WEEKENDS/HOLIDAY,DT8,2740.0,2712.0,2817.0,2634.0,2424.0,2176.0,2592.0,2664.0,2826.0,2850.0,2590.0,2411.0,2724.0,2485.0,2546.0,2311.0,2296.0,1975.0,1945.0,2778.0,2704.0,2776.0,2637.0,2456.0,2184.0,2650.0,2738.0,2892.0,2824.0,2631.0,2407.0,2755.0,2549.0,2679.0,2363.0,2359.0,1984.0,2157.0
WEEKENDS/HOLIDAY,EW1,28152.0,26304.0,27337.0,27038.0,26652.0,26322.0,27569.0,24695.0,26903.0,25541.0,24896.0,24351.0,26514.0,24495.0,25033.0,24694.0,24976.0,23152.0,21030.0,27680.0,25608.0,26420.0,26212.0,25827.0,25472.0,26839.0,24136.0,26113.0,25108.0,24136.0,23736.0,26060.0,23736.0,24332.0,23918.0,24162.0,22167.0,20665.0
WEEKENDS/HOLIDAY,EW10,14206.0,13232.0,13412.0,13466.0,12840.0,12402.0,12981.0,12069.0,13109.0,12958.0,12429.0,13030.0,14257.0,12786.0,13496.0,13019.0,12762.0,12435.0,11391.0,14523.0,13678.0,13832.0,13768.0,13252.0,12787.0,13218.0,12223.0,13597.0,13375.0,12663.0,13374.0,14629.0,13252.0,14211.0,13440.0,13224.0,12677.0,11855.0
WEEKENDS/HOLIDAY,EW11,18665.0,17579.0,18631.0,17742.0,16670.0,16806.0,17269.0,15860.0,17159.0,16748.0,15971.0,15874.0,17877.0,16150.0,16918.0,15815.0,16116.0,15281.0,13931.0,19014.0,17999.0,18744.0,17969.0,16995.0,17271.0,17485.0,16276.0,17509.0,17070.0,16044.0,16227.0,18480.0,16572.0,17277.0,16093.0,16681.0,15794.0,14494.0
WEEKENDS/HOLIDAY,EW12,61579.0,60454.0,60700.0,61280.0,58943.0,61089.0,65741.0,56429.0,60779.0,57366.0,56269.0,54329.0,62126.0,56218.0,56434.0,54177.0,54167.0,53778.0,48821.0,64357.0,63510.0,63723.0,64443.0,62140.0,64398.0,69358.0,59099.0,63826.0,60039.0,58168.0,57372.0,64496.0,59224.0,58818.0,57362.0,57295.0,57139.0,54655.0
WEEKENDS/HOLIDAY,EW13-NS25,51089.0,50055.0,50619.0,45812.0,45929.0,48874.0,44761.0,42012.0,47707.0,43451.0,40757.0,45381.0,56867.0,49444.0,51789.0,44200.0,46382.0,46117.0,36818.0,49197.0,48067.0,51114.0,45899.0,45974.0,49094.0,45014.0,42202.0,47918.0,43451.0,40843.0,44732.0,56396.0,49556.0,52209.0,44210.0,46151.0,45931.0,37785.0
WEEKENDS/HOLIDAY,EW14-NS26,19080.0,20498.0,20181.0,17517.0,16630.0,16447.0,17194.0,16839.0,16552.0,15350.0,14834.0,16594.0,20869.0,19985.0,18182.0,15281.0,16080.0,13834.0,12545.0,19612.0,20463.0,20280.0,18192.0,16921.0,17003.0,17507.0,17192.0,16975.0,16034.0,15174.0,16345.0,20002.0,20226.0,17886.0,15666.0,16310.0,14239.0,13441.0
WEEKENDS/HOLIDAY,EW15,16787.0,16306.0,17062.0,16918.0,15855.0,15541.0,16565.0,14428.0,17030.0,16045.0,15346.0,15433.0,16879.0,15749.0,15742.0,14955.0,15871.0,13664.0,12066.0,17826.0,17298.0,18115.0,18228.0,16892.0,16681.0,17532.0,15393.0,18059.0,16961.0,16239.0,16440.0,17832.0,16612.0,16567.0,15829.0,16698.0,14463.0,13016.0
WEEKENDS/HOLIDAY,EW16,17677.0,16962.0,17968.0,17376.0,16444.0,15969.0,17369.0,15674.0,16651.0,15961.0,14995.0,15289.0,16640.0,15396.0,15359.0,14790.0,15459.0,15032.0,12568.0,17428.0,16520.0,17292.0,17816.0,16248.0,15875.0,17306.0,15584.0,16408.0,15589.0,14607.0,15171.0,16577.0,15196.0,15156.0,15287.0,16344.0,15008.0,14131.0
WEEKENDS/HOLIDAY,EW17,22194.0,21324.0,22195.0,21684.0,21155.0,20951.0,21990.0,20675.0,22149.0,21580.0,20926.0,20890.0,22418.0,20888.0,21405.0,20514.0,20839.0,19548.0,18143.0,23485.0,22384.0,23292.0,22596.0,22154.0,22005.0,23079.0,21690.0,23330.0,22752.0,22067.0,22008.0,23720.0,22016.0,22742.0,21592.0,21784.0,20652.0,19647.0
WEEKENDS/HOLIDAY,EW18,13341.0,12569.0,13120.0,12626.0,12281.0,11781.0,12666.0,11921.0,12939.0,12649.0,12035.0,11793.0,12868.0,11833.0,12220.0,11545.0,12096.0,10839.0,10294.0,13404.0,12711.0,13121.0,12615.0,12619.0,12024.0,12930.0,12225.0,13250.0,13272.0,12217.0,12146.0,13292.0,12189.0,12615.0,11830.0,12437.0,11259.0,10828.0
WEEKENDS/HOLIDAY,EW19,11457.0,10753.0,11387.0,11262.0,10826.0,10481.0,11169.0,10320.0,11414.0,10898.0,10340.0,10272.0,11084.0,10144.0,10487.0,10117.0,10531.0,9520.0,8796.0,11581.0,11068.0,11419.0,11169.0,10746.0,10556.0,11151.0,10298.0,11361.0,10777.0,10236.0,10167.0,11078.0,10079.0,10411.0,9941.0,10277.0,9447.0,8946.0
WEEKENDS/HOLIDAY,EW2,33280.0,31496.0,32076.0,32036.0,31552.0,31799.0,32592.0,28742.0,31972.0,30703.0,29513.0,28932.0,30973.0,28706.0,29785.0,28821.0,28937.0,27935.0,25068.0,32887.0,31067.0,31398.0,31538.0,31199.0,31374.0,32161.0,28411.0,31676.0,30296.0,29058.0,28751.0,30760.0,28423.0,29494.0,28783.0,28726.0,27839.0,25052.0
WEEKENDS/HOLIDAY,EW20,12182.0,11532.0,11913.0,11900.0,11461.0,11274.0,11598.0,11030.0,12044.0,11967.0,11249.0,11030.0,12099.0,10887.0,11400.0,10898.0,11176.0,10476.0,9665.0,11824.0,11074.0,11470.0,11444.0,11190.0,11038.0,11454.0,10697.0,11776.0,11703.0,10956.0,10764.0,11834.0,10536.0,11085.0,10573.0,10801.0,10237.0,9540.0
WEEKENDS/HOLIDAY,EW21,17081.0,17884.0,20388.0,16552.0,15772.0,14976.0,16222.0,14444.0,16869.0,15534.0,14580.0,14493.0,16674.0,14546.0,15573.0,14590.0,15096.0,13467.0,11941.0,16278.0,17244.0,19761.0,15922.0,15002.0,15319.0,15424.0,13710.0,16006.0,14704.0,13846.0,13805.0,15910.0,13853.0,14910.0,13986.0,14497.0,12826.0,11660.0
WEEKENDS/HOLIDAY,EW22,5404.0,5037.0,4612.0,4891.0,5142.0,4121.0,5836.0,4623.0,5188.0,4539.0,4435.0,4443.0,5115.0,4661.0,4452.0,4523.0,5056.0,3791.0,4363.0,5761.0,5341.0,4843.0,5232.0,5553.0,4600.0,6236.0,5084.0,5431.0,4957.0,4806.0,4853.0,5556.0,5070.0,4841.0,4864.0,5332.0,4238.0,4829.0
WEEKENDS/HOLIDAY,EW23,37486.0,34740.0,35130.0,36399.0,35725.0,33997.0,36566.0,33473.0,36890.0,35783.0,34336.0,34101.0,37026.0,34625.0,35296.0,34158.0,34935.0,32022.0,29958.0,37348.0,34524.0,34696.0,35808.0,35325.0,33350.0,36334.0,33162.0,36604.0,35363.0,33848.0,33675.0,36890.0,33977.0,34876.0,33736.0,34365.0,31679.0,30534.0
WEEKENDS/HOLIDAY,EW24-NS1,72690.0,70185.0,70353.0,72112.0,73963.0,73001.0,73595.0,64191.0,72600.0,71059.0,69231.0,68185.0,72220.0,69764.0,69041.0,69931.0,70972.0,69739.0,63132.0,76024.0,72149.0,71458.0,74936.0,77244.0,76709.0,77303.0,67279.0,75717.0,73950.0,71944.0,70997.0,75110.0,71421.0,71994.0,72404.0,73767.0,71365.0,66762.0
WEEKENDS/HOLIDAY,EW25,8958.0,8819.0,8195.0,8549.0,8722.0,8415.0,9189.0,9154.0,9019.0,9052.0,9576.0,8143.0,8255.0,8247.0,8145.0,8552.0,7535.0,7071.0,7401.0,8810.0,8798.0,8262.0,8246.0,8392.0,7942.0,8864.0,8846.0,8712.0,8775.0,8976.0,8167.0,8195.0,8095.0,8037.0,8241.0,7188.0,6883.0,7390.0
WEEKENDS/HOLIDAY,EW26,25965.0,23418.0,23279.0,25466.0,24958.0,24498.0,25547.0,23766.0,26070.0,25923.0,26311.0,25722.0,27181.0,26086.0,26338.0,25827.0,26254.0,24241.0,22561.0,22450.0,20598.0,20583.0,21603.0,21495.0,20587.0,21924.0,20450.0,22394.0,22513.0,23466.0,22469.0,23501.0,22477.0,22801.0,22135.0,22385.0,20843.0,19956.0
WEEKENDS/HOLIDAY,EW27,43766.0,41862.0,41085.0,43448.0,43520.0,43556.0,44147.0,40359.0,44314.0,43156.0,42087.0,42195.0,44086.0,43198.0,44481.0,43251.0,42425.0,41455.0,38286.0,47877.0,46032.0,45716.0,47561.0,48146.0,46742.0,48448.0,43936.0,48503.0,47429.0,45810.0,45599.0,47917.0,46182.0,48317.0,46296.0,45762.0,44442.0,41855.0
WEEKENDS/HOLIDAY,EW28,23784.0,22579.0,21500.0,23604.0,23432.0,22685.0,23611.0,22197.0,24097.0,23281.0,22588.0,22406.0,23884.0,22935.0,23155.0,22906.0,22902.0,21419.0,19868.0,19296.0,18784.0,18154.0,18896.0,18374.0,17878.0,19127.0,17755.0,19322.0,18629.0,18040.0,18343.0,19123.0,18388.0,18587.0,18221.0,18009.0,17168.0,16674.0
WEEKENDS/HOLIDAY,EW29,11733.0,11235.0,11535.0,11370.0,11356.0,11189.0,10974.0,9957.0,11473.0,10901.0,10661.0,10835.0,11393.0,10834.0,11125.0,11229.0,11489.0,10992.0,10032.0,11764.0,10534.0,9546.0,11346.0,11638.0,11416.0,11580.0,10674.0,11683.0,11237.0,10972.0,11173.0,11752.0,11245.0,11622.0,12014.0,11899.0,11673.0,11090.0
WEEKENDS/HOLIDAY,EW3,15832.0,15003.0,15508.0,15168.0,14704.0,14533.0,15197.0,13935.0,15606.0,14897.0,14362.0,13757.0,14789.0,13970.0,14124.0,13568.0,13797.0,12920.0,11838.0,15928.0,15015.0,15535.0,15269.0,14688.0,14544.0,15339.0,13983.0,15781.0,15056.0,14474.0,13804.0,14941.0,14064.0,14375.0,13654.0,13968.0,13044.0,12196.0
WEEKENDS/HOLIDAY,EW30,1671.0,1656.0,1739.0,1761.0,1787.0,1847.0,1931.0,1762.0,2114.0,2127.0,2107.0,2163.0,2254.0,2198.0,2391.0,2482.0,2489.0,2438.0,2256.0,1281.0,1164.0,1113.0,1347.0,1358.0,1399.0,1456.0,1420.0,1682.0,1711.0,1710.0,1728.0,1792.0,1805.0,1928.0,1998.0,2079.0,2029.0,1973.0
WEEKENDS/HOLIDAY,EW31,1985.0,1963.0,2214.0,2325.0,2350.0,2373.0,2547.0,2334.0,2744.0,2687.0,2534.0,2728.0,2824.0,2634.0,2797.0,2871.0,2855.0,2790.0,2491.0,1573.0,1470.0,1543.0,1744.0,1797.0,1830.0,1926.0,1859.0,2151.0,2087.0,1944.0,2102.0,2191.0,2047.0,2158.0,2160.0,2161.0,2097.0,1869.0
WEEKENDS/HOLIDAY,EW32,2349.0,2347.0,2269.0,2368.0,2462.0,2290.0,2393.0,2256.0,2440.0,2399.0,2436.0,2684.0,2624.0,2680.0,2804.0,2741.0,2566.0,2588.0,2440.0,2318.0,2283.0,2175.0,2460.0,2674.0,2521.0,2726.0,2611.0,2702.0,2622.0,2623.0,2925.0,2895.0,2987.0,3132.0,3379.0,3103.0,3244.0,3442.0
WEEKENDS/HOLIDAY,EW33,2106.0,2242.0,2257.0,2392.0,2503.0,2757.0,2957.0,2861.0,3021.0,3078.0,2939.0,3162.0,3171.0,3277.0,3294.0,3298.0,3028.0,3135.0,3099.0,2438.0,2543.0,2428.0,2729.0,3003.0,2932.0,3218.0,3246.0,3181.0,3153.0,3222.0,3532.0,3501.0,3652.0,3563.0,3711.0,3345.0,3544.0,3661.0
WEEKENDS/HOLIDAY,EW4,14387.0,13640.0,14013.0,13888.0,13679.0,13298.0,13595.0,12796.0,13668.0,13642.0,13112.0,12744.0,13318.0,12749.0,12634.0,12260.0,12468.0,11702.0,10960.0,13039.0,12463.0,12670.0,12604.0,12443.0,12125.0,12478.0,12035.0,12450.0,12732.0,12311.0,12119.0,12318.0,11766.0,11608.0,11299.0,11562.0,11074.0,10232.0
WEEKENDS/HOLIDAY,EW5,32201.0,30541.0,31392.0,31450.0,30816.0,30875.0,31394.0,28351.0,31656.0,31188.0,29757.0,29413.0,31269.0,29239.0,29672.0,28919.0,29642.0,28281.0,24885.0,31839.0,30146.0,30664.0,30798.0,30327.0,30334.0,30902.0,28012.0,31150.0,30412.0,29202.0,28703.0,30754.0,28834.0,29286.0,28405.0,29076.0,27906.0,25304.0
WEEKENDS/HOLIDAY,EW6,10432.0,10014.0,10249.0,10025.0,9737.0,9180.0,10047.0,9437.0,10380.0,9925.0,9471.0,8982.0,9964.0,9220.0,9523.0,8993.0,9093.0,8379.0,7987.0,11145.0,10647.0,10894.0,10727.0,10436.0,9962.0,10889.0,10068.0,11072.0,10465.0,9973.0,9433.0,10661.0,9888.0,10147.0,9479.0,9813.0,8925.0,8704.0
WEEKENDS/HOLIDAY,EW7,14117.0,13203.0,13656.0,13778.0,13321.0,12670.0,13262.0,12188.0,13304.0,12873.0,12829.0,12035.0,12982.0,12217.0,12765.0,12217.0,12330.0,11470.0,10698.0,15366.0,14514.0,14772.0,14980.0,14635.0,13833.0,14397.0,13377.0,14620.0,14155.0,14112.0,13017.0,14231.0,13329.0,14035.0,13359.0,13583.0,12551.0,11944.0
WEEKENDS/HOLIDAY,EW8,38447.0,36634.0,37865.0,38413.0,37025.0,35733.0,37163.0,33169.0,38708.0,38232.0,40733.0,38285.0,39956.0,36439.0,45011.0,42350.0,43101.0,41353.0,35456.0,39240.0,37525.0,38635.0,39024.0,37736.0,36643.0,38017.0,34131.0,39682.0,39487.0,44561.0,40074.0,41062.0,37498.0,46110.0,43216.0,44350.0,42375.0,37639.0
WEEKENDS/HOLIDAY,EW9,24725.0,23198.0,23544.0,23200.0,23074.0,22637.0,23266.0,21121.0,23110.0,22422.0,21968.0,22027.0,23412.0,22096.0,22623.0,21424.0,21493.0,20751.0,19398.0,24169.0,22790.0,23278.0,22930.0,22856.0,22279.0,22733.0,20672.0,22847.0,22295.0,21662.0,21766.0,23430.0,22124.0,22787.0,21353.0,21632.0,20765.0,19567.0
WEEKENDS/HOLIDAY,NE1,55673.0,53344.0,58042.0,50454.0,51115.0,58598.0,53515.0,54243.0,51896.0,52633.0,48461.0,50063.0,52505.0,55344.0,50967.0,50215.0,48299.0,49926.0,44687.0,55655.0,52950.0,58783.0,54760.0,51146.0,58460.0,52886.0,53632.0,52090.0,53023.0,47751.0,49294.0,52527.0,55284.0,49119.0,53748.0,48528.0,49786.0,47883.0
WEEKENDS/HOLIDAY,NE10,11315.0,10612.0,11024.0,11040.0,10498.0,10224.0,11501.0,10795.0,11604.0,11338.0,10964.0,10778.0,11561.0,10885.0,11061.0,10931.0,11052.0,10061.0,8431.0,11075.0,10421.0,10706.0,10639.0,10245.0,9962.0,11109.0,10504.0,11305.0,10993.0,10765.0,10550.0,11389.0,10739.0,10925.0,10636.0,10803.0,9887.0,9686.0
WEEKENDS/HOLIDAY,NE11,3720.0,3556.0,3876.0,3733.0,3802.0,3659.0,3838.0,3633.0,4004.0,3786.0,3636.0,3486.0,3679.0,3608.0,3808.0,3741.0,3756.0,3618.0,2847.0,3359.0,3231.0,3554.0,3424.0,3521.0,3429.0,3597.0,3416.0,3728.0,3553.0,3402.0,3302.0,3415.0,3374.0,3569.0,3468.0,3524.0,3347.0,3091.0
WEEKENDS/HOLIDAY,NE12,53812.0,51347.0,52970.0,52837.0,51609.0,51475.0,53509.0,48382.0,52949.0,50961.0,49541.0,48345.0,51041.0,48000.0,48495.0,47471.0,48460.0,46399.0,38953.0,55096.0,52627.0,54164.0,54001.0,52738.0,52774.0,56183.0,49915.0,54843.0,52272.0,50907.0,49887.0,54871.0,49237.0,49879.0,48630.0,51238.0,47642.0,43921.0
WEEKENDS/HOLIDAY,NE13,21276.0,20089.0,21284.0,19348.0,17788.0,19188.0,20870.0,18430.0,20372.0,19756.0,19020.0,18904.0,20141.0,18800.0,19438.0,18725.0,18479.0,17511.0,14961.0,20776.0,19608.0,20732.0,18690.0,17193.0,18684.0,20298.0,17926.0,19850.0,19248.0,18584.0,18538.0,19410.0,18355.0,18947.0,18165.0,17856.0,17150.0,16334.0
WEEKENDS/HOLIDAY,NE14,27868.0,25936.0,27296.0,26979.0,25808.0,25765.0,27693.0,24690.0,26874.0,25760.0,25027.0,25042.0,26931.0,25089.0,25442.0,25111.0,25372.0,24011.0,20269.0,26768.0,24656.0,25779.0,25460.0,24376.0,24406.0,26406.0,23395.0,25405.0,24342.0,23551.0,23694.0,25058.0,23554.0,24098.0,23416.0,23365.0,22910.0,21850.0
WEEKENDS/HOLIDAY,NE15,13788.0,13262.0,13819.0,13538.0,12895.0,12857.0,13700.0,12602.0,13538.0,12981.0,12688.0,12227.0,13351.0,12555.0,12697.0,12487.0,12395.0,11805.0,9966.0,13315.0,12829.0,13257.0,13001.0,12333.0,12463.0,13131.0,12095.0,12978.0,12470.0,12258.0,11810.0,12632.0,12056.0,12248.0,11998.0,11775.0,11415.0,10733.0
WEEKENDS/HOLIDAY,NE16-STC,38310.0,36679.0,37953.0,38353.0,36791.0,36213.0,38564.0,34949.0,37956.0,36466.0,35614.0,34342.0,37359.0,34989.0,35468.0,35378.0,35363.0,33122.0,28069.0,38878.0,37324.0,38508.0,38754.0,37272.0,36810.0,38707.0,35367.0,38611.0,36937.0,36294.0,35143.0,37626.0,35736.0,36552.0,36043.0,35669.0,33774.0,31665.0
WEEKENDS/HOLIDAY,NE17-PTC,36773.0,35304.0,35929.0,37238.0,35297.0,35043.0,37170.0,33436.0,35966.0,34762.0,34668.0,33664.0,36257.0,34480.0,33752.0,34190.0,33722.0,32421.0,27763.0,35782.0,34330.0,34896.0,36302.0,34492.0,34168.0,36270.0,32288.0,34943.0,33796.0,33490.0,33014.0,34734.0,33429.0,32672.0,33006.0,32241.0,32098.0,29820.0
WEEKENDS/HOLIDAY,NE4,58579.0,55255.0,58768.0,55653.0,52237.0,54336.0,67427.0,55380.0,51405.0,50498.0,49352.0,53075.0,56490.0,54427.0,52889.0,51317.0,50594.0,50464.0,48232.0,59629.0,55993.0,59012.0,56470.0,53177.0,54967.0,67094.0,55954.0,52045.0,50851.0,49920.0,53664.0,57199.0,54742.0,53151.0,52029.0,51387.0,50778.0,55310.0
WEEKENDS/HOLIDAY,NE5,13331.0,12778.0,12328.0,12149.0,11267.0,11174.0,11585.0,11162.0,10882.0,10962.0,10340.0,10980.0,12626.0,12895.0,11458.0,10914.0,10945.0,10166.0,8712.0,16061.0,15150.0,14865.0,14743.0,13457.0,13620.0,13489.0,13422.0,13348.0,13227.0,12254.0,12928.0,14680.0,15290.0,13366.0,12809.0,13120.0,12073.0,11385.0
WEEKENDS/HOLIDAY,NE7,31562.0,31245.0,31186.0,33562.0,33986.0,29466.0,32780.0,31112.0,30717.0,31089.0,29773.0,29412.0,31940.0,30989.0,31795.0,35614.0,28976.0,29018.0,28795.0,34835.0,34309.0,34304.0,37157.0,37340.0,32153.0,35756.0,34273.0,33937.0,34339.0,32947.0,32237.0,35171.0,34295.0,35106.0,39605.0,32192.0,31891.0,34322.0
WEEKENDS/HOLIDAY,NE8,36975.0,35432.0,36140.0,37816.0,35681.0,33982.0,37067.0,34734.0,35984.0,34806.0,33829.0,33351.0,35925.0,33681.0,34959.0,36105.0,32618.0,31630.0,28676.0,39480.0,37790.0,39021.0,40690.0,37642.0,36532.0,39948.0,37163.0,38806.0,37580.0,36747.0,35944.0,39109.0,36285.0,38156.0,38652.0,35593.0,34432.0,34451.0
WEEKENDS/HOLIDAY,NE9,19462.0,18768.0,19431.0,19382.0,18653.0,18322.0,19475.0,17820.0,18824.0,18476.0,17443.0,17143.0,17922.0,17683.0,17731.0,17866.0,17797.0,17082.0,14911.0,17127.0,16434.0,17021.0,16886.0,16388.0,16078.0,17240.0,15668.0,16489.0,16173.0,15222.0,15002.0,15830.0,15552.0,15699.0,15552.0,15529.0,14820.0,14172.0
WEEKENDS/HOLIDAY,NS10,35416.0,34548.0,36006.0,36471.0,35385.0,35051.0,35948.0,33226.0,36313.0,35578.0,24316.0,33155.0,36725.0,34507.0,35195.0,34739.0,35865.0,33538.0,30868.0,31782.0,31543.0,32766.0,33053.0,32085.0,31545.0,32556.0,30153.0,32887.0,32244.0,21630.0,29562.0,32105.0,29967.0,30563.0,30214.0,31304.0,29232.0,27228.0
WEEKENDS/HOLIDAY,NS11,35485.0,34935.0,36045.0,36420.0,36095.0,36079.0,36476.0,34588.0,37141.0,35926.0,24928.0,34245.0,36526.0,34865.0,35289.0,34791.0,33791.0,31940.0,30090.0,36364.0,34190.0,35152.0,35495.0,35391.0,35147.0,35667.0,33643.0,36162.0,35366.0,24338.0,33660.0,35766.0,33931.0,34315.0,33988.0,33406.0,31907.0,30253.0
WEEKENDS/HOLIDAY,NS13,47602.0,46436.0,47824.0,48065.0,47767.0,47929.0,48475.0,45019.0,49118.0,47903.0,45802.0,45250.0,47908.0,44946.0,45639.0,44718.0,44167.0,42601.0,37489.0,49783.0,48183.0,49395.0,49242.0,49344.0,49428.0,50070.0,46166.0,50490.0,49288.0,47920.0,46923.0,49484.0,46066.0,46837.0,45779.0,45432.0,43928.0,39439.0
WEEKENDS/HOLIDAY,NS14,24758.0,24137.0,25177.0,25352.0,24862.0,24819.0,25294.0,24136.0,25748.0,25506.0,21410.0,24272.0,26036.0,24850.0,24882.0,24593.0,25113.0,24197.0,22940.0,22279.0,21375.0,21902.0,21880.0,21393.0,21661.0,22169.0,21044.0,22445.0,22470.0,18518.0,21340.0,23024.0,21805.0,21616.0,21378.0,21861.0,21183.0,20299.0
WEEKENDS/HOLIDAY,NS15,14664.0,14322.0,14788.0,15206.0,14877.0,14262.0,15166.0,13311.0,14888.0,14195.0,12209.0,13548.0,15206.0,13462.0,13836.0,13638.0,14294.0,13068.0,11934.0,13516.0,13179.0,13415.0,13982.0,13552.0,12924.0,13862.0,12164.0,13406.0,12849.0,10966.0,12349.0,13837.0,12231.0,12594.0,12391.0,13478.0,11866.0,11085.0
WEEKENDS/HOLIDAY,NS16,43935.0,41814.0,43333.0,43327.0,43040.0,43446.0,44057.0,39524.0,43752.0,42921.0,42774.0,41000.0,43161.0,40895.0,41533.0,40807.0,41350.0,39521.0,36090.0,46080.0,44184.0,45460.0,45333.0,45181.0,45942.0,46806.0,41760.0,46260.0,45076.0,44969.0,43519.0,45785.0,43283.0,43997.0,43094.0,43615.0,42066.0,38387.0
WEEKENDS/HOLIDAY,NS17,39448.0,38373.0,39424.0,38779.0,37552.0,36543.0,38487.0,35332.0,39681.0,38411.0,36629.0,35228.0,38611.0,36581.0,35860.0,34800.0,35786.0,33058.0,29980.0,38546.0,37253.0,38140.0,37572.0,36165.0,35192.0,37297.0,33976.0,38088.0,36982.0,35168.0,33894.0,37447.0,34913.0,34587.0,33448.0,34405.0,32008.0,29878.0
WEEKENDS/HOLIDAY,NS18,12301.0,11896.0,12392.0,12304.0,12090.0,11900.0,12257.0,11491.0,12443.0,11949.0,11318.0,11512.0,12102.0,11565.0,11587.0,11133.0,11423.0,10810.0,10001.0,11577.0,11158.0,11561.0,11534.0,11286.0,11132.0,11505.0,10585.0,11527.0,10912.0,10408.0,10632.0,11180.0,10607.0,10678.0,10342.0,10540.0,10005.0,9380.0
WEEKENDS/HOLIDAY,NS19,35167.0,33156.0,34674.0,34741.0,34185.0,33172.0,34335.0,30863.0,34167.0,34001.0,31600.0,31434.0,34440.0,31615.0,32688.0,31713.0,31943.0,30443.0,27156.0,36294.0,34345.0,35723.0,35945.0,35249.0,34310.0,35493.0,31579.0,35308.0,35122.0,32529.0,32700.0,35727.0,32515.0,33666.0,32828.0,32992.0,31460.0,28467.0
WEEKENDS/HOLIDAY,NS2,22619.0,20684.0,21112.0,21961.0,21616.0,21120.0,22254.0,20656.0,22449.0,22200.0,21172.0,20974.0,22805.0,20636.0,21113.0,21116.0,21610.0,20082.0,19047.0,23908.0,21225.0,21646.0,22261.0,22109.0,21386.0,22611.0,20940.0,22944.0,22655.0,21543.0,21512.0,23583.0,21486.0,21931.0,21778.0,22281.0,20903.0,19903.0
WEEKENDS/HOLIDAY,NS20,30125.0,27774.0,29630.0,29166.0,27637.0,28247.0,28770.0,25683.0,29371.0,28680.0,26721.0,27293.0,29522.0,27592.0,28877.0,26688.0,27625.0,26352.0,23110.0,29594.0,27222.0,29191.0,28581.0,27346.0,27877.0,28300.0,25531.0,29132.0,28543.0,26254.0,26897.0,29318.0,27273.0,28304.0,26490.0,27488.0,26088.0,23205.0
WEEKENDS/HOLIDAY,NS21,26909.0,26075.0,27001.0,26758.0,26222.0,26950.0,27054.0,24941.0,27527.0,25832.0,24445.0,24428.0,27261.0,25206.0,24408.0,22363.0,22811.0,22593.0,21944.0,29415.0,28503.0,29441.0,29622.0,29376.0,30115.0,29840.0,27864.0,30050.0,28711.0,27561.0,26878.0,29922.0,28323.0,28809.0,25513.0,25700.0,25831.0,25556.0
WEEKENDS/HOLIDAY,NS22,75518.0,70169.0,74296.0,74182.0,77538.0,90347.0,75381.0,64303.0,71929.0,69187.0,65516.0,66872.0,71062.0,64858.0,68191.0,64689.0,67776.0,77053.0,55604.0,79422.0,73983.0,78780.0,78598.0,81800.0,94865.0,79052.0,67991.0,75787.0,72669.0,68594.0,70995.0,75265.0,68737.0,71222.0,68387.0,73422.0,81567.0,60735.0
WEEKENDS/HOLIDAY,NS23,36648.0,34840.0,36260.0,36249.0,38686.0,43114.0,37614.0,30698.0,35068.0,33395.0,31941.0,33268.0,35050.0,32968.0,35137.0,32445.0,33545.0,35081.0,25904.0,38664.0,36795.0,38476.0,37944.0,40608.0,44403.0,39370.0,32147.0,36947.0,34875.0,33326.0,34811.0,36937.0,34960.0,37013.0,33983.0,35709.0,36198.0,28135.0
WEEKENDS/HOLIDAY,NS27,2413.0,3133.0,2281.0,2298.0,2057.0,2196.0,2089.0,2360.0,2128.0,1972.0,1736.0,1881.0,2022.0,2393.0,1867.0,1797.0,1803.0,1821.0,1862.0,3961.0,5365.0,3870.0,3627.0,3421.0,3676.0,3288.0,4170.0,3248.0,3158.0,2671.0,3198.0,3535.0,4223.0,3189.0,3094.0,3013.0,3200.0,3411.0
WEEKENDS/HOLIDAY,NS28,2247.0,2316.0,2195.0,2822.0,2451.0,2624.0,2384.0,2764.0,2600.0,2653.0,2096.0,2256.0,2534.0,2625.0,2602.0,3193.0,2557.0,2638.0,2656.0,2052.0,2264.0,1964.0,2496.0,2310.0,2601.0,2339.0,2767.0,2521.0,2533.0,1965.0,2186.0,2238.0,2484.0,2300.0,2787.0,2348.0,2380.0,2601.0
WEEKENDS/HOLIDAY,NS3,14943.0,13595.0,13649.0,14895.0,14759.0,14497.0,15389.0,14394.0,15805.0,15209.0,15160.0,14860.0,15976.0,14605.0,15175.0,14976.0,15506.0,14455.0,13500.0,14358.0,13488.0,13716.0,14282.0,14099.0,13648.0,14594.0,13665.0,15008.0,14548.0,14431.0,14152.0,15177.0,13896.0,14260.0,14081.0,14654.0,13751.0,12989.0
WEEKENDS/HOLIDAY,NS4,35787.0,34304.0,34832.0,34350.0,33522.0,32233.0,32834.0,30997.0,32947.0,32726.0,30686.0,30319.0,32075.0,29806.0,29847.0,30044.0,30447.0,28589.0,27660.0,36292.0,36405.0,38274.0,35157.0,34448.0,33089.0,34417.0,32413.0,34668.0,34388.0,31920.0,31965.0,33623.0,31707.0,31842.0,31766.0,32168.0,30371.0,29382.0
WEEKENDS/HOLIDAY,NS5,25070.0,23522.0,24668.0,24694.0,24369.0,23485.0,24775.0,23286.0,24838.0,25086.0,23366.0,23325.0,24588.0,22493.0,23332.0,23231.0,23675.0,22066.0,20902.0,24388.0,23125.0,24194.0,24121.0,23874.0,22680.0,24223.0,22613.0,24132.0,24424.0,22668.0,22854.0,24048.0,22260.0,22744.0,22630.0,22855.0,21550.0,20617.0
WEEKENDS/HOLIDAY,NS7,22454.0,21582.0,22141.0,22635.0,22694.0,21116.0,23073.0,20812.0,22413.0,30923.0,20723.0,21789.0,22230.0,20822.0,22510.0,21605.0,24732.0,21210.0,21157.0,19339.0,18449.0,19207.0,19646.0,19976.0,18629.0,19989.0,18220.0,20029.0,27821.0,17914.0,19501.0,20248.0,18970.0,20239.0,19577.0,22854.0,18827.0,18824.0
WEEKENDS/HOLIDAY,NS8,17929.0,17294.0,18077.0,18239.0,18067.0,17616.0,18863.0,17411.0,18942.0,19670.0,17188.0,18597.0,19887.0,18060.0,19084.0,18704.0,19311.0,18456.0,17640.0,14910.0,14291.0,14925.0,15061.0,14726.0,14201.0,15412.0,13976.0,15472.0,16085.0,13968.0,15146.0,16054.0,15057.0,15310.0,15140.0,15759.0,14638.0,14067.0
WEEKENDS/HOLIDAY,NS9,42126.0,39967.0,41201.0,42235.0,41789.0,41094.0,41936.0,37085.0,40924.0,40501.0,40367.0,37326.0,39661.0,37435.0,37241.0,36671.0,37338.0,35650.0,33240.0,45508.0,44046.0,45393.0,46754.0,46278.0,45628.0,46109.0,40847.0,44896.0,45331.0,45334.0,41827.0,44977.0,42651.0,41934.0,41715.0,43057.0,40674.0,38482.0
WEEKENDS/HOLIDAY,PE1,3122.0,2925.0,3006.0,3112.0,2947.0,2856.0,3143.0,2926.0,3116.0,3024.0,2976.0,2843.0,3106.0,2916.0,2920.0,2829.0,2807.0,2622.0,2362.0,3045.0,2817.0,2927.0,2998.0,2836.0,2751.0,3018.0,2789.0,2972.0,2966.0,2928.0,2716.0,2997.0,2803.0,2811.0,2697.0,2702.0,2491.0,2474.0
WEEKENDS/HOLIDAY,PE2,4546.0,4270.0,4360.0,4438.0,4284.0,4234.0,4543.0,4233.0,4425.0,4329.0,4246.0,4088.0,4470.0,4195.0,4141.0,4092.0,4118.0,3822.0,3146.0,4264.0,4029.0,4079.0,4162.0,4081.0,3997.0,4230.0,4000.0,4138.0,4068.0,3994.0,3863.0,4199.0,3931.0,3868.0,3853.0,3859.0,3520.0,3496.0
WEEKENDS/HOLIDAY,PE3,5302.0,4913.0,4969.0,5065.0,4821.0,4568.0,5080.0,4682.0,5000.0,4839.0,4778.0,4570.0,5065.0,4664.0,4718.0,4572.0,4646.0,4249.0,3684.0,5300.0,4847.0,4933.0,5046.0,4727.0,4541.0,5057.0,4629.0,4981.0,4854.0,4767.0,4570.0,4986.0,4662.0,4740.0,4539.0,4602.0,4153.0,4063.0
WEEKENDS/HOLIDAY,PE4,1437.0,1445.0,1401.0,1417.0,1369.0,1314.0,1391.0,1388.0,1447.0,1327.0,1498.0,1279.0,1412.0,1377.0,1357.0,1273.0,1274.0,1182.0,1078.0,1479.0,1500.0,1411.0,1465.0,1385.0,1334.0,1427.0,1424.0,1445.0,1332.0,1516.0,1282.0,1419.0,1429.0,1344.0,1308.0,1279.0,1206.0,1224.0
WEEKENDS/HOLIDAY,PE5,4308.0,4077.0,4109.0,4208.0,4084.0,3968.0,4360.0,4040.0,4280.0,4185.0,4050.0,3963.0,4270.0,4092.0,4012.0,3972.0,4006.0,3778.0,3113.0,4051.0,3814.0,3842.0,3914.0,3785.0,3697.0,4036.0,3788.0,3964.0,3837.0,3766.0,3684.0,3904.0,3760.0,3705.0,3670.0,3673.0,3445.0,3310.0
WEEKENDS/HOLIDAY,PE6,4862.0,4882.0,5033.0,5226.0,5225.0,5020.0,5510.0,5037.0,5600.0,5342.0,5325.0,5093.0,5459.0,5272.0,5231.0,5239.0,5276.0,4770.0,3883.0,4651.0,4612.0,4807.0,4988.0,4934.0,4746.0,5162.0,4763.0,5259.0,5125.0,5056.0,4811.0,5228.0,4957.0,4972.0,4946.0,4949.0,4452.0,4331.0
WEEKENDS/HOLIDAY,PE7,3472.0,3282.0,3431.0,3468.0,3345.0,3306.0,3450.0,3162.0,3411.0,3271.0,3197.0,3147.0,3351.0,3158.0,3172.0,3130.0,3218.0,3020.0,2622.0,3232.0,3064.0,3167.0,3195.0,3102.0,3071.0,3197.0,2939.0,3122.0,2993.0,2946.0,2902.0,3032.0,2895.0,2921.0,2924.0,2978.0,2721.0,2632.0
WEEKENDS/HOLIDAY,PW1,863.0,797.0,917.0,1023.0,919.0,782.0,906.0,746.0,944.0,895.0,888.0,983.0,1071.0,972.0,1028.0,985.0,1031.0,768.0,654.0,865.0,825.0,922.0,1023.0,890.0,773.0,904.0,750.0,955.0,866.0,836.0,937.0,1048.0,962.0,1027.0,961.0,1005.0,761.0,751.0
WEEKENDS/HOLIDAY,PW3,359.0,360.0,392.0,427.0,466.0,468.0,520.0,518.0,590.0,584.0,585.0,615.0,698.0,665.0,650.0,661.0,639.0,582.0,436.0,343.0,339.0,388.0,408.0,449.0,480.0,529.0,533.0,574.0,546.0,546.0,604.0,689.0,663.0,645.0,651.0,618.0,555.0,470.0
WEEKENDS/HOLIDAY,PW4,347.0,330.0,358.0,347.0,378.0,417.0,432.0,448.0,469.0,433.0,416.0,449.0,498.0,503.0,512.0,513.0,498.0,455.0,358.0,325.0,317.0,330.0,333.0,350.0,359.0,388.0,400.0,430.0,412.0,397.0,411.0,468.0,471.0,464.0,465.0,450.0,405.0,368.0
WEEKENDS/HOLIDAY,PW5,2184.0,2232.0,2232.0,2368.0,2518.0,2432.0,2592.0,2705.0,2704.0,2696.0,2625.0,2366.0,2841.0,2913.0,2955.0,3104.0,2896.0,2872.0,2739.0,2298.0,2346.0,2354.0,2150.0,2641.0,2549.0,2646.0,2723.0,2736.0,2734.0,2682.0,2753.0,2738.0,3046.0,3001.0,3226.0,2956.0,2888.0,3013.0
WEEKENDS/HOLIDAY,PW6,865.0,811.0,792.0,934.0,951.0,920.0,940.0,850.0,950.0,910.0,876.0,902.0,921.0,863.0,894.0,918.0,916.0,894.0,706.0,751.0,686.0,658.0,765.0,776.0,793.0,762.0,722.0,766.0,740.0,707.0,771.0,775.0,727.0,765.0,814.0,788.0,750.0,664.0
WEEKENDS/HOLIDAY,PW7,1093.0,1072.0,1178.0,1506.0,1578.0,1517.0,1594.0,1553.0,1682.0,1625.0,1585.0,1594.0,1644.0,1587.0,1649.0,1646.0,1666.0,1527.0,1338.0,1389.0,1386.0,1471.0,1714.0,1762.0,1709.0,1802.0,1751.0,1840.0,1790.0,1748.0,1692.0,1817.0,1735.0,1778.0,1821.0,1824.0,1651.0,1629.0
WEEKENDS/HOLIDAY,SE1,3766.0,3517.0,3622.0,3623.0,3471.0,3433.0,3659.0,3496.0,3679.0,3549.0,3525.0,3363.0,3499.0,3272.0,3212.0,3152.0,3308.0,3117.0,2738.0,3677.0,3472.0,3556.0,3614.0,3515.0,3436.0,3592.0,3444.0,3544.0,3496.0,3456.0,3286.0,3353.0,3185.0,3132.0,3139.0,3230.0,3055.0,2939.0
WEEKENDS/HOLIDAY,SE2,4982.0,4735.0,4856.0,4772.0,4516.0,4608.0,4934.0,4625.0,4862.0,4670.0,4533.0,4366.0,4680.0,4408.0,4396.0,4306.0,4409.0,4208.0,3715.0,4570.0,4450.0,4506.0,4462.0,4217.0,4263.0,4619.0,4356.0,4531.0,4378.0,4274.0,4109.0,4337.0,4130.0,4109.0,3999.0,4098.0,3906.0,3842.0
WEEKENDS/HOLIDAY,SE3,2728.0,2612.0,2659.0,2688.0,2586.0,2545.0,2722.0,2569.0,2643.0,2609.0,2548.0,2410.0,2603.0,2519.0,2478.0,2495.0,2466.0,2407.0,2154.0,2593.0,2510.0,2546.0,2534.0,2470.0,2395.0,2529.0,2414.0,2485.0,2451.0,2381.0,2263.0,2406.0,2337.0,2342.0,2370.0,2275.0,2233.0,2193.0
WEEKENDS/HOLIDAY,SE4,3464.0,3273.0,3386.0,3409.0,3161.0,3150.0,3445.0,3192.0,3331.0,3193.0,3152.0,3119.0,3262.0,3012.0,3046.0,3022.0,3009.0,2930.0,2468.0,3331.0,3096.0,3202.0,3228.0,2968.0,2924.0,3245.0,3030.0,3122.0,2986.0,2965.0,2941.0,3041.0,2854.0,2864.0,2842.0,2811.0,2772.0,2648.0
WEEKENDS/HOLIDAY,SE5,2258.0,2184.0,2254.0,2305.0,2251.0,2104.0,2260.0,2165.0,2258.0,2219.0,2145.0,2077.0,2195.0,2066.0,2031.0,2003.0,2088.0,1926.0,1645.0,2214.0,2132.0,2165.0,2259.0,2162.0,2046.0,2151.0,2064.0,2208.0,2174.0,2097.0,1999.0,2081.0,2005.0,2038.0,1963.0,2034.0,1856.0,1828.0
WEEKENDS/HOLIDAY,SW1,738.0,832.0,914.0,1109.0,1148.0,1214.0,1315.0,1284.0,1377.0,1393.0,1374.0,1373.0,1395.0,1304.0,1298.0,1305.0,1390.0,1285.0,1095.0,729.0,824.0,921.0,1122.0,1167.0,1235.0,1301.0,1291.0,1339.0,1404.0,1371.0,1356.0,1356.0,1272.0,1271.0,1284.0,1362.0,1281.0,1204.0
WEEKENDS/HOLIDAY,SW2,4218.0,3922.0,3880.0,4003.0,3781.0,3577.0,4127.0,3637.0,4014.0,3912.0,3689.0,3473.0,3891.0,3487.0,3493.0,3393.0,3612.0,3125.0,2523.0,3854.0,3590.0,3519.0,3646.0,3485.0,3272.0,3784.0,3322.0,3685.0,3634.0,3405.0,3231.0,3590.0,3194.0,3185.0,3165.0,3295.0,2857.0,2512.0
WEEKENDS/HOLIDAY,SW3,1721.0,1627.0,1660.0,1677.0,1652.0,1694.0,1760.0,1673.0,1723.0,1717.0,1702.0,1700.0,1715.0,1691.0,1672.0,1638.0,1711.0,1633.0,1461.0,1688.0,1580.0,1585.0,1616.0,1608.0,1607.0,1687.0,1587.0,1627.0,1626.0,1622.0,1606.0,1629.0,1600.0,1575.0,1583.0,1648.0,1550.0,1513.0
WEEKENDS/HOLIDAY,SW4,734.0,656.0,697.0,692.0,717.0,673.0,719.0,721.0,685.0,712.0,773.0,815.0,1064.0,1002.0,1010.0,1064.0,1084.0,1101.0,964.0,658.0,610.0,641.0,620.0,664.0,612.0,662.0,713.0,646.0,664.0,755.0,797.0,1098.0,1019.0,1027.0,1026.0,1069.0,1117.0,1063.0
WEEKENDS/HOLIDAY,SW5,7071.0,6647.0,6771.0,6893.0,6709.0,6728.0,7158.0,6575.0,7042.0,6744.0,6659.0,6353.0,6864.0,6391.0,6323.0,6339.0,6408.0,6182.0,5214.0,6807.0,6383.0,6467.0,6620.0,6398.0,6422.0,6822.0,6228.0,6645.0,6416.0,6331.0,6071.0,6457.0,6050.0,6041.0,6042.0,5969.0,5836.0,5526.0
WEEKENDS/HOLIDAY,SW6,2634.0,2597.0,2612.0,2618.0,2619.0,2579.0,2755.0,2576.0,2746.0,2628.0,2568.0,2481.0,2662.0,2488.0,2464.0,2395.0,2551.0,2402.0,2057.0,2466.0,2434.0,2466.0,2441.0,2451.0,2423.0,2569.0,2404.0,2527.0,2441.0,2385.0,2292.0,2486.0,2285.0,2279.0,2249.0,2363.0,2238.0,2119.0
WEEKENDS/HOLIDAY,SW7,2604.0,2470.0,2536.0,2535.0,2540.0,2545.0,2675.0,2529.0,2696.0,2472.0,2408.0,2209.0,2316.0,2204.0,2113.0,2101.0,2135.0,2107.0,1786.0,2391.0,2244.0,2332.0,2317.0,2350.0,2283.0,2438.0,2259.0,2409.0,2271.0,2170.0,2033.0,2084.0,1975.0,1938.0,1892.0,1887.0,1907.0,1772.0
WEEKENDS/HOLIDAY,SW8,1667.0,1611.0,1606.0,1639.0,1604.0,1525.0,1714.0,1633.0,1680.0,1717.0,1683.0,1560.0,1683.0,1566.0,1465.0,1497.0,1556.0,1438.0,1216.0,1620.0,1593.0,1562.0,1553.0,1537.0,1468.0,1637.0,1568.0,1609.0,1630.0,1576.0,1492.0,1608.0,1527.0,1469.0,1425.0,1485.0,1380.0,1389.0
