,,TOTAL_TAP_IN_VOLUME,TOTAL_TAP_IN_VOLUME,TOTAL_TAP_IN_VOLUME,TOTAL_TAP_IN_VOLUME,TOTAL_TAP_IN_VOLUME,TOTAL_TAP_IN_VOLUME,TOTAL_TAP_IN_VOLUME,TOTAL_TAP_IN_VOLUME,TOTAL_TAP_IN_VOLUME,TOTAL_TAP_IN_VOLUME,TOTAL_TAP_IN_VOLUME,TOTAL_TAP_IN_VOLUME,TOTAL_TAP_IN_VOLUME,TOTAL_TAP_IN_VOLUME,TOTAL_TAP_IN_VOLUME,TOTAL_TAP_IN_VOLUME,TOTAL_TAP_IN_VOLUME,TOTAL_TAP_IN_VOLUME,TOTAL_TAP_IN_VOLUME,TOTAL_TAP_IN_VOLUME,TOTAL_TAP_OUT_VOLUME,TOTAL_TAP_OUT_VOLUME,TOTAL_TAP_OUT_VOLUME,TOTAL_TAP_OUT_VOLUME,TOTAL_TAP_OUT_VOLUME,TOTAL_TAP_OUT_VOLUME,TOTAL_TAP_OUT_VOLUME,TOTAL_TAP_OUT_VOLUME,TOTAL_TAP_OUT_VOLUME,TOTAL_TAP_OUT_VOLUME,TOTAL_TAP_OUT_VOLUME,TOTAL_TAP_OUT_VOLUME,TOTAL_TAP_OUT_VOLUME,TOTAL_TAP_OUT_VOLUME,TOTAL_TAP_OUT_VOLUME,TOTAL_TAP_OUT_VOLUME,TOTAL_TAP_OUT_VOLUME,TOTAL_TAP_OUT_VOLUME,TOTAL_TAP_OUT_VOLUME,TOTAL_TAP_OUT_VOLUME
TIME_PER_HOUR,,0,5,6,7,8,9,10,11,12,13,14,15,16,17,18,19,20,21,22,23,0,5,6,7,8,9,10,11,12,13,14,15,16,17,18,19,20,21,22,23
PT_CODE,DAY_TYPE,,,,,,,,,,,,,,,,,,,,,,,,,,,,,,,,,,,,,,,,
BP10,WEEKDAY,0.0,199.0,578.8,743.6,437.0,274.0,235.2,196.7,199.0,202.8,159.4,155.6,156.3,207.2,214.6,171.0,113.0,86.2,58.2,26.6,0.1,19.1,80.6,177.1,158.2,155.4,135.2,152.0,164.2,195.0,220.0,233.2,269.5,380.2,612.2,520.3,339.3,276.1,230.2,122.4
BP10,WEEKENDS/HOLIDAY,0.0,96.1,162.9,199.8,228.2,261.2,300.2,274.9,260.8,222.7,202.8,175.5,172.6,189.6,181.4,157.5,109.3,83.6,67.3,33.9,0.0,14.9,39.7,77.4,144.3,199.7,179.1,191.0,199.7,211.6,207.4,198.2,197.6,219.8,253.9,248.0,240.5,226.7,209.4,125.6
BP11,WEEKDAY,0.0,210.6,655.4,870.4,516.0,305.2,219.6,182.8,195.4,189.2,158.1,154.4,161.8,200.6,218.2,154.2,102.9,81.6,47.2,17.6,0.0,12.8,70.6,180.6,97.3,113.0,87.6,104.2,132.8,154.8,175.2,182.8,239.9,336.5,595.6,535.1,346.4,284.8,234.6,98.2
BP11,WEEKENDS/HOLIDAY,0.0,91.5,156.0,217.5,251.5,298.5,282.4,267.8,283.4,237.5,213.0,199.5,181.0,207.0,199.7,135.8,94.7,73.9,58.5,22.7,0.1,5.5,20.0,51.2,93.3,111.8,128.0,147.7,176.0,192.8,185.0,175.6,187.2,209.9,242.9,240.0,234.9,250.2,209.7,117.6
BP12,WEEKDAY,0.0,120.2,434.0,679.0,443.8,228.4,189.9,137.5,215.0,192.8,305.2,203.2,181.5,259.1,255.6,132.2,100.7,50.5,32.2,8.8,0.0,5.2,137.5,633.1,112.2,81.2,81.3,88.4,107.2,136.6,148.9,160.1,190.3,249.2,429.0,377.2,248.2,212.2,178.4,85.8
BP12,WEEKENDS/HOLIDAY,0.0,54.0,113.3,171.6,205.5,208.1,228.7,196.5,208.1,183.5,148.3,127.2,135.4,158.1,151.5,116.4,71.0,49.6,37.8,10.8,0.5,3.9,13.8,73.3,125.9,113.5,120.3,137.9,141.5,132.0,145.5,140.9,135.5,135.0,157.0,164.1,160.4,162.5,155.6,90.1
BP13,WEEKDAY,0.0,90.4,292.2,358.4,235.0,151.9,105.0,91.8,88.7,91.7,80.8,69.2,75.2,111.3,94.0,77.2,44.4,43.3,18.6,3.8,0.1,11.8,33.9,78.6,48.0,46.4,56.8,60.2,72.8,93.0,102.4,107.4,115.4,153.0,244.1,214.2,145.4,131.1,107.7,43.9
BP13,WEEKENDS/HOLIDAY,0.0,36.7,79.9,102.7,144.5,167.7,141.4,136.0,145.5,117.0,100.7,100.8,86.5,103.9,102.5,78.3,47.7,36.4,21.8,6.6,0.5,4.9,11.4,42.0,59.1,75.6,83.3,99.5,95.8,93.3,105.4,90.9,105.8,98.4,113.1,105.8,107.1,95.7,100.1,47.0
BP2,WEEKDAY,0.0,127.2,511.4,945.2,674.2,306.4,221.8,171.0,150.6,205.0,123.4,107.6,121.2,176.4,184.3,131.7,79.0,60.0,33.6,10.6,0.0,19.0,71.2,126.9,86.1,84.2,88.2,75.1,97.6,114.5,138.8,158.5,187.2,275.2,478.2,475.0,298.3,284.6,246.4,93.8
BP2,WEEKENDS/HOLIDAY,0.0,48.7,125.3,182.8,252.4,248.9,244.7,248.2,238.6,229.4,175.9,169.6,173.1,185.6,175.4,135.9,81.0,52.6,44.1,14.6,0.0,9.6,23.9,32.8,66.5,77.3,89.6,103.0,108.1,146.5,149.3,146.0,152.4,172.3,190.6,182.2,220.1,224.0,234.3,106.6
BP3,WEEKDAY,0.0,150.4,681.8,1136.8,725.6,310.2,218.2,211.0,196.3,178.0,181.6,168.2,165.4,255.6,247.0,176.5,110.6,96.0,64.4,22.6,0.0,7.2,58.0,135.4,116.0,91.4,77.8,100.1,117.8,163.5,243.5,249.2,258.2,413.4,704.0,633.4,382.7,326.2,282.3,115.0
BP3,WEEKENDS/HOLIDAY,0.0,74.2,150.5,212.4,279.6,307.3,310.4,294.3,282.0,277.4,237.6,208.1,215.0,246.0,223.3,179.3,105.2,82.9,65.8,29.7,0.0,4.8,24.8,53.6,80.7,83.3,100.8,137.7,170.0,207.5,205.9,209.2,214.2,247.2,260.3,269.4,274.5,278.2,266.1,125.8
BP4,WEEKDAY,0.0,61.0,246.8,386.7,259.6,135.6,141.0,360.2,410.6,265.4,355.7,479.2,703.6,722.2,276.7,152.4,131.1,139.2,65.4,17.7,0.0,13.2,66.6,500.8,957.0,729.7,349.6,176.8,346.5,272.6,157.6,127.2,142.7,187.5,315.6,275.2,178.0,145.0,127.1,48.4
BP4,WEEKENDS/HOLIDAY,0.0,37.3,64.8,91.2,115.1,130.0,115.6,121.1,131.0,118.2,106.1,100.2,97.2,97.2,102.2,80.8,52.3,36.9,29.5,10.6,0.0,9.4,25.7,33.8,62.6,59.2,54.3,61.3,75.2,88.1,89.9,90.0,91.2,104.8,116.8,122.6,118.1,117.8,119.5,56.2
BP5,WEEKDAY,0.0,46.5,250.4,380.1,222.0,130.8,102.2,101.2,119.6,118.5,103.1,115.8,141.8,212.3,214.0,152.3,96.6,89.8,75.6,25.0,0.0,19.4,93.0,176.4,144.5,87.2,64.1,65.3,79.6,88.9,108.0,104.3,117.0,159.4,223.9,189.2,127.6,109.0,85.2,30.6
BP5,WEEKENDS/HOLIDAY,0.0,28.9,49.7,76.5,101.8,127.5,130.0,144.9,162.5,132.5,119.7,116.6,108.5,127.5,131.3,106.9,93.5,74.0,72.5,25.9,0.0,13.1,31.9,51.2,79.7,75.9,89.2,82.5,102.7,101.3,93.5,85.4,86.0,99.9,105.7,95.5,101.0,100.5,79.2,39.9
BP6,WEEKDAY,0.0,28.6,282.3,602.0,453.8,319.6,268.5,326.8,484.6,533.0,607.0,640.4,765.8,1122.2,1954.4,1925.7,1209.8,1002.8,869.6,291.0,0.3,495.0,1392.0,2868.2,2332.0,1061.4,734.2,721.6,767.2,694.2,697.0,686.0,674.0,949.0,1133.2,738.5,412.0,288.8,199.4,76.8
BP6,WEEKENDS/HOLIDAY,0.3,19.5,65.2,172.6,225.5,287.4,355.1,445.2,551.5,674.4,699.5,680.1,705.3,766.4,860.5,909.6,892.4,982.8,850.6,315.1,0.2,217.9,443.3,626.3,823.4,966.3,987.6,983.8,1010.9,970.5,858.5,768.8,748.5,811.7,817.7,637.5,408.7,261.5,203.7,88.6
BP7,WEEKDAY,0.0,84.2,253.0,368.7,212.0,120.5,87.0,76.6,82.0,82.4,73.8,65.5,70.9,96.4,94.6,72.2,46.2,40.4,27.8,9.1,0.0,23.8,43.4,79.6,46.8,46.2,56.0,57.8,76.8,91.6,104.8,99.7,109.8,151.6,226.2,174.0,129.6,109.4,94.4,39.4
BP7,WEEKENDS/HOLIDAY,0.0,38.9,58.9,92.3,99.9,114.9,118.6,107.8,122.1,97.3,84.9,89.1,75.1,81.0,78.8,64.9,46.9,42.1,29.2,13.4,0.0,9.1,14.1,21.2,48.9,64.7,74.0,83.8,90.0,94.4,92.3,80.1,86.5,86.5,91.3,83.8,87.9,96.6,82.9,40.6
BP8,WEEKDAY,0.0,97.8,329.1,420.8,208.6,121.6,110.4,118.6,122.1,162.0,124.0,143.8,167.0,233.8,294.2,228.0,155.8,141.6,134.4,37.5,0.0,52.8,224.2,319.9,231.6,141.4,101.4,101.6,118.8,141.0,144.4,149.9,149.3,200.8,300.6,258.6,169.0,135.9,110.0,57.1
BP8,WEEKENDS/HOLIDAY,0.0,46.3,77.1,91.4,108.4,126.6,146.3,159.4,163.5,154.3,143.0,148.9,133.6,155.5,152.3,145.5,122.6,113.6,105.9,41.7,0.0,25.2,63.0,98.1,127.3,140.8,125.7,126.1,138.9,142.9,134.2,129.1,124.3,136.1,153.5,134.9,125.0,127.5,102.9,58.9
BP9,WEEKDAY,0.0,90.0,324.0,421.6,278.7,201.8,191.6,202.0,190.5,214.4,235.2,205.6,174.6,224.0,228.0,142.1,87.5,63.0,33.2,10.6,0.0,47.8,137.6,470.6,215.9,158.8,147.8,116.2,158.2,174.5,152.3,156.2,172.0,228.8,321.2,280.5,175.0,144.4,115.5,63.1
BP9,WEEKENDS/HOLIDAY,0.1,41.8,68.4,113.2,217.5,259.3,270.5,292.8,235.2,206.1,182.8,151.2,125.2,130.9,131.4,114.3,89.6,64.5,45.8,14.9,0.0,40.2,51.3,177.1,201.1,194.2,214.8,170.7,198.3,163.5,148.9,140.4,127.6,136.5,161.8,163.0,125.9,120.1,120.3,65.0
CC1-NE6-NS24,WEEKDAY,35.2,24.2,205.8,544.6,1382.8,715.0,667.3,1097.3,1565.0,2332.8,1908.7,1991.4,2234.9,3295.7,4459.4,3389.3,2931.4,3663.6,2668.6,955.4,25.0,22.6,540.2,1918.3,2970.7,2191.6,1652.0,1844.8,2628.6,2062.2,1814.0,1759.3,1828.1,2427.7,4524.6,2972.4,1477.8,900.8,592.2,249.0
CC1-NE6-NS24,WEEKENDS/HOLIDAY,39.1,18.0,152.0,209.6,358.5,513.7,769.9,1244.9,1602.9,2197.7,2487.7,2907.3,3199.5,3335.3,3338.4,2920.5,2663.2,3156.6,2554.5,1060.8,41.4,6.0,258.8,652.5,1031.3,1624.9,1980.6,2421.3,2733.6,3045.5,2909.7,2847.5,2727.7,2727.8,2758.5,2248.6,1618.5,1131.3,735.4,318.1
CC10,WEEKDAY,6.199999999999999,140.60000000000002,828.1999999999999,1446.5,1592.0,859.0,613.4000000000001,638.0,808.0,608.9,526.3,542.4000000000001,677.8,1704.7,3452.7,1406.6,650.7,505.0,339.0,150.2,62.2,19.4,368.0,1053.2,3278.7999999999997,1729.3000000000002,557.6,387.5,483.6,755.9,614.5,533.5,577.2,847.5,1482.3,1171.8,751.1,720.0,697.8,369.6
CC10,WEEKENDS/HOLIDAY,6.0,57.599999999999994,329.1,476.3,569.4,667.0,676.2,692.8,806.6,811.0,666.1,605.8,709.9000000000001,815.2,765.0,585.7,405.0,359.5,321.5,102.1,69.9,7.1000000000000005,154.9,298.0,593.4,546.3,457.3,412.1,512.1,586.5,569.8,558.0,586.5999999999999,614.0,682.5,648.9,634.8,696.3,722.2,416.29999999999995
CC11,WEEKDAY,4.3,83.1,609.6,740.5,637.8,315.7,307.0,544.8,792.1,651.3,546.8,633.4,883.6,2996.6,5090.0,2404.4,1218.8,668.8,441.3,143.4,52.9,41.8,666.4,2851.4,5452.2,2828.0,926.0,541.3,582.3,788.8,610.5,432.2,410.8,567.5,931.8,996.4,435.0,374.2,389.0,169.9
CC11,WEEKENDS/HOLIDAY,3.4,47.0,378.2,424.3,336.5,235.8,300.5,346.3,537.5,649.1,538.7,553.5,676.3,888.7,779.2,661.6,545.5,348.6,223.5,89.8,48.5,9.9,314.4,764.4,769.8,606.7,483.5,392.9,392.7,425.5,424.8,344.1,421.5,483.2,485.3,593.4,448.2,424.4,375.7,202.0
CC12,WEEKDAY,6.1,24.8,350.6,835.8,915.6,464.6,260.0,353.5,245.2,665.0,521.6,422.8,477.2,583.6,535.9,265.0,141.4,102.8,64.1,24.9,33.4,5.6,467.3,1103.2,336.0,155.8,123.8,147.3,153.6,266.6,242.0,227.8,263.0,349.0,616.6,564.2,369.0,310.7,259.0,122.8
CC12,WEEKENDS/HOLIDAY,4.2,12.5,77.3,139.8,208.5,265.3,289.7,289.4,390.2,335.8,242.3,263.3,281.4,296.8,299.7,217.7,123.7,99.8,63.1,37.6,43.6,0.7,37.4,138.9,162.5,147.4,176.7,155.5,184.5,231.7,256.5,229.1,223.5,226.5,252.7,266.1,271.5,276.9,236.0,127.2
CC14,WEEKDAY,1.8,46.0,407.6,1004.4,1219.6,600.3,337.2,349.0,426.4,337.8,282.2,554.6,585.6,797.1,752.9,413.8,224.0,172.4,143.6,25.6,31.2,9.6,176.8,870.4,1210.7,344.4,133.8,164.2,207.2,386.1,376.0,345.8,405.4,522.4,851.2,736.2,440.0,383.9,322.8,166.0
CC14,WEEKENDS/HOLIDAY,2.4,17.2,89.0,189.0,316.4,394.6,412.8,409.8,419.2,349.3,291.1,267.6,295.9,353.9,334.6,243.1,127.3,101.2,84.5,34.8,30.6,3.0,42.2,108.5,214.0,143.6,163.7,185.1,237.9,300.8,316.4,325.2,328.6,329.8,356.8,354.4,325.4,339.5,290.0,155.2
CC16,WEEKDAY,2.9,82.9,630.3,1272.6,1436.2,648.0,371.0,422.6,527.8,513.0,500.4,535.7,622.4,1152.1,1684.2,799.2,375.7,330.2,206.4,70.1,30.6,19.1,328.1,1968.7,1291.8,837.8,300.6,219.8,281.7,421.3,361.7,366.8,421.7,616.4,1271.3,1047.0,553.2,468.6,405.4,207.8
CC16,WEEKENDS/HOLIDAY,2.8,40.3,167.6,271.5,339.4,380.9,399.0,467.5,511.5,514.4,430.4,380.1,416.5,467.7,486.8,350.5,227.7,213.3,179.2,70.9,38.0,4.1,109.4,328.1,452.4,426.6,364.4,308.5,313.3,379.3,373.4,341.0,344.8,384.1,418.3,417.5,357.8,371.6,355.2,208.2
CC17,WEEKDAY,1.2,65.7,372.5,783.3,696.4,349.1,153.3,135.8,138.6,192.2,114.6,182.0,173.2,289.8,466.5,216.6,88.6,93.8,51.4,19.9,18.0,4.7,125.3,516.8,500.7,240.4,81.7,78.6,93.4,128.6,134.2,158.0,180.8,354.9,696.9,401.6,222.4,200.8,155.0,73.3
CC17,WEEKENDS/HOLIDAY,1.4,24.0,93.7,135.4,146.5,145.0,139.6,143.5,148.3,132.5,111.5,114.7,129.3,140.7,144.0,106.8,59.5,52.1,34.7,12.8,26.5,1.8,42.6,138.8,154.5,104.5,84.7,86.7,102.8,120.2,119.0,111.5,120.5,123.0,132.8,122.0,125.2,125.0,136.5,67.8
CC19,WEEKDAY,4.7,12.2,169.8,442.59999999999997,596.6,367.0,251.7,348.59999999999997,407.5,404.6,419.5,469.2,488.09999999999997,772.5,946.2,593.8000000000001,318.5,315.3,203.7,81.7,21.6,18.4,314.7,814.4,870.8000000000001,600.9,457.0,470.0,398.3,412.0,442.40000000000003,443.5,437.0,530.2,749.7,530.6,263.6,214.8,163.79999999999998,76.6
CC19,WEEKENDS/HOLIDAY,5.5,7.2,42.3,91.8,196.3,325.3,399.1,535.1,605.2,673.1,605.9000000000001,606.9,704.3000000000001,729.0,704.5999999999999,834.4,386.6,255.5,175.6,80.2,26.5,7.2,158.10000000000002,340.4,479.4,631.0,734.5,747.3,679.1,688.4,676.5,685.6999999999999,719.0,713.4,517.7,322.8,217.3,217.4,166.3,79.5
CC2,WEEKDAY,5.6,3.8,18.4,53.8,131.4,127.6,150.0,274.9,355.2,329.4,288.6,398.9,391.2,748.8,1069.6,572.2,373.9,460.6,461.3,191.6,2.8,6.0,106.8,487.1,1122.0,702.8,368.9,537.0,397.6,516.4,358.6,329.2,268.4,320.4,538.7,386.7,204.8,172.9,121.2,44.4
CC2,WEEKENDS/HOLIDAY,7.5,3.7,16.1,30.1,87.4,142.5,199.1,232.6,323.4,301.9,304.5,329.5,383.7,464.8,434.5,323.6,289.2,318.1,334.4,184.3,5.7,1.8,51.2,107.5,321.0,364.6,323.6,269.7,326.6,356.4,340.6,324.4,292.7,337.6,284.5,347.5,310.5,242.0,164.6,63.4
CC20,WEEKDAY,1.2,31.2,285.9,688.8,722.3,402.2,264.2,221.8,235.1,329.4,408.2,256.2,326.3,443.5,566.7,319.2,170.2,144.8,103.8,29.4,15.4,17.6,284.0,701.2,461.2,254.4,156.7,175.7,200.1,225.2,241.2,307.6,346.2,465.2,677.6,564.2,317.0,254.2,206.9,89.5
CC20,WEEKENDS/HOLIDAY,1.5,10.0,69.6,117.5,208.1,278.6,291.6,331.6,310.1,374.5,249.0,234.6,231.4,283.1,284.7,255.4,132.1,102.0,72.2,29.9,16.2,8.3,55.8,149.5,202.4,229.8,210.2,237.3,221.6,244.8,238.0,251.5,267.3,311.3,257.9,251.5,227.5,231.2,192.5,92.6
CC21,WEEKDAY,12.2,42.0,274.6,623.8,768.2,484.0,325.8,341.5,460.2,670.0,460.2,580.0,505.0,608.9,641.8,585.9,525.2,544.8,490.4,234.7,24.0,3.6,129.2,539.7,488.0,462.8,390.8,480.2,680.3,469.3,443.4,515.0,551.6,770.4,1378.4,1094.5,591.1,450.4,321.8,149.8
CC21,WEEKENDS/HOLIDAY,14.4,16.9,97.8,138.3,211.7,291.9,346.4,406.5,468.9,508.7,520.4,513.7,486.5,499.4,502.2,475.5,416.5,404.5,425.9,216.8,27.5,1.0,68.2,148.3,297.5,408.9,464.1,463.7,519.3,545.5,479.3,459.5,461.3,492.5,597.2,605.6,449.0,413.4,328.3,170.6
CC23,WEEKDAY,5.8,11.8,50.8,173.5,220.0,173.8,197.0,563.4,844.8,690.2,472.8,670.9,980.3,3111.6,4292.6,2294.0,1031.2,651.8,356.6,133.0,10.8,29.0,746.6,1964.6,4244.8,3913.6,1215.8,627.6,722.6,861.4,476.0,281.0,257.4,323.0,476.2,332.9,136.8,85.7,48.8,22.6
CC23,WEEKENDS/HOLIDAY,2.8,4.8,28.5,79.5,78.1,53.4,95.4,133.7,223.5,217.5,221.8,229.0,253.9,382.4,294.5,244.6,229.1,180.5,140.1,56.7,11.4,2.1,132.2,285.6,309.5,276.4,235.5,225.4,219.1,230.0,201.7,164.1,136.4,137.9,152.1,154.3,88.4,86.6,55.5,23.0
CC24,WEEKDAY,3.8,9.4,54.0,220.0,386.8,417.0,581.3,1004.0,1377.4,1155.9,1117.6,1411.7,2120.4,4278.5,4870.2,2396.6,1587.0,1412.4,690.2,160.6,15.8,30.7,907.0,3186.6,5301.8,3873.6,1638.4,1607.8,1277.0,1579.6,1075.6,868.9,573.4,780.6,914.1,570.2,258.6,206.0,170.2,75.3
CC24,WEEKENDS/HOLIDAY,3.3,5.1,25.0,144.9,196.0,211.2,256.5,366.3,558.8,559.9,543.5,619.0,622.0,738.2,614.6,563.8,505.3,458.5,195.9,65.2,19.0,4.4,354.5,451.6,696.5,503.6,409.5,440.8,618.0,464.1,421.8,391.6,360.2,366.3,394.2,373.8,268.1,300.6,228.3,92.5
CC25,WEEKDAY,2.5,51.9,270.8,560.4,767.0,519.1,360.9,290.2,292.8,298.1,309.2,373.8,395.7,1124.5,1357.6,698.0,332.2,191.5,135.2,59.8,13.2,12.0,423.9,902.2,1374.6,671.5,296.0,182.2,197.2,296.6,314.3,306.6,269.6,348.2,628.8,508.4,327.6,299.6,236.6,124.8
CC25,WEEKENDS/HOLIDAY,2.6,38.8,115.5,198.2,245.2,260.6,289.7,347.6,407.1,373.6,332.5,376.7,373.0,415.5,386.6,393.2,209.1,109.2,118.3,47.1,17.5,3.3,250.9,320.2,235.3,210.1,197.5,214.2,242.2,265.5,305.3,256.6,254.4,258.3,327.8,264.5,253.7,303.9,224.5,128.5
CC26,WEEKDAY,0.5,11.7,73.3,277.8,301.4,158.9,106.1,132.7,191.2,171.0,135.7,176.7,272.6,1009.6,1297.4,842.8,404.6,213.4,139.8,57.4,7.8,21.5,696.6,1271.6,1193.5,586.4,185.4,138.3,168.8,187.4,144.4,114.2,122.9,186.4,388.2,269.4,145.7,152.8,96.5,41.6
CC26,WEEKENDS/HOLIDAY,0.7,12.6,45.5,203.9,170.1,124.1,119.5,127.6,147.4,139.2,120.5,173.0,226.5,309.8,225.5,383.2,200.5,106.0,89.0,51.8,12.3,6.8,289.3,442.0,196.1,161.6,103.5,101.4,101.0,146.2,133.9,122.8,111.5,157.5,275.6,207.7,155.1,163.0,116.9,49.1
CC27,WEEKDAY,0.3,3.2,20.4,57.5,75.5,64.6,79.8,185.2,312.2,178.4,166.2,217.7,369.3,1533.8,2744.0,1313.4,535.9,272.4,152.3,38.3,1.3,3.0,215.1,909.2,3142.6,1839.0,427.2,193.0,188.2,333.6,254.8,125.1,109.4,145.0,208.0,122.0,46.2,33.5,22.0,8.6
CC27,WEEKENDS/HOLIDAY,0.2,1.8,13.2,26.8,28.3,46.1,48.6,67.6,125.0,118.5,100.4,123.5,149.0,151.7,129.8,123.4,105.2,113.3,85.1,23.5,1.9,0.3,31.8,142.0,181.6,169.0,115.1,113.7,105.5,102.9,95.4,98.5,98.6,104.5,112.0,81.5,38.3,34.9,24.4,7.7
CC28,WEEKDAY,0.4,74.7,331.2,502.5,611.0,310.2,167.0,174.6,173.5,149.1,132.4,131.8,150.8,272.6,404.8,217.4,113.8,85.1,50.4,20.4,5.4,3.4,67.3,229.3,492.0,501.6,155.8,101.4,108.5,128.0,134.4,152.8,204.6,298.8,542.8,420.8,289.1,250.9,218.6,109.4
CC28,WEEKENDS/HOLIDAY,0.0,21.9,99.8,123.5,171.0,198.1,214.2,215.5,223.3,212.4,184.8,199.5,193.6,217.1,207.7,155.5,100.4,85.4,65.3,22.1,7.6,1.1,31.5,79.7,98.6,99.2,107.5,110.2,136.1,171.8,173.0,180.5,190.5,205.1,208.5,218.2,223.0,259.7,218.1,114.6
CC3,WEEKDAY,6.0,7.1,12.4,32.0,95.0,102.0,141.0,224.9,305.2,393.4,369.1,431.0,521.0,837.8,1285.4,891.7,652.5,804.0,742.6,266.1,1.9,2.0,203.4,451.9,1172.4,962.6,567.2,453.6,494.3,402.8,342.4,358.6,311.3,398.6,636.1,447.2,219.0,148.0,114.2,34.4
CC3,WEEKENDS/HOLIDAY,5.1,4.8,20.4,25.2,56.5,103.0,153.2,263.7,410.2,509.2,619.7,722.1,778.9,856.0,879.6,1037.5,1230.3,1477.9,1088.2,349.4,3.0,0.7,131.0,219.9,347.4,682.0,716.2,632.0,658.7,707.5,745.7,798.6,947.9,891.6,853.8,662.4,321.0,219.9,139.8,54.4
CC4-DT15,WEEKDAY,20.4,16.1,31.6,105.2,284.0,284.2,330.0,595.8,931.9,1095.6,775.7,829.4,994.0,2202.6,4402.7,2318.2,1543.6,1644.6,1211.6,430.3,12.1,7.6,453.6,1105.6,4298.8,3183.0,1177.0,1085.4,1361.2,1218.4,943.2,769.4,692.4,932.2,1568.2,990.8,464.1,270.6,180.0,70.0
CC4-DT15,WEEKENDS/HOLIDAY,23.6,10.8,42.6,54.5,86.5,173.5,286.7,374.0,492.5,647.1,839.3,1008.0,1091.0,1205.5,1240.4,1324.7,1548.8,2001.2,1513.4,489.7,16.8,0.9,184.5,326.3,491.5,786.4,1058.4,1110.8,1146.3,1261.5,1228.9,1226.4,1226.6,1330.0,1244.2,950.0,572.0,347.9,215.9,103.3
CC5,WEEKDAY,3.1,23.8,88.6,140.7,249.2,204.5,164.8,187.6,300.6,259.9,201.5,190.6,219.2,649.9,980.4,512.8,314.4,270.2,260.4,113.0,7.1,1.4,76.0,281.6,1050.6,659.8,217.7,178.9,242.8,323.8,217.6,176.2,200.2,271.7,505.1,386.4,260.9,246.4,217.8,124.0
CC5,WEEKENDS/HOLIDAY,3.4,5.8,59.9,76.7,107.9,148.3,205.8,217.6,243.5,265.6,303.5,312.4,350.4,396.2,418.0,392.2,323.6,293.3,251.2,120.0,9.2,0.0,56.9,131.0,174.5,202.8,217.7,253.3,324.6,377.2,342.9,314.5,352.5,336.4,345.0,297.9,284.9,265.8,244.7,140.4
CC6,WEEKDAY,5.8,6.5,73.4,254.4,504.2,372.2,318.1,356.6,430.0,607.2,436.1,459.0,501.9,662.5,874.4,599.2,717.2,880.6,652.2,204.4,7.1,0.4,157.8,391.2,555.0,629.2,464.2,451.0,552.7,565.1,585.0,565.2,549.6,672.8,1370.4,892.6,345.1,177.0,122.6,42.8
CC6,WEEKENDS/HOLIDAY,11.4,3.4,32.5,67.5,228.5,339.4,445.1,458.9,607.5,594.0,612.9,681.6,866.9,918.4,864.9,793.1,837.5,866.2,1432.8,414.5,9.0,0.5,231.3,585.3,497.5,659.3,630.2,617.6,687.5,762.3,724.9,688.0,764.2,941.6,1025.7,904.5,354.0,253.7,152.0,56.4
CC7,WEEKDAY,2.5,66.0,401.8,661.4,851.7,404.8,237.8,276.1,428.6,314.6,361.4,377.8,516.2,802.2,931.1,498.2,270.5,272.6,250.5,101.9,29.2,6.9,173.6,817.8,855.0,414.0,207.0,206.5,302.1,398.2,360.1,338.9,377.2,544.0,958.3,800.8,458.4,417.6,350.3,179.3
CC7,WEEKENDS/HOLIDAY,4.2,27.5,134.9,215.7,290.8,362.5,361.7,353.4,407.8,394.8,338.1,325.6,362.8,459.5,412.9,339.1,231.8,207.1,219.4,121.7,39.5,2.3,135.4,205.4,254.5,266.2,278.2,278.6,308.4,367.5,370.4,399.7,399.4,459.1,480.6,438.5,415.6,448.5,377.1,194.7
CC8,WEEKDAY,5.9,53.4,426.2,917.0,1215.0,582.8,320.2,351.8,336.0,466.6,568.3,625.4,580.6,682.6,867.6,516.4,287.1,260.8,197.8,74.2,26.8,7.6,506.3,1021.0,462.2,292.8,220.3,209.6,246.6,258.8,285.8,296.0,342.8,551.7,983.0,861.6,511.8,445.7,374.0,176.8
CC8,WEEKENDS/HOLIDAY,6.1,21.8,150.8,256.0,297.2,365.5,404.0,414.2,455.3,428.6,410.9,350.2,387.2,426.5,444.3,418.7,310.0,250.9,207.7,77.5,28.8,2.7,58.6,174.9,211.0,279.2,271.8,295.3,333.7,364.6,344.1,335.9,383.1,428.2,447.8,421.2,411.3,443.5,393.2,214.8
CE1,WEEKDAY,74.5,54.4,284.2,457.2,504.09999999999997,381.8,511.4,759.2,943.8000000000001,1056.6,1153.7,1510.7,1718.0,2115.8,2536.6,2051.2,3498.7,3605.0,3262.9,1879.3999999999999,24.5,0.0,951.5999999999999,1186.4,1613.3,1608.8999999999999,1377.9,1591.0,1576.2,1789.0,1990.8,1674.8000000000002,1616.1999999999998,2036.8,2633.2,2609.7,1596.3000000000002,996.3,831.6,311.8
CE1,WEEKENDS/HOLIDAY,98.5,41.9,525.9,585.3,529.8,464.09999999999997,827.6999999999999,1029.9,1250.4,2002.6,1992.6000000000001,2739.5,3338.6,3431.0,3496.1,3826.1,7235.200000000001,7558.7,4855.7,2589.6,30.9,0.0,854.2,1288.8,1487.2,1683.3999999999999,2206.4,2986.3,2863.5,3432.3,3796.0,3775.7,3915.7,4425.0,4469.2,4501.0,2423.6,1325.9,1038.6,373.2
CG1,WEEKDAY,1.7000000000000002,16.2,57.3,117.4,175.1,143.0,169.4,364.4,633.0,589.4,555.6,694.1,986.0,2093.5,4008.6,2476.9,1588.0,1160.8,703.1,242.4,21.799999999999997,12.6,512.8000000000001,1724.3000000000002,3928.0,3239.4,1478.8000000000002,801.0,674.2,794.2,633.9,457.2,471.70000000000005,534.9,799.5999999999999,681.9,288.6,169.60000000000002,111.2,65.6
CG1,WEEKENDS/HOLIDAY,1.3,14.3,44.8,89.3,128.4,107.0,170.1,318.1,545.6,772.7,883.9000000000001,993.7,1086.5,1194.6999999999998,1262.6,1306.5,1100.3000000000002,1295.1,717.6,266.4,31.9,4.7,154.3,481.9,595.1,720.0,858.3,942.1,1001.6999999999999,1176.3,1170.0,1099.6999999999998,967.5,973.4,922.8000000000001,895.0999999999999,449.8,253.4,143.1,83.9
CG2,WEEKDAY,12.6,381.6,488.8,705.8,781.5,744.6,746.5,803.2,965.2,1174.6,1266.2,1679.1,1638.0,1899.7,1998.6,1556.0,1538.2,1590.0,1963.0,660.8,18.2,48.0,612.8,1358.0,1930.4,1339.0,1158.8,1300.8,1411.4,1365.8,1473.5,1125.9,1099.6,1259.4,1618.6,1619.6,1270.0,915.2,648.1,458.0
CG2,WEEKENDS/HOLIDAY,21.6,370.7,535.2,693.7,787.4,794.8,892.6,982.8,1277.1,1623.8,1882.5,2413.4,2312.0,2240.7,2049.4,2071.0,2330.1,2299.6,2529.2,910.1,18.2,34.2,350.4,1138.4,1240.4,1320.3,1529.5,2111.5,2327.7,2153.6,2491.3,2017.5,2019.3,2018.2,1979.9,1792.0,1478.9,1063.1,666.8,538.4
DT1,WEEKDAY,0.0,523.4,3128.2,6730.4,6376.4,2703.9,1531.0,1238.4,1140.6,1061.2,937.5,808.8,866.2,1289.5,1356.2,820.2,442.8,421.9,258.2,76.6,305.1,0.2,240.6,769.7,645.1,439.4,389.2,461.2,787.6,849.4,1042.9,1240.6,1640.6,2679.0,5399.2,4906.7,2874.7,2295.3,2279.2,1225.9
DT1,WEEKENDS/HOLIDAY,0.0,241.5,1171.9,1752.2,1853.1,2021.8,2022.3,1970.0,1904.9,1801.6,1603.4,1435.8,1452.9,1541.3,1405.4,884.5,522.8,449.6,301.5,97.9,355.2,0.3,117.9,370.9,396.7,449.5,523.5,706.8,908.7,1152.5,1217.0,1259.9,1494.3,1782.6,2070.1,2110.0,2175.0,2383.6,2464.4,1490.8
DT10,WEEKDAY,1.0,7.6,198.2,507.4,882.4,461.0,259.2,241.2,186.9,261.6,455.2,400.0,320.8,410.9,528.2,278.7,135.0,143.6,84.6,29.0,9.0,5.8,284.8,936.4,329.4,145.4,97.4,93.6,125.9,138.8,157.6,178.8,208.4,309.0,567.5,417.4,242.9,204.7,169.6,87.8
DT10,WEEKENDS/HOLIDAY,1.4,3.3,81.4,136.6,187.8,245.5,248.5,262.5,266.1,245.0,213.4,198.6,217.8,231.2,270.8,204.9,108.9,97.5,76.7,34.2,6.5,1.5,68.5,204.5,136.5,126.2,113.1,131.4,133.2,149.6,158.2,142.7,161.8,178.8,197.6,183.6,161.6,198.5,174.6,83.7
DT11,WEEKDAY,18.8,86.9,848.6,1932.4,3681.0,2178.9,1375.6,1312.8,1382.7,1425.0,1343.2,1338.3,1508.6,2556.4,3620.3,2254.4,1313.8,1307.6,974.8,346.6,91.7,27.0,506.6,1900.8,3036.0,1873.5,1065.8,1142.2,1285.4,1417.8,1507.4,1538.2,1677.4,2531.4,4298.6,2829.6,1682.2,1561.8,1446.4,819.0
DT11,WEEKENDS/HOLIDAY,25.9,31.1,438.4,704.0,965.6,1302.7,1545.2,1756.6,1855.6,2005.2,1937.2,1903.3,1871.9,2134.8,2096.9,1699.6,1181.6,1148.3,917.5,365.1,106.5,5.9,256.5,626.2,945.9,1207.8,1335.5,1487.7,1609.1,1728.3,1665.0,1732.9,1724.3,1898.1,1817.7,1681.6,1597.2,1778.4,1609.6,907.5
DT13,WEEKDAY,15.2,16.8,182.8,384.8,482.2,377.0,320.7,384.6,577.2,904.8,536.4,552.1,660.1,932.8,1324.6,887.3,681.6,585.4,406.4,183.0,18.0,4.2,122.2,361.7,1233.3,1097.2,804.4,612.1,978.4,691.7,540.7,501.6,492.5,594.7,893.5,690.2,375.1,354.1,320.6,182.1
DT13,WEEKENDS/HOLIDAY,17.2,5.9,95.4,178.4,225.9,314.9,383.3,429.2,542.1,597.9,600.3,653.8,668.2,688.4,662.8,657.9,580.4,468.2,347.8,200.9,24.8,1.0,83.7,158.7,367.6,482.5,666.0,619.4,671.9,743.7,670.6,640.5,604.9,604.0,552.3,474.7,399.5,416.4,363.9,206.5
DT17,WEEKDAY,12.4,2.2,37.2,128.7,271.2,197.6,288.4,1580.9,2313.9,742.6,567.8,618.0,983.0,3351.0,7247.0,3957.3,1816.4,1022.0,608.2,231.4,3.9,0.0,624.4,2124.2,8144.0,5854.2,1193.8,657.6,1004.8,2563.8,990.0,409.9,370.4,444.1,624.5,417.4,235.8,173.0,103.9,37.4
DT17,WEEKENDS/HOLIDAY,8.7,1.5,19.9,61.5,88.1,100.7,160.9,248.3,283.2,284.5,293.4,327.7,383.2,390.4,383.6,375.5,714.7,555.7,342.8,145.7,3.5,0.0,88.8,223.6,277.9,270.5,285.5,266.2,271.2,290.7,277.6,268.8,276.3,331.8,368.1,332.0,228.9,181.7,96.3,43.8
DT18,WEEKDAY,14.3,2.4,25.2,99.4,244.8,233.2,288.6,691.6,1111.0,1104.7,726.5,668.9,830.2,2576.7,5407.4,2723.8,1389.1,933.0,745.8,315.0,6.9,0.0,475.5,1606.7,6054.3,4585.6,1303.6,938.6,1162.6,1120.9,663.8,406.4,388.6,504.2,922.2,616.2,269.3,189.0,118.1,56.7
DT18,WEEKENDS/HOLIDAY,8.3,0.9,17.6,38.0,52.4,90.3,142.0,197.8,280.5,330.3,334.3,343.4,327.8,348.0,329.1,290.4,348.1,336.7,329.0,186.4,8.2,0.0,78.2,194.9,283.6,343.0,318.6,342.3,378.4,329.4,277.1,242.7,215.5,281.2,347.5,317.5,234.3,211.0,148.8,67.8
DT2,WEEKDAY,0.2,11.8,159.4,418.0,439.5,199.4,108.2,116.7,178.6,122.1,168.1,156.9,167.2,405.4,286.0,119.3,46.1,38.0,31.6,11.6,17.0,2.2,89.8,436.7,227.8,77.5,30.6,35.2,46.8,79.2,87.6,80.8,103.8,148.2,281.6,260.6,155.4,135.2,122.0,59.4
DT2,WEEKENDS/HOLIDAY,0.3,4.3,20.6,56.0,130.5,144.6,147.5,115.3,163.7,98.5,84.6,72.9,81.8,99.3,150.4,80.4,29.7,23.8,27.1,9.7,19.2,0.0,6.4,42.2,38.0,34.2,34.8,45.0,51.5,62.9,73.6,73.7,83.3,112.7,114.3,100.9,89.8,101.9,96.8,54.5
DT20,WEEKDAY,12.8,1.4,70.1,291.6,767.1,480.0,307.8,297.6,399.4,420.8,294.1,291.8,357.9,660.6,964.7,621.8,420.2,421.2,417.6,249.6,20.0,0.0,151.7,514.2,991.0,671.6,324.1,321.4,456.8,425.8,365.4,318.8,388.0,585.0,1062.0,785.7,473.1,411.6,310.3,154.4
DT20,WEEKENDS/HOLIDAY,14.4,2.1,35.0,66.5,123.6,230.3,330.0,360.5,355.6,345.7,345.0,376.9,377.0,426.7,470.1,446.3,367.5,412.0,416.3,279.0,21.5,0.0,98.8,246.2,250.0,335.0,347.4,398.9,396.1,430.5,457.2,428.4,452.5,515.7,533.0,478.1,472.5,488.2,368.5,201.7
DT21,WEEKDAY,21.0,4.0,59.2,153.4,412.9,350.1,282.4,332.9,351.6,425.0,325.1,381.0,440.2,762.0,1168.6,730.7,515.0,643.5,616.8,262.1,16.4,0.0,116.7,489.8,1235.1,691.5,408.7,454.5,466.9,451.6,365.4,342.2,308.6,456.6,926.7,572.8,340.7,340.5,277.2,126.8
DT21,WEEKENDS/HOLIDAY,21.5,1.2,40.5,65.9,147.0,264.9,310.7,311.0,373.6,363.2,363.6,418.3,458.2,542.5,524.8,484.7,396.5,502.8,466.5,258.5,13.4,0.0,57.2,133.6,282.5,382.1,380.3,374.9,432.5,468.3,464.8,421.7,379.3,394.3,416.0,365.7,341.7,378.3,310.0,162.0
DT22,WEEKDAY,12.2,31.2,247.4,496.2,621.7,417.1,294.5,268.1,303.3,352.9,304.3,293.8,308.8,444.7,578.8,539.8,454.2,451.6,381.6,183.7,24.8,0.0,129.9,380.0,471.3,407.8,358.2,327.0,388.6,300.0,274.9,306.3,356.8,514.6,949.4,811.8,522.0,396.2,357.5,191.2
DT22,WEEKENDS/HOLIDAY,21.5,8.1,139.1,239.8,253.3,292.7,299.0,345.3,377.5,433.9,446.7,431.2,437.5,501.1,595.5,762.6,936.3,916.3,726.7,340.1,21.8,0.0,114.1,217.3,284.6,390.0,498.8,516.6,542.5,535.6,489.8,535.0,628.5,916.3,1057.3,844.4,562.0,439.9,369.9,239.0
DT23,WEEKDAY,2.8,6.3,72.8,188.6,336.5,209.6,138.6,184.7,223.2,144.8,121.7,158.6,197.0,618.0,1191.2,570.9,244.6,179.6,143.9,56.9,12.8,0.0,104.6,320.4,1107.6,805.2,259.4,132.6,166.8,242.8,170.2,132.8,136.9,206.4,406.1,309.7,163.2,143.5,152.4,85.7
DT23,WEEKENDS/HOLIDAY,2.5,1.9,38.9,78.4,88.0,122.9,134.7,139.4,173.9,157.5,142.4,129.5,154.0,171.3,195.4,166.5,110.7,97.3,87.1,50.4,13.4,0.0,32.1,74.8,118.9,142.0,122.6,116.8,133.5,163.5,163.5,146.9,144.5,135.8,148.3,134.3,120.0,164.4,154.7,102.4
DT24,WEEKDAY,2.3,45.8,403.3,719.9,916.9,428.6,244.3,202.6,221.0,209.0,165.3,160.0,195.2,411.3,530.5,310.1,174.9,134.5,84.4,32.6,23.7,0.0,102.8,380.9,455.2,192.2,109.4,124.7,162.4,168.5,175.7,195.6,238.4,393.4,775.4,545.0,362.0,308.3,331.6,196.4
DT24,WEEKENDS/HOLIDAY,2.3,14.4,160.0,237.9,261.3,264.5,250.9,237.9,240.0,243.0,223.4,212.4,209.1,269.2,245.9,230.7,139.3,116.9,103.0,35.9,26.6,0.1,58.5,127.5,139.0,106.0,117.3,133.2,171.4,182.9,192.7,199.7,216.1,241.5,276.2,288.3,302.0,326.5,326.4,225.7
DT25,WEEKDAY,3.6,18.6,215.2,405.1,539.9,256.9,172.6,132.0,133.7,190.2,115.0,138.2,156.8,377.0,632.8,284.1,149.5,131.6,116.2,45.2,16.2,7.6,135.8,411.0,560.2,242.4,99.0,82.1,119.9,115.2,115.6,123.6,151.7,285.4,557.0,467.3,281.6,224.6,229.3,133.2
DT25,WEEKENDS/HOLIDAY,3.8,5.5,94.9,151.8,164.5,169.3,206.3,182.1,205.7,191.3,145.0,143.5,174.5,196.9,225.5,196.5,106.8,83.7,69.8,36.8,17.5,1.4,38.5,104.6,155.8,118.0,102.2,89.2,105.3,125.5,122.4,149.5,156.8,205.6,208.8,227.6,210.3,240.5,218.0,143.5
DT27,WEEKDAY,1.4,36.2,330.0,737.3,737.2,377.5,295.0,255.0,299.6,361.5,322.2,289.6,392.2,887.6,1580.2,663.4,363.6,204.0,157.4,44.8,28.3,7.3,301.2,957.4,1477.8,641.6,256.9,204.0,223.2,267.6,243.0,239.2,276.0,425.7,763.6,598.8,395.4,332.9,310.6,155.4
DT27,WEEKENDS/HOLIDAY,1.9,19.7,158.4,253.6,280.1,274.7,327.7,312.6,391.3,404.1,323.5,308.5,372.7,475.5,471.5,328.8,210.8,158.5,110.5,50.1,30.2,1.9,76.8,238.4,345.7,237.1,194.9,169.6,201.3,225.5,232.5,233.8,254.3,339.2,354.0,420.5,440.1,432.6,381.4,206.1
DT28,WEEKDAY,2.6,64.2,758.1,1729.4,1522.2,658.5,386.8,358.0,356.0,314.0,282.4,327.0,344.4,1065.1,1729.5,745.5,365.6,204.6,124.6,97.0,58.9,14.2,335.3,963.0,1679.5,584.8,214.6,193.4,222.6,282.2,327.8,288.4,353.2,617.6,1142.8,1064.2,682.4,631.4,658.0,327.2
DT28,WEEKENDS/HOLIDAY,3.7,24.1,350.2,614.8,521.6,489.7,492.9,480.7,526.8,525.5,426.2,418.0,489.8,666.4,673.8,450.2,268.2,164.0,130.2,62.4,63.3,4.2,125.5,256.3,367.0,207.0,173.7,187.8,236.5,284.4,306.8,322.7,360.7,517.6,546.1,641.4,734.3,812.8,746.5,439.1
DT29,WEEKDAY,1.8,78.4,577.0,1274.8,1497.4,690.4,349.9,256.4,253.2,227.4,198.6,194.9,214.8,421.1,577.8,291.2,155.2,102.6,80.3,37.3,37.0,3.2,80.5,290.2,403.8,193.4,91.4,96.4,147.0,169.8,188.6,254.6,317.0,553.7,1163.2,884.6,590.2,541.0,478.4,289.4
DT29,WEEKENDS/HOLIDAY,3.0,28.1,199.2,315.4,360.5,386.5,384.8,349.5,350.9,337.6,315.4,297.4,277.5,336.5,342.8,274.3,147.2,96.1,90.5,42.5,42.0,1.9,33.2,97.4,120.3,114.7,107.7,139.6,176.1,217.2,240.4,269.6,296.1,317.8,346.9,361.0,396.5,478.9,468.9,304.6
DT3,WEEKDAY,2.4,42.7,503.2,1276.0,1656.1,743.4,392.2,358.8,361.4,324.4,283.4,390.0,399.6,423.6,462.7,236.5,130.6,126.0,89.8,31.2,54.1,2.2,50.5,493.0,211.1,135.2,115.6,139.4,179.9,246.4,309.8,348.6,387.6,558.8,1058.0,1033.4,613.9,547.1,456.7,225.5
DT3,WEEKENDS/HOLIDAY,3.4,15.3,100.3,210.8,407.0,514.0,546.0,550.1,565.3,488.9,374.0,360.2,402.9,413.3,436.8,279.8,146.9,121.4,112.6,40.5,58.2,1.0,30.8,112.9,169.9,171.5,173.2,195.3,228.0,298.4,309.5,330.6,358.5,407.8,455.6,414.1,411.3,456.1,410.8,229.0
DT30,WEEKDAY,1.4,61.3,550.6,1426.8,1898.6,805.3,419.4,322.0,277.0,272.2,236.4,208.0,217.8,310.0,388.6,244.6,158.3,118.4,80.7,34.6,42.6,5.6,202.8,355.4,185.4,123.2,94.2,105.2,148.2,194.0,243.8,279.2,368.6,654.0,1467.8,1154.7,723.1,563.1,525.2,278.2
DT30,WEEKENDS/HOLIDAY,1.7,21.7,157.9,284.4,374.9,406.8,429.0,430.1,430.6,389.4,341.1,313.2,324.9,359.3,361.1,287.5,164.1,120.4,94.8,49.5,50.5,1.1,58.3,115.6,138.7,137.5,126.0,159.3,217.3,257.7,291.5,304.4,325.5,389.6,415.5,410.1,433.8,497.2,482.5,282.3
DT31,WEEKDAY,3.0,90.7,495.4,1273.8,1580.4,698.2,358.8,308.3,309.2,303.6,272.8,274.6,309.0,481.0,601.4,365.4,232.9,201.5,137.4,55.9,54.4,3.5,141.4,511.8,598.4,291.6,181.8,183.6,270.6,281.4,269.0,332.6,351.0,663.2,1589.0,1151.0,682.4,548.2,495.6,282.3
DT31,WEEKENDS/HOLIDAY,3.5,35.7,155.5,261.0,319.7,386.9,366.2,381.8,367.3,389.5,327.0,315.4,346.9,391.9,375.8,294.3,201.7,151.5,114.4,53.0,45.1,1.7,58.0,152.4,201.2,182.4,165.8,201.6,247.1,316.5,330.3,330.5,357.4,394.2,429.7,426.1,442.4,476.3,480.9,293.2
DT32,WEEKDAY,23.2,119.3,984.3,2606.4,3256.6,1559.2,865.6,717.3,775.6,922.9,849.7,736.1,850.4,1273.8,1733.4,1381.8,998.6,962.6,639.0,214.0,104.7,39.0,504.6,1159.0,1218.4,812.7,592.2,623.9,871.8,877.4,854.2,925.0,1170.1,2011.3,4318.0,3086.2,1582.7,1025.6,913.9,461.0
DT32,WEEKENDS/HOLIDAY,28.6,58.9,322.9,556.2,666.5,738.9,821.3,941.9,1055.9,1132.5,1132.5,1119.7,1116.8,1220.5,1236.9,1102.2,946.3,921.7,672.8,241.5,107.2,7.3,202.8,362.6,509.8,655.0,775.3,853.1,992.1,1121.5,1109.1,1164.9,1169.8,1351.6,1401.1,1302.3,1083.4,1008.3,883.5,515.3
DT33,WEEKDAY,1.2,253.6,1522.2,3585.4,4187.3,1844.9,1016.8,698.9,645.8,622.7,551.4,448.8,510.2,779.6,1034.0,587.6,323.1,243.9,189.2,76.2,177.4,2.4,308.2,939.6,500.8,231.9,182.9,226.6,366.2,404.8,514.0,631.2,787.6,1370.9,3183.0,2744.7,1734.7,1504.1,1334.6,743.6
DT33,WEEKENDS/HOLIDAY,1.4,101.3,423.6,714.6,869.0,908.1,974.4,943.2,898.5,875.5,785.4,738.9,758.1,904.4,844.2,601.9,373.8,263.2,196.9,85.5,187.2,1.9,87.7,238.0,249.4,242.0,236.5,314.5,445.5,587.5,663.6,674.4,716.7,783.1,865.7,942.3,993.9,1235.8,1224.7,760.1
DT34,WEEKDAY,0.1,48.4,194.9,444.6,663.6,385.6,210.5,232.8,240.6,178.1,133.4,149.4,246.0,561.9,702.1,316.6,191.4,133.7,111.7,52.2,27.0,0.6,123.8,417.2,559.6,261.0,127.1,106.8,140.6,207.4,186.5,143.6,173.0,221.7,515.3,564.8,357.4,272.2,211.0,120.2
DT34,WEEKENDS/HOLIDAY,0.5,22.0,44.1,80.7,140.8,144.9,191.6,223.8,251.8,218.5,175.8,182.0,215.6,262.5,263.4,215.9,139.6,80.6,66.6,34.5,34.7,0.5,48.6,119.4,124.4,96.5,95.1,97.3,123.4,169.3,170.4,162.8,160.4,152.4,184.5,207.5,217.6,261.9,226.2,132.7
DT5,WEEKDAY,6.4,70.0,739.8,1747.7,1937.4,920.2,490.6,508.0,607.8,638.8,522.1,519.6,607.0,930.0,1191.5,800.0,550.0,452.0,327.4,138.1,78.2,14.3,207.8,636.0,786.8,615.8,425.4,417.8,494.6,555.6,596.0,630.4,820.1,1063.0,1911.6,1642.6,914.6,759.4,714.6,353.5
DT5,WEEKENDS/HOLIDAY,9.1,30.5,238.4,438.0,567.6,708.7,780.7,972.4,1018.5,1057.0,839.4,805.3,787.5,852.1,911.6,683.6,465.5,353.5,259.1,115.8,77.6,7.6,119.9,355.3,570.9,665.1,617.9,580.6,631.6,697.1,670.9,638.6,732.7,837.0,923.7,852.1,735.3,791.7,694.5,419.4
DT6,WEEKDAY,1.4,11.3,186.2,562.4,706.9,366.2,309.8,371.4,431.6,415.5,521.4,563.6,495.6,892.1,904.4,492.7,253.4,247.2,343.0,44.9,21.2,8.6,256.6,678.8,663.0,366.3,210.4,343.0,318.4,320.8,328.6,380.8,329.0,521.5,961.4,570.6,311.4,279.3,232.0,116.3
DT6,WEEKENDS/HOLIDAY,1.5,3.5,41.8,100.0,205.5,293.1,311.5,374.2,374.4,357.5,274.1,296.8,292.8,345.8,337.5,206.8,117.8,87.5,91.8,33.8,26.7,1.5,33.5,127.4,236.4,162.3,161.0,217.5,222.2,254.2,253.2,254.4,277.1,264.8,295.4,257.5,223.8,272.0,229.1,122.5
DT7,WEEKDAY,0.8,8.2,90.5,287.7,354.4,211.2,126.1,135.0,141.6,210.8,203.2,296.6,348.0,448.4,547.2,339.1,148.8,143.1,116.2,40.8,11.1,6.2,117.5,667.2,635.8,258.6,157.6,200.8,165.3,188.8,212.2,231.0,267.7,322.9,578.0,433.6,237.1,159.6,141.5,70.2
DT7,WEEKENDS/HOLIDAY,1.5,4.1,21.5,59.6,122.1,197.1,200.5,210.5,215.2,218.2,195.9,200.2,205.2,252.2,227.9,176.8,102.4,99.5,107.5,46.0,11.5,0.7,40.2,158.8,196.3,180.6,176.0,167.4,178.3,173.1,188.4,200.1,202.5,234.7,254.2,209.4,181.9,182.2,138.2,68.2
DT8,WEEKDAY,1.2,5.5,115.0,409.2,466.0,227.6,157.2,251.8,188.6,333.1,526.7,509.2,524.8,624.0,692.9,350.4,145.8,107.8,64.6,21.6,9.2,10.4,339.5,1652.4,400.0,180.4,119.6,130.3,128.7,167.0,176.9,208.6,209.6,284.8,449.6,337.8,159.9,145.4,105.4,44.0
DT8,WEEKENDS/HOLIDAY,1.4,2.4,24.3,60.7,151.8,205.7,190.2,212.1,215.5,194.9,142.3,154.8,171.8,196.5,183.6,130.1,75.9,62.9,84.2,23.6,10.1,2.1,38.1,94.3,147.1,135.6,128.5,126.7,130.2,163.8,162.7,152.4,170.5,198.3,227.6,173.3,152.0,162.8,121.3,51.8
EW1,WEEKDAY,0.1,545.6,2597.8,5479.2,5814.4,2452.3,1640.4,1452.4,1401.8,1264.8,1176.4,1253.2,1395.0,1904.4,2077.6,1235.9,708.8,587.4,482.2,87.2,275.3,30.5,542.4,1579.2,1202.9,613.2,554.4,665.8,871.2,1042.6,1264.6,1447.2,1673.4,2542.4,4859.6,4327.8,2776.6,2313.6,2126.1,1094.2
EW1,WEEKENDS/HOLIDAY,0.0,197.9,631.1,1047.4,1567.0,1844.1,1892.3,1981.3,1958.8,1885.4,1668.8,1550.8,1587.6,1756.1,1582.9,1187.7,798.9,657.1,567.9,131.5,304.7,13.1,154.4,518.2,581.2,702.7,713.4,877.0,1122.5,1372.8,1466.8,1571.6,1685.7,1908.5,2007.4,1978.9,1863.1,1987.4,1826.0,1080.4
EW10,WEEKDAY,6.0,153.0,968.4,1666.4,1623.0,929.2,606.5,503.1,460.2,427.8,361.1,374.5,409.0,732.2,964.5,609.4,412.2,358.2,279.6,122.0,34.9,14.1,187.0,520.8,751.3,433.0,281.3,290.6,344.4,443.6,413.8,452.8,582.7,928.7,1632.8,1526.2,976.8,979.8,929.5,441.6
EW10,WEEKENDS/HOLIDAY,8.5,54.1,466.7,681.8,643.7,795.7,785.2,734.6,767.4,782.8,740.3,779.3,846.1,990.4,986.3,910.3,649.6,507.4,450.1,205.7,36.9,4.3,125.1,270.0,375.2,506.5,595.5,705.2,800.8,855.1,829.3,830.8,897.4,1062.5,1084.1,1044.5,893.9,927.9,915.5,491.1
EW11,WEEKDAY,8.6,136.8,755.8,1199.8,1546.8,1407.8,1242.2,1211.0,1199.8,1109.4,1010.0,1072.4,1168.8,1968.0,2597.8,1457.8,861.0,767.9,618.2,238.3,35.2,20.8,374.4,1386.8,2636.0,1799.4,1119.6,943.1,1066.1,1166.8,1137.5,1070.6,938.4,1168.8,1944.2,1555.4,1002.9,1053.6,946.1,465.8
EW11,WEEKENDS/HOLIDAY,10.5,50.7,329.1,577.2,709.0,1113.3,1254.4,1192.5,1169.3,1094.3,922.0,909.5,1025.3,1146.8,1132.5,1049.6,858.5,787.3,568.1,250.5,39.3,4.9,213.5,484.5,784.2,950.2,977.4,982.3,995.4,1075.2,1064.6,1038.0,1090.6,1171.3,1156.5,1034.5,956.2,1103.7,957.0,492.9
EW12,WEEKDAY,53.5,244.8,538.2,1036.1,1680.3000000000002,1474.8,1484.0,1928.4,2678.4,3773.6,3158.6,3191.6000000000004,3594.7,5111.6,7223.8,5010.1,4104.4,4746.299999999999,3645.8,1193.6,48.8,50.4,925.3,2509.7,5613.2,4358.299999999999,3302.6,3669.4,4544.7,3592.6,3237.7,3131.2,3150.6000000000004,3841.5,6408.4,4330.9,2292.2,1551.8,1169.5,560.1
EW12,WEEKENDS/HOLIDAY,65.2,92.6,428.9,502.3,731.0,1120.4,1624.1999999999998,2269.5,3005.6000000000004,3705.8,4418.7,4849.9,5210.0,5360.3,4951.6,4561.1,4017.2,4284.5,3671.5,1348.2,71.1,23.8,541.0,953.2,1532.3,2887.3999999999996,4046.5,4669.0,5304.2,5604.1,5169.7,4998.9,4832.1,4475.2,4249.2,3369.5,2589.1,1920.0,1340.0,647.4
EW13-NS25,WEEKDAY,53.5,36.6,150.8,375.0,663.4,709.8,869.9,1273.6,1874.0,3038.6,2344.8,2237.8,2541.8,4105.2,6240.4,4487.4,3702.4,4575.8,3908.0,1477.4,9.0,63.0,929.4,2590.1,5855.4,4447.9,2779.0,3035.8,3689.0,2616.8,2194.5,2012.0,2042.0,2774.4,5024.0,3130.7,1277.0,759.8,522.0,188.2
EW13-NS25,WEEKENDS/HOLIDAY,69.5,20.9,140.4,183.5,308.4,608.3,1091.5,1557.8,2027.6,2528.5,2966.5,3461.5,3975.8,4605.3,4647.7,4301.4,4718.5,5677.9,4732.5,1821.2,13.9,15.4,568.5,1056.6,1924.9,3653.7,3711.5,3774.4,3852.7,4040.7,4195.2,4340.2,4900.1,4335.1,3653.8,2583.0,1323.4,850.1,537.1,225.9
EW14-NS26,WEEKDAY,42.9,41.4,119.8,312.5,550.2,663.4,1022.9,2606.4,4073.2,2527.4,2216.6,2418.4,3110.2,7918.6,16712.0,9134.0,4967.4,3117.0,2075.7,1050.0,8.1,108.2,1934.7,5129.2,18479.7,12472.1,3523.6,2455.2,2524.9,4257.9,2685.1,1605.0,1529.4,1813.5,2345.2,1533.0,680.8,453.7,271.9,104.2
EW14-NS26,WEEKENDS/HOLIDAY,29.5,33.0,116.5,179.4,238.1,307.1,567.0,912.4,1185.7,1244.5,1222.6,1295.7,1471.9,1502.1,1322.4,1249.5,2525.3,2251.2,1473.9,856.8,12.4,11.9,369.2,830.2,1065.3,1366.5,1417.8,1392.0,1305.2,1288.5,1264.2,1319.9,1550.5,1727.5,1865.8,1705.2,796.8,479.5,322.7,134.5
EW15,WEEKDAY,12.0,40.4,213.2,590.5,992.7,853.7,911.8,1475.0,2161.1,2011.5,1755.1,1828.3,2381.2,6582.7,12588.8,6551.3,3766.4,2779.6,1968.2,742.2,11.0,53.3,1701.7,4627.0,14356.6,9991.7,3166.2,2112.5,2133.6,2392.0,1746.0,1248.2,1131.6,1584.0,2904.0,1772.8,728.0,562.7,449.0,187.8
EW15,WEEKENDS/HOLIDAY,10.5,18.9,113.0,230.0,317.4,474.5,698.7,811.3,1038.3,1187.1,1196.5,1237.8,1284.5,1377.0,1286.4,1148.1,913.2,928.9,989.5,487.5,18.6,4.9,462.5,833.9,1099.9,1246.0,1230.7,1242.6,1260.3,1250.8,1119.5,926.2,939.7,994.8,1134.7,894.9,627.5,632.4,472.8,218.8
EW16,WEEKDAY,1.7,106.0,595.4,1040.8,1455.6,1154.2,1091.8000000000002,1417.0,1986.2,1310.8,1209.1,1461.2,2086.3,4563.6,5800.0,2675.8999999999996,1642.0,1444.6999999999998,830.0,331.8,22.0,10.399999999999999,1532.6,4915.0,5675.3,3297.0,1543.6999999999998,1278.8000000000002,1411.4,1974.6,1590.7,994.8000000000001,886.5,1109.1,1802.8,1341.3,820.9000000000001,600.7,583.8,291.7
EW16,WEEKENDS/HOLIDAY,1.8,41.4,241.1,456.4,606.1,747.3,843.7,943.5,1178.1,1134.3,1003.1999999999999,1014.3,1199.0,1240.4,1129.8,1051.9,886.3,843.0,579.2,255.79999999999998,36.8,3.5,649.6,1114.9,938.2,942.8,893.0,971.5999999999999,1052.0,970.4000000000001,805.0,763.5,792.2,898.0,1031.5,904.8,751.8000000000001,679.0,630.0,367.6
EW17,WEEKDAY,5.0,255.4,1668.5,2976.6,3887.0,2083.8,1142.2,1064.0,1178.6,1409.8,1299.2,1131.6,1280.4,2075.8,2899.6,1784.4,1222.1,1135.4,774.0,222.9,43.4,17.4,637.6,1621.5,2548.8,1599.1,1069.7,1032.2,1301.4,1222.3,1185.0,1283.4,1490.5,2415.0,4365.4,3133.0,1905.4,1722.6,1426.2,723.8
EW17,WEEKENDS/HOLIDAY,4.7,56.0,521.8,733.6,982.5,1285.0,1321.0,1368.5,1504.4,1581.6,1483.9,1425.5,1445.7,1513.8,1451.2,1262.5,1003.2,944.7,752.6,245.6,46.0,2.9,235.5,567.9,853.2,1086.5,1194.3,1213.2,1373.6,1494.0,1403.9,1432.0,1448.3,1615.5,1612.7,1475.3,1412.7,1452.5,1324.0,771.5
EW18,WEEKDAY,2.8,152.6,927.4,1822.0,2366.7,1230.0,692.6,705.4,774.1,768.3,695.3,714.2,823.0,1774.1,2849.0,1417.4,744.0,573.8,366.0,130.0,29.0,10.8,698.7,2041.5,3040.0,1434.8,602.2,582.2,695.0,729.0,737.3,742.8,827.6,1228.2,2130.7,1606.8,1024.6,859.6,723.8,346.0
EW18,WEEKENDS/HOLIDAY,4.0,30.4,301.8,434.5,594.5,714.5,821.6,847.9,949.2,883.3,774.8,759.9,812.4,919.6,888.9,748.3,495.7,423.3,297.2,131.5,30.5,2.6,230.4,515.8,693.5,722.9,651.8,612.8,704.0,815.8,773.9,759.7,763.4,808.7,804.7,757.8,732.1,751.1,689.4,368.4
EW19,WEEKDAY,3.7,114.8,838.8,1648.2,2126.6,1102.9,567.2,534.2,551.8,562.6,443.4,564.4,628.0,1400.5,2033.6,1197.2,619.8,535.8,301.8,90.6,25.4,13.9,483.0,1515.6,1474.6,500.0,348.9,449.0,479.6,484.6,538.2,576.8,661.3,1013.2,1898.2,1482.2,902.1,784.0,649.2,290.8
EW19,WEEKENDS/HOLIDAY,2.4,29.7,231.9,365.0,514.0,600.0,666.1,664.7,812.1,736.8,627.0,654.5,749.3,804.8,837.8,690.8,438.8,379.4,246.8,92.2,33.4,5.4,172.8,484.5,491.4,452.0,472.1,435.1,537.0,631.0,652.1,662.1,674.5,680.4,702.5,692.3,675.1,708.0,594.5,322.5
EW2,WEEKDAY,19.9,539.2,1829.6,3510.6,3451.2,1698.8,1314.2,1319.7,1414.0,1464.4,1512.8,1470.4,1602.8,2265.2,3104.7,2252.2,1623.8,1490.9,910.6,201.6,174.4,66.4,695.6,1841.0,1945.2,1262.8,1122.1,1209.7,1353.8,1451.7,1554.7,1715.3,1980.4,2725.1,4766.9,3710.5,2105.4,1758.8,1636.3,811.1
EW2,WEEKENDS/HOLIDAY,21.3,197.8,583.7,831.6,1202.7,1543.1,1590.0,1797.8,1938.5,2153.3,2089.4,2047.4,2143.8,2236.7,2207.0,1854.5,1552.9,1512.4,973.4,228.7,205.6,29.6,222.5,585.0,874.0,1066.1,1423.0,1594.1,1761.5,2052.9,1964.4,1989.3,2139.9,2362.5,2357.5,2158.2,1776.5,1536.0,1480.6,843.9
EW20,WEEKDAY,3.4,136.9,957.6,1695.8,1928.2,1107.0,744.8,679.9,681.2,648.0,699.2,661.9,781.8,1468.9,2196.0,1123.7,616.0,480.3,300.0,105.7,27.0,33.0,519.0,1505.8,2063.0,1176.0,645.5,484.4,505.2,597.4,618.8,596.1,626.4,1012.1,1708.9,1340.9,905.0,828.4,703.8,364.3
EW20,WEEKENDS/HOLIDAY,3.9,41.8,331.5,490.2,608.7,795.5,773.8,838.5,881.0,844.7,668.2,649.8,714.7,799.0,718.3,574.5,407.7,375.6,260.5,109.0,29.4,6.9,180.5,375.8,550.8,620.5,573.3,535.2,526.2,631.8,630.5,615.6,637.0,704.2,723.1,722.9,667.5,750.6,671.9,382.1
EW21,WEEKDAY,46.199999999999996,99.0,620.6,1278.1,1523.4,813.5,654.0,1048.2,1384.8000000000002,1291.3,1182.0,1500.0,2014.4,4197.4,5491.4,2697.2,1630.1999999999998,1415.2,997.2,335.0,45.5,47.5,879.9000000000001,3218.8,5309.8,3378.8999999999996,1030.5,948.5,1209.6,1364.5,972.5,851.8,931.6,1333.6999999999998,2386.8,1645.3000000000002,855.0,674.8,524.2,262.2
EW21,WEEKENDS/HOLIDAY,11.1,38.2,225.4,323.29999999999995,474.9,585.4,818.6,962.2,959.9,1246.9,1132.5,982.5,1175.6,1113.1,969.0,979.9,819.0,722.2,730.2,276.0,55.8,10.8,232.2,566.3,908.3,728.4000000000001,867.8,1085.1,884.9,999.9,1027.1,774.8,806.5,1065.0,964.2,847.5999999999999,634.4000000000001,606.8,504.8,281.9
EW22,WEEKDAY,6.2,24.8,335.0,733.6,844.8,418.3,428.8,859.8,739.6,635.4,974.2,1171.8,1318.8,1960.8,1696.9,824.4,680.5,737.8,446.8,114.0,17.5,43.2,443.6,1725.0,2465.1,1465.4,894.4,800.4,892.8,797.8,664.0,623.0,462.0,665.6,1169.0,675.2,394.7,357.6,295.6,132.4
EW22,WEEKENDS/HOLIDAY,5.5,8.9,91.5,156.6,232.1,262.9,277.8,321.7,329.8,344.5,267.6,283.7,314.8,383.2,413.6,329.0,215.6,172.9,174.9,74.4,14.1,6.5,67.5,169.6,271.7,260.7,273.5,311.8,332.0,375.3,363.8,338.2,330.0,302.7,313.4,301.0,292.0,323.1,282.9,140.4
EW23,WEEKDAY,27.6,280.0,2565.2,4934.2,4561.8,2296.8,1604.9,1695.8,1919.1,2153.8,2021.0,2149.6,2470.4,4156.6,5370.9,3355.6,2291.0,2142.8,1451.8,504.5,91.2,152.9,2079.7,4914.2,4434.0,2422.0,1693.8,1900.4,1879.2,1900.8,1875.8,1916.2,2184.6,3659.9,6146.4,4282.9,2534.2,2138.4,1827.9,773.8
EW23,WEEKENDS/HOLIDAY,26.5,103.1,830.8,1432.5,1733.0,1970.1,2107.3,2316.4,2530.5,2526.3,2293.5,2225.1,2425.5,2664.2,2658.0,2116.8,1659.8,1465.5,1116.1,424.5,111.8,29.5,644.1,1296.2,1590.4,1622.7,1692.0,1699.9,1881.5,2241.9,2081.7,2107.5,2300.8,2667.2,2603.3,2395.8,2172.5,2151.5,1773.2,914.0
EW24-NS1,WEEKDAY,78.6,647.1,2124.9,4238.0,3827.1,2119.4,1686.0,1940.6,2564.3,2888.6,2962.8,3353.0,4446.0,9351.8,12701.2,7637.8,6411.6,5986.5,3555.1,987.4,193.3,275.5,4636.0,10335.0,9122.8,4554.2,3358.2,3437.6,3686.4,3564.6,3320.2,3373.5,3643.7,5866.6,9894.9,6573.2,3405.8,2215.0,1800.6,910.6
EW24-NS1,WEEKENDS/HOLIDAY,113.2,244.8,1164.2,2096.4,2254.1,1850.6,2027.1,2598.9,3446.6,4243.8,4574.3,4961.1,5258.1,5873.4,5978.0,5663.5,6004.5,5983.4,4205.4,1222.3,290.4,88.7,1695.1,2180.5,2498.4,3241.9,4123.2,4939.0,5531.3,5728.0,5013.4,4947.6,5025.2,5954.8,6250.4,5038.4,3379.5,2381.2,1967.5,1146.3
EW25,WEEKDAY,3.4,270.7,979.8,2317.2,1738.5,639.2,329.8,277.2,267.5,232.1,213.7,356.2,286.7,438.9,452.8,317.8,236.1,215.2,145.5,50.8,49.8,14.2,167.3,606.2,383.5,186.3,152.8,169.1,190.5,209.6,236.6,288.4,408.2,764.2,1453.0,1118.9,720.9,542.8,450.9,236.8
EW25,WEEKENDS/HOLIDAY,5.6,78.7,338.7,473.0,439.6,465.6,473.3,491.4,493.7,484.2,459.5,468.6,516.5,606.3,662.1,668.4,481.5,343.4,213.4,83.5,57.0,2.6,63.8,165.2,246.3,284.8,331.5,450.9,499.3,511.5,534.5,541.4,623.7,776.9,772.1,613.5,476.9,446.3,426.6,270.3
EW26,WEEKDAY,2.3,776.7,3475.8,6824.6,5280.6,2289.1,1445.4,1245.0,1202.7,1092.8,1155.4,960.6,1229.0,2412.8,2634.2,1363.1,1025.6,588.6,400.8,121.6,206.8,64.2,1274.4,2925.7,1630.4,614.1,441.4,501.9,623.7,756.3,861.4,1025.2,1266.8,2544.8,4563.4,3823.8,2573.2,2178.6,1932.5,1064.2
EW26,WEEKENDS/HOLIDAY,2.7,293.9,1236.6,1792.8,1800.4,1976.5,1962.8,1941.0,1927.7,1766.1,1464.5,1388.2,1477.1,1828.5,1650.6,1372.0,992.8,609.5,453.5,148.1,290.8,9.4,433.1,825.1,835.6,657.5,624.3,696.0,939.7,1150.4,1110.8,1265.5,1425.7,1804.5,1904.9,1787.0,1784.3,1928.1,1865.2,1139.0
EW27,WEEKDAY,5.9,959.6,3846.9,6931.4,5072.8,2267.6,1729.4,1729.6,1827.8,1944.7,1718.0,1872.0,2335.5,4554.2,5337.6,3309.1,2203.8,1873.2,1116.4,251.6,335.2,205.0,2211.8,5191.6,3796.4,1849.2,1475.2,1564.6,1968.8,1941.2,2069.1,2262.3,2755.0,4935.4,7922.0,6374.9,4140.2,3255.4,2722.3,1414.9
EW27,WEEKENDS/HOLIDAY,8.4,383.5,1540.2,2087.1,2133.7,2324.1,2503.8,2742.1,3078.1,3034.4,2859.7,2820.1,2922.5,3404.2,3277.7,2623.9,2080.0,1829.9,1235.5,308.8,412.0,39.4,641.1,1358.2,1409.4,1424.0,1740.7,2035.3,2452.7,2698.3,2677.2,2874.9,3145.3,3875.9,3942.5,3865.6,3568.2,3346.8,2925.7,1748.5
EW28,WEEKDAY,1.0,717.9,3405.0,6426.8,3899.2,1524.3,1045.0,1049.7,1090.0,1099.8,945.6,966.4,1297.8,2780.1,3017.2,1616.0,1051.0,843.8,596.0,167.8,197.8,29.8,643.0,2023.2,2264.6,1112.7,709.0,640.2,729.2,741.2,743.4,787.8,920.3,1929.0,3093.6,2808.8,1990.2,1742.4,1451.0,764.6
EW28,WEEKENDS/HOLIDAY,1.0,301.2,1214.1,1762.1,1553.1,1586.5,1625.6,1611.2,1660.0,1494.5,1275.8,1244.3,1401.4,1724.9,1588.3,1118.7,718.6,528.0,391.1,134.7,290.5,12.9,201.1,679.3,764.6,514.3,498.0,567.1,690.6,844.0,898.3,935.5,1069.5,1370.2,1441.5,1541.5,1680.1,1731.6,1630.6,1026.5
EW29,WEEKDAY,0.2,113.0,657.0,853.1,526.0,219.8,217.7,375.4,614.2,410.9,448.8,610.8,1139.4,4450.9,3797.1,1847.2,1212.6,616.7,249.0,81.2,17.8,275.8,2283.6,6056.0,3543.2,763.5,341.6,295.8,375.2,445.7,333.2,244.0,286.0,531.7,762.1,743.9,529.8,337.0,305.4,111.5
EW29,WEEKENDS/HOLIDAY,1.5,31.5,323.1,518.1,468.3,270.3,327.6,464.1,785.4,691.0,610.4,768.1,919.4,1530.2,1019.5,831.9,646.8,374.0,200.8,51.8,34.4,71.8,699.8,1741.5,959.6,395.6,311.0,346.7,420.6,425.8,437.5,457.0,485.7,697.3,793.4,854.2,782.4,642.5,486.6,201.5
EW3,WEEKDAY,5.0,249.5,1146.4,2300.1,2694.8,1210.6,838.2,851.4,858.9,835.2,774.2,797.2,885.3,1332.4,1560.4,927.4,622.2,570.4,350.6,77.7,95.3,12.9,356.0,1162.2,985.0,581.2,515.8,566.3,679.6,771.4,857.8,925.6,1069.6,1501.0,2741.8,2326.4,1405.6,1213.5,1017.0,517.4
EW3,WEEKENDS/HOLIDAY,7.8,115.5,338.3,527.1,782.3,945.6,965.5,1013.7,1082.2,1071.1,954.5,941.9,886.0,987.8,964.4,785.5,632.0,521.9,359.1,87.9,114.5,4.6,141.0,300.2,406.0,503.4,532.9,654.3,759.6,912.0,914.5,898.6,986.7,1077.8,1179.8,1131.9,1041.2,1046.5,959.4,498.6
EW30,WEEKDAY,0.2,40.8,88.6,178.4,89.4,37.4,38.4,49.6,76.8,51.6,55.4,108.4,175.4,989.5,663.9,496.0,260.6,109.0,39.2,7.1,5.8,23.6,286.0,1144.0,795.2,96.2,43.4,31.8,38.6,45.0,34.8,21.0,28.3,65.2,102.7,86.0,62.8,42.5,35.7,22.4
EW30,WEEKENDS/HOLIDAY,0.0,15.9,58.5,141.8,86.5,65.2,80.7,104.1,163.0,109.4,99.9,135.1,217.9,355.0,211.8,179.5,100.3,33.7,30.6,9.2,16.3,5.1,137.0,313.6,265.7,57.5,35.0,30.0,36.0,35.8,37.5,40.5,55.0,71.1,115.0,122.5,133.8,133.6,102.0,62.2
EW31,WEEKDAY,0.1,18.2,124.8,115.0,132.5,51.1,51.6,64.6,110.6,69.6,83.7,132.5,260.5,1158.8,809.8,465.2,314.6,146.2,59.2,11.2,4.0,36.0,299.4,1245.8,948.2,166.4,56.8,39.4,50.4,50.8,36.4,28.3,32.2,49.0,97.4,128.4,68.0,54.3,46.3,20.7
EW31,WEEKENDS/HOLIDAY,0.2,16.8,99.8,125.5,128.4,79.5,84.8,110.7,216.3,157.7,120.7,166.0,235.0,421.6,236.5,184.7,153.6,55.9,32.2,7.5,13.5,10.0,119.2,455.5,284.2,89.6,37.0,34.5,38.7,35.7,39.1,45.1,59.0,69.9,128.6,141.6,153.6,131.5,106.0,54.3
EW32,WEEKDAY,0.0,27.9,74.4,184.7,149.5,69.0,62.6,74.0,87.4,66.1,89.1,103.1,232.6,1014.8,762.2,394.4,259.0,116.4,57.8,7.0,13.8,30.0,295.9,1120.7,853.2,139.3,65.3,49.8,58.5,69.6,58.4,51.4,64.7,94.7,148.2,205.5,152.4,114.3,92.7,45.2
EW32,WEEKENDS/HOLIDAY,0.0,9.1,57.2,155.6,156.0,112.9,144.1,208.6,226.5,164.8,142.3,174.6,193.6,293.6,245.2,165.5,119.5,57.8,44.8,8.3,26.7,9.4,123.4,401.3,230.0,77.9,44.1,55.8,65.4,70.4,88.5,94.1,106.5,169.5,208.7,289.3,280.9,318.8,227.4,98.7
EW33,WEEKDAY,0.0,45.1,240.7,406.6,185.5,99.6,79.1,88.6,115.4,88.6,83.6,143.8,229.6,569.4,464.4,246.0,148.4,110.5,74.1,6.2,11.6,11.2,142.2,579.0,558.6,166.2,84.9,70.2,72.2,88.8,94.2,83.1,95.8,237.4,333.8,338.8,237.5,176.4,123.0,62.4
EW33,WEEKENDS/HOLIDAY,0.1,32.9,180.8,249.1,178.2,155.7,174.5,203.6,209.7,193.2,183.9,219.4,236.4,255.6,233.9,201.0,154.9,111.9,87.0,15.1,32.5,2.7,73.7,254.0,233.4,114.3,84.0,104.4,97.4,140.6,141.4,146.9,201.4,250.0,324.8,360.0,328.5,341.5,281.7,138.5
EW4,WEEKDAY,3.9,225.1,991.2,1898.9,2426.0,1131.4,732.3,717.6,693.6,703.8,744.2,799.4,938.3,1816.9,2324.6,1157.0,606.8,373.7,265.2,76.8,132.2,26.8,794.3,2468.9,1435.9,582.0,366.2,310.6,389.5,444.0,488.6,566.6,707.6,927.6,1710.5,1641.5,1109.5,1007.4,936.9,533.6
EW4,WEEKENDS/HOLIDAY,5.3,108.8,345.9,504.1,753.3,935.0,922.1,926.6,944.5,867.4,783.4,754.3,903.4,982.6,948.8,770.4,519.3,350.0,312.2,111.5,176.3,9.5,237.0,679.5,511.7,442.6,460.8,399.1,475.5,571.8,585.3,661.0,698.1,795.8,899.8,850.5,856.6,925.5,927.8,601.4
EW5,WEEKDAY,10.0,460.0,2086.0,3867.7,4575.4,2495.2,1653.3,1542.3,1536.6,1669.4,1531.2,1443.8,1508.8,2654.1,3210.9,1995.4,1412.6,1216.4,793.4,237.8,136.3,47.8,928.6,1855.0,1856.0,1185.8,1047.3,1056.0,1269.6,1327.0,1367.0,1609.3,1888.6,2841.6,5288.6,4052.2,2498.0,2086.6,2014.5,1002.6
EW5,WEEKENDS/HOLIDAY,14.6,161.5,768.6,1150.9,1538.5,1935.6,1905.7,1988.4,2104.3,2202.6,2067.5,1931.6,1872.0,2085.9,1980.1,1774.6,1428.1,1212.0,861.1,255.3,179.4,9.4,309.0,703.8,907.6,1108.2,1271.5,1429.8,1596.5,1802.9,1770.6,1856.7,2095.5,2328.8,2349.5,2196.9,1962.5,1893.4,2018.4,1043.5
EW6,WEEKDAY,3.6,65.4,685.2,1508.0,2159.8,1071.8,573.4,559.7,479.2,466.4,423.0,358.0,421.4,693.1,876.7,540.2,289.1,330.1,190.7,72.6,51.8,8.6,230.0,693.7,1029.6,563.2,332.5,336.4,452.8,510.3,534.0,564.0,696.2,965.3,1934.4,1733.2,1055.0,955.3,821.8,377.0
EW6,WEEKENDS/HOLIDAY,4.9,21.2,184.0,391.9,552.1,737.2,767.4,808.1,757.8,692.1,583.4,536.6,563.9,649.6,638.9,487.8,334.7,260.6,170.3,77.0,49.4,1.9,98.5,260.7,406.3,387.5,404.7,426.4,494.6,555.9,605.6,589.6,672.8,771.4,821.2,767.7,708.4,756.5,734.9,374.4
EW7,WEEKDAY,4.7,182.8,1090.2,1896.3,2005.3,1137.0,734.4,670.3,706.4,642.3,565.8,510.4,660.8,981.6,1286.8,750.7,450.2,394.0,266.2,94.4,54.2,29.8,425.0,1131.0,1266.2,697.8,455.8,472.2,568.4,590.8,637.7,733.9,845.0,1285.7,2385.5,1955.2,1257.1,1192.0,1083.0,517.4
EW7,WEEKENDS/HOLIDAY,5.5,69.8,419.9,628.0,723.8,907.5,858.3,902.6,953.1,895.4,785.3,744.6,735.9,852.2,841.9,655.6,456.8,348.9,319.0,112.9,72.9,9.7,188.8,437.5,564.0,565.1,555.3,578.2,678.2,750.1,718.6,772.0,858.1,956.0,1026.5,1024.9,954.7,1061.1,1024.4,532.7
EW8,WEEKDAY,31.4,105.7,1189.4,2226.8,2803.1,1634.6,1191.4,1386.9,1752.2,2053.6000000000004,1818.8000000000002,1991.8,2139.1,3769.2,5525.7,3290.1000000000004,2421.0,2425.1,1588.0,556.0,93.3,54.7,1004.1999999999999,2611.3999999999996,4526.6,3071.0,1895.9,1644.6000000000001,2056.9,2030.9,1834.3999999999999,1649.6,1848.8000000000002,2582.6000000000004,4918.1,3672.2000000000003,1838.4,1409.0,1290.3,618.3
EW8,WEEKENDS/HOLIDAY,38.3,47.8,550.1,842.6,1002.1,1267.1,1731.4,2205.7,2622.0,2749.0,2522.8,2466.8,2892.1000000000004,3406.7,3399.3,2742.3,2059.8,1896.6,1457.3,539.7,114.0,15.7,462.7,1028.5,1684.4,2746.8,3337.2,2884.8,2787.4,2769.4,2462.0,2495.7,2490.2,2610.9,2520.2,2134.7,1598.3000000000002,1396.9,1263.5,694.5
EW9,WEEKDAY,11.4,218.2,1627.3,2656.6,2756.6,1649.8,1106.0,933.2,989.3,1079.9,955.0,903.4,956.9,1533.3,2204.4,1322.2,944.8,968.8,655.1,239.0,63.8,40.5,421.5,1442.8,1785.1,1137.2,637.1,612.2,693.0,795.6,781.1,858.2,949.6,1563.6,2936.7,2893.0,1741.6,1612.8,1530.3,787.2
EW9,WEEKENDS/HOLIDAY,15.7,96.8,899.5,1239.1,1067.5,1304.8,1332.1,1313.1,1458.5,1463.0,1305.5,1284.2,1429.1,1587.7,1548.8,1313.8,1184.5,1073.4,832.1,346.5,113.7,10.1,205.2,517.9,878.5,1111.1,1042.8,998.0,1119.8,1275.4,1193.7,1202.5,1340.5,1690.1,1914.7,1964.5,1555.8,1609.0,1581.5,799.0
NE1,WEEKDAY,5.7,43.1,304.4,807.0,1588.6,1031.0,866.5,1144.5,1587.6,2384.2,2163.4,2378.0,3150.3,5014.6,7449.2,5443.6,4777.4,4643.4,3666.8,993.2,13.3,6.800000000000001,1438.0,3268.2,5963.9,5200.4,4060.7999999999997,3643.2,3585.2,2806.6,2392.3999999999996,2075.4,2127.5,2654.1,4190.1,2682.2,1420.0,875.0,714.5,248.2
NE1,WEEKENDS/HOLIDAY,15.899999999999999,48.4,221.3,401.29999999999995,846.2,862.0,1022.8000000000001,1365.1,1820.7,2316.7,2990.4,3859.8,4577.9,5038.700000000001,5313.5,5508.5,5892.1,6023.2,5427.3,1791.7,21.2,3.6,1076.8,1914.3,2488.0,4268.5,5137.6,5163.5,4868.6,4679.5,4459.9,4140.8,3819.7,3591.3999999999996,3426.2,2534.1,1599.2,1012.3,777.2,301.2
NE10,WEEKDAY,4.9,68.6,670.4,1361.6,1856.0,1035.9,716.0,705.8,670.8,744.0,746.5,752.1,783.6,1358.9,1812.7,1043.0,596.0,467.9,289.6,97.6,23.8,24.1,513.6,1935.5,1783.6,878.9,514.9,466.6,500.7,627.4,684.8,642.7,728.6,971.4,1604.9,1412.6,944.0,823.2,730.2,300.6
NE10,WEEKENDS/HOLIDAY,6.5,22.6,251.8,419.1,553.1,693.9,752.9,820.6,903.5,847.8,699.8,648.4,737.5,836.1,797.5,701.5,473.9,360.5,264.2,94.3,28.1,8.6,129.8,306.7,465.8,487.2,503.0,514.7,568.5,664.2,669.1,649.2,691.3,734.6,829.4,815.6,778.3,842.4,719.3,333.3
NE11,WEEKDAY,0.9,8.2,185.6,418.2,556.2,328.8,222.2,226.6,218.7,237.4,217.4,426.2,737.7,644.4,789.0,430.6,261.8,165.7,96.8,28.4,6.6,9.8,313.4,989.3,1098.8,262.9,121.6,108.0,146.4,171.8,224.8,195.6,194.4,260.4,399.4,378.6,259.8,259.4,224.9,99.8
NE11,WEEKENDS/HOLIDAY,0.7,2.8,76.9,142.8,187.0,229.4,251.5,273.0,291.5,255.5,237.2,222.9,270.7,307.4,300.4,225.0,128.6,106.0,71.9,26.9,7.2,2.1,74.6,226.5,203.0,148.3,122.0,117.5,155.2,169.5,176.5,171.4,170.8,212.0,223.3,262.9,272.4,293.8,244.7,120.5
NE12,WEEKDAY,29.4,447.6,2896.2,6431.3,8296.400000000001,4246.1,2423.8,2257.6,2486.2,2878.4,2756.2,2613.0,2685.6,3338.9,4578.8,3455.2,2714.6000000000004,2731.2,1734.4,504.5,225.0,42.2,1328.1,2902.6,2269.8,1648.3000000000002,1645.4,2041.6,2684.8,2760.7,2780.8,2939.1000000000004,3585.8,5312.200000000001,9730.4,7525.2,4325.200000000001,3457.5,3127.0,1448.6
NE12,WEEKENDS/HOLIDAY,39.7,162.3,986.2,1585.1999999999998,2198.3,2722.8,2812.3,2918.0,3218.9,3587.9,3515.6000000000004,3379.8,3294.0,3571.8,3514.6,3030.5,2546.7,2490.7,1850.2,574.7,260.6,16.8,356.6,797.7,1271.6,1754.4,2160.5,2646.0,3292.8,3601.4,3374.5,3275.3,3650.3,4007.2,4189.2,3863.7,3226.8999999999996,3054.3999999999996,2911.2,1525.7
NE13,WEEKDAY,5.1,169.4,1131.9,2418.2,2745.8,1673.3,1139.0,1096.0,992.2,972.4,895.4,1031.8,923.5,1243.7,1562.9,1066.9,791.6,796.2,420.2,135.7,77.9,19.0,391.7,967.6,1246.4,935.2,751.4,673.2,755.8,829.3,931.8,1046.5,1229.2,1668.1,2853.4,2580.7,1481.0,1271.0,1158.0,601.4
NE13,WEEKENDS/HOLIDAY,6.6,60.5,379.1,652.1,960.8,1297.0,1463.0,1550.6,1622.3,1543.5,1316.5,1166.9,1212.5,1262.9,1333.6,1032.1,723.3,634.3,430.4,152.1,97.3,10.2,251.3,517.5,905.5,1043.9,1056.6,996.9,1050.4,1111.5,1077.8,1091.7,1099.3,1290.6,1371.4,1288.7,1113.1,1207.8,1140.7,632.4
NE14,WEEKDAY,8.4,382.7,2315.3,5243.2,5832.7,2863.1,1747.2,1486.2,1377.8,1332.4,1211.0,1171.1,1185.2,1592.8,1972.6,1422.0,846.6,724.8,452.4,129.2,152.0,39.0,687.4,1762.3,997.4,682.0,666.6,682.8,845.0,1057.4,1210.0,1360.1,1629.8,2572.4,4935.7,4198.2,2668.2,2267.0,2355.1,1007.0
NE14,WEEKENDS/HOLIDAY,7.5,118.8,813.2,1193.1,1662.4,2058.8,2020.5,1989.2,2028.3,1885.0,1671.9,1523.5,1508.4,1710.5,1607.6,1218.6,813.1,659.6,463.2,135.7,181.5,11.8,216.9,501.9,687.1,795.2,845.9,928.5,1128.6,1353.0,1357.5,1446.5,1636.0,1726.2,1861.8,1899.5,1857.7,2029.4,2054.8,1034.6
NE15,WEEKDAY,2.0,192.4,1637.2,3394.4,3726.0,1511.0,884.4,701.6,626.8,648.1,612.8,473.4,509.9,685.1,776.0,513.5,291.5,215.5,136.9,58.4,77.9,9.6,167.4,415.4,326.3,227.8,242.0,301.0,432.2,552.0,613.6,750.2,837.9,1339.9,2697.2,2506.8,1624.0,1422.2,1140.8,580.2
NE15,WEEKENDS/HOLIDAY,2.1,62.3,333.5,561.1,975.3,1084.5,1150.1,1089.7,1044.9,929.7,816.2,739.7,778.1,852.8,798.2,582.6,328.3,210.1,154.2,62.0,91.5,0.5,62.2,184.5,265.1,304.4,321.1,437.5,559.6,717.6,765.1,770.2,785.1,876.6,964.5,989.8,1061.1,1226.4,1124.3,549.1
NE16-STC,WEEKDAY,21.6,425.6,2617.0,6192.2,6364.6,2953.0,1935.0,1854.2,1856.4,1960.6,1922.6,1857.1,1898.2,2406.0,2979.5,2413.0,1675.2,1394.2,730.8,224.6,213.2,128.2,1067.5,1885.6,1184.0,1007.5,1136.8,1360.8,1673.8,1960.8,2170.2,2365.5,2583.4,3697.8,6724.8,6003.9,3557.8,2696.4,2419.3,1143.4
NE16-STC,WEEKENDS/HOLIDAY,37.2,182.5,744.5,1236.3,1832.2,2202.4,2328.3,2495.0,2743.4,2748.6,2542.4,2395.7,2355.8,2481.1,2408.3,2086.3,1664.5,1409.6,833.4,261.5,212.3,50.3,279.8,582.5,863.0,1166.0,1519.5,1857.5,2186.5,2529.8,2455.5,2362.5,2528.8,2757.6,2988.1,2910.5,2566.2,2450.6,2297.5,1171.2
NE17-PTC,WEEKDAY,22.8,402.6,2697.4,5958.6,5709.6,2431.7,1611.4,1478.9,1530.1,1718.1,1582.6,1567.8,1663.8,2015.6,2245.1,1951.0,1461.8,1397.8,898.1,225.6,156.6,93.1,714.8,1492.6,1010.1,972.6,1029.2,1270.6,1463.0,1706.6,1730.5,1891.7,2186.4,3133.3,5588.2,4962.5,2833.4,2116.8,1663.4,892.2
NE17-PTC,WEEKENDS/HOLIDAY,30.3,176.5,669.1,1197.1,1692.4,2009.5,2122.0,2172.9,2422.7,2530.5,2477.2,2243.8,2205.1,2363.5,2458.6,2228.9,2132.5,1851.3,1198.3,298.2,178.8,37.0,290.7,574.3,953.4,1173.9,1537.2,1847.0,2113.4,2297.6,2221.5,2294.2,2444.0,2863.7,3069.1,2818.5,2273.9,1864.0,1628.4,948.5
NE4,WEEKDAY,14.9,58.7,479.2,930.4000000000001,1467.8,1441.6,1586.7,2171.8,3359.7999999999997,4821.200000000001,3617.8,3393.2,3541.8,4657.6,7238.6,5536.2,4567.7,4012.7,2357.6,822.6,47.3,7.699999999999999,824.0999999999999,2366.9,5114.6,4364.9,3538.7,4173.6,4934.6,3548.5,3085.4,2827.0,2950.0,3594.6,5215.3,3887.6000000000004,2342.4,1544.0,1154.2,550.2
NE4,WEEKENDS/HOLIDAY,13.399999999999999,30.1,295.0,489.5,785.5999999999999,1281.9,1777.6,2506.4,3299.2000000000003,4177.6,4659.8,4691.5,4543.2,4655.4,4627.3,4687.2,4414.8,4092.4,2481.0,917.9,53.2,1.2,506.20000000000005,1060.2,1506.7,2523.2999999999997,3699.4,4607.8,4686.8,4619.1,4195.8,3995.0,3983.7000000000003,4409.6,4477.2,3709.1,2692.7,1945.5,1381.2,688.4
NE5,WEEKDAY,13.4,14.8,59.9,133.4,253.8,359.4,418.8,498.6,698.3,722.1,662.6,677.9,794.8,1578.5,3018.8,1951.3,1459.8,1509.8,1425.2,821.7,8.6,1.0,336.4,911.1,2869.4,2573.2,1052.6,747.8,823.4,860.5,786.0,679.2,759.0,1051.0,1729.2,1421.0,964.6,799.8,639.7,312.3
NE5,WEEKENDS/HOLIDAY,21.3,14.7,97.0,81.5,159.5,309.1,443.1,526.5,551.9,659.2,802.1,809.9,782.9,832.9,837.4,938.7,1239.5,1410.3,1459.8,917.5,19.4,0.1,136.4,270.0,377.0,574.5,733.8,827.3,970.5,946.5,905.3,871.1,968.7,1236.0,1473.1,1453.5,1192.1,1057.3,847.9,429.7
NE7,WEEKDAY,9.5,44.2,573.5999999999999,1168.1,1344.1999999999998,1033.3,972.5999999999999,1302.4,2463.2,1691.1000000000001,1449.8,1406.0,1526.3999999999999,2480.5,3440.3999999999996,2306.0,1816.0,1596.8999999999999,1026.0,318.4,38.6,15.6,755.5,1629.0,3246.6,2067.8999999999996,1629.4,1705.8,1854.3000000000002,2405.2,1565.8,1327.6,1333.4,1761.5,2722.6,2377.7999999999997,1467.6,954.8000000000001,644.1999999999999,310.59999999999997
NE7,WEEKENDS/HOLIDAY,16.2,23.7,346.7,624.4,723.5,914.3000000000001,1252.8,1720.5,2034.3,2163.4,2074.4,2081.4,2025.8000000000002,2376.5,2584.2,2645.8,2561.1,2537.8,1723.5,558.9,56.0,3.3,426.7,757.0,1212.8,1862.6,2490.1,2723.1,2734.7,2606.1,2314.4,2185.5,2357.7,2921.8,2921.2,2589.2,1783.6,1245.4,742.0,361.5
NE8,WEEKDAY,14.8,59.9,703.2,1492.8,1687.8,1250.6,981.6,1004.2,1217.4,1658.8,1339.8,1267.0,1441.2,1848.0,2152.4,1931.2,1927.6,2082.4,1604.6,572.6,36.2,4.5,436.6,1130.8,1699.4,1430.1,1251.8,1391.0,1689.6,1312.8,1386.9,1339.8,1503.9,2034.5,3578.2,3157.8,1988.6,1498.5,1234.4,538.8
NE8,WEEKENDS/HOLIDAY,22.8,19.4,365.2,701.5,773.9,988.5,1195.7,1420.4,1770.4,1973.6,2082.1,2253.4,2379.7,2529.7,2704.9,2919.8,3053.5,3200.3,2399.8,926.7,50.2,2.0,310.8,557.0,998.4,1461.9,1838.5,2201.0,2360.7,2439.5,2470.7,2465.2,2689.0,3360.4,3767.2,3200.8,2309.3,1771.4,1358.7,672.2
NE9,WEEKDAY,5.8,145.5,1196.8,2254.9,2545.8,1664.0,1165.2,1187.8,1210.8,1108.8,929.6,924.6,1038.8,1978.5,2846.4,1761.2,967.7,671.2,414.4,153.4,30.6,0.4,715.6,1537.7,2358.6,1421.5,727.5,660.6,833.2,901.6,824.8,853.6,933.7,1394.1,2314.2,1910.6,1335.2,1227.6,1046.8,566.4
NE9,WEEKENDS/HOLIDAY,6.8,38.4,493.5,830.5,953.3,1324.9,1409.2,1396.5,1433.8,1363.3,1166.7,1030.1,1054.5,1150.1,1149.9,1103.8,730.3,527.5,369.1,150.6,56.8,0.0,328.1,450.9,701.5,730.9,772.7,786.9,876.7,924.7,897.5,930.4,928.4,1059.6,1143.2,1085.1,1079.5,1169.8,1076.4,552.5
NS10,WEEKDAY,36.1,1262.2,5710.6,9877.4,6591.4,3226.6,2369.5,1897.8,1939.9,1698.2,1453.6,1422.6,1512.8,3044.3,3484.8,1812.6,1291.2,877.3,617.8,236.2,482.9,95.4,929.8,2704.3,2149.5,1085.4,756.8,831.8,1058.2,1243.7,1449.0,1634.8,2157.8,3520.7,6427.0,5694.0,3431.8,3224.0,2992.4,1577.2
NS10,WEEKENDS/HOLIDAY,39.5,600.6,1626.5,2239.5,2634.5,2710.2,2764.9,2652.6,2687.7,2483.6,2156.5,1949.2,1880.9,2159.7,1881.6,1373.6,1075.9,801.6,532.7,255.7,576.2,44.7,329.9,744.4,1011.6,987.6,915.1,1035.1,1255.5,1566.7,1658.0,1678.6,1805.7,2140.7,2418.7,2418.1,2406.1,2556.1,2698.1,1719.6
NS11,WEEKDAY,47.9,1080.8,5318.0,9035.5,6078.7,2784.8,1804.0,1589.9,1504.7,1438.4,1327.8,1186.2,1361.2,2669.3,3121.6,1930.0,1267.0,998.6,666.2,251.4,420.0,141.8,1261.6,2933.6,2052.0,945.2,757.9,858.2,1107.4,1350.0,1526.8,1741.6,2181.6,3357.6,6735.0,5904.1,3569.6,3237.2,2886.2,1524.8
NS11,WEEKENDS/HOLIDAY,61.8,489.9,1475.1,2218.2,2439.8,2650.4,2528.9,2507.6,2512.6,2400.4,2115.8,1991.4,2023.5,2377.7,2198.1,1666.2,1240.5,930.5,744.6,292.1,507.4,56.4,433.7,992.2,1090.4,925.2,943.6,1191.2,1472.4,1757.5,1877.6,1962.3,2077.7,2558.2,2766.5,2899.0,2781.5,2932.9,2904.5,1800.8
NS13,WEEKDAY,89.8,1201.0,4890.6,9359.3,7671.9,3780.0,2450.4,2250.8,2247.0,2271.6,2018.2,2061.1,2262.0,3560.2,4043.0,2772.0,2167.4,2103.4,1366.0,506.3,543.8,177.2,1406.0,3524.8,2799.0,1551.6,1456.0,1632.0,1947.4,2178.2,2327.8,2692.8,3305.0,5240.2,9777.8,7821.2,4423.0,3786.2,3719.5,2021.6
NS13,WEEKENDS/HOLIDAY,109.7,521.2,1660.1,2221.9,2705.4,2983.1,2829.3,2881.9,3146.5,3134.0,2989.3,2836.6,2818.1,2963.9,2746.9,2306.8,2042.9,2001.5,1486.9,560.0,579.7,78.5,482.7,1099.2,1488.1,1553.6,1756.3,2102.0,2463.4,2836.5,2784.5,2918.3,3116.5,3570.7,3819.9,3561.0,3188.0,3154.9,3344.2,2168.5
NS14,WEEKDAY,65.6,729.5,3244.8,5812.8,5329.8,2788.6,1651.0,1359.7,1309.2,1198.8,1105.2,1104.8,1194.2,1812.2,2400.8,1526.9,876.8,852.8,829.2,383.0,258.6,77.3,864.4,1911.1,1155.0,744.2,627.4,693.7,762.9,921.8,988.6,1161.0,1466.2,2529.8,4777.4,3993.3,2448.0,2380.2,2312.0,1202.0
NS14,WEEKENDS/HOLIDAY,75.1,314.5,1020.7,1463.6,1799.2,2091.2,1824.5,1704.6,1722.0,1558.8,1419.4,1369.8,1411.9,1607.5,1512.0,1137.5,805.5,779.7,824.4,407.6,295.7,42.1,274.2,582.0,676.5,730.5,862.6,860.2,959.7,1214.1,1138.3,1175.0,1285.4,1553.6,1779.1,1722.7,1642.3,1791.8,2020.2,1199.1
NS15,WEEKDAY,24.7,225.6,1160.3,2555.4,2648.2,1341.3,1009.7,1327.2,1575.0,1304.5,1423.4,1760.8,2164.0,3741.8,4603.4,1990.2,1196.0,1000.0,685.2,239.3,86.0,117.9,1077.2,4778.0,4736.8,2314.8,1131.6,1070.2,1099.3,1065.6,965.2,975.8,960.8,1446.8,2537.9,1988.4,1136.8,1053.6,1001.8,443.4
NS15,WEEKENDS/HOLIDAY,21.7,96.4,365.6,617.1,873.5,1020.2,997.9,975.4,1041.5,980.9,824.4,826.0,810.2,949.6,849.9,692.6,492.3,467.9,360.6,198.7,95.5,20.8,289.5,612.5,697.2,556.0,504.3,490.5,560.7,680.6,689.0,722.5,784.2,871.2,950.2,845.5,734.4,809.3,840.8,476.2
NS16,WEEKDAY,57.8,952.4,3334.2,6774.8,6870.4,3699.2,2444.3,2181.1,2111.1,2318.7,2147.8,1965.7,2180.6,3135.8,4168.7,2800.1,1887.5,1857.0,1394.0,564.4,388.5,145.2,1691.0,3582.2,2989.1,1794.8,1609.6,1602.6,1894.8,1983.4,2065.8,2388.8,2804.0,4361.8,8203.8,6375.3,3924.1,3682.9,3503.0,1760.2
NS16,WEEKENDS/HOLIDAY,71.9,441.1,1404.8,1871.5,2419.0,2963.8,2788.9,2717.7,2907.3,2867.0,2600.2,2555.3,2520.1,2704.0,2582.3,2190.2,1683.6,1564.5,1379.5,662.4,552.0,58.2,548.6,1066.1,1495.3,1654.5,1817.5,1951.1,2279.7,2548.8,2619.1,2659.2,2853.4,3296.6,3486.5,3185.6,2921.0,3086.5,3310.0,1893.5
NS17,WEEKDAY,46.8,301.0,2145.3,5188.200000000001,6917.7,3209.1,1992.3,2030.0,2251.1,2641.8,2482.2,2362.8,2456.6,3640.4,4507.4,3170.6000000000004,2056.3,2051.9,1254.8,416.4,149.9,62.5,1445.1,3356.6,2487.0,1679.1999999999998,1433.3999999999999,1617.0,2143.2,2234.1,2247.4,2392.0,2708.2999999999997,3957.3999999999996,7197.8,5290.0,3013.7,2507.8,2018.0,905.0999999999999
NS17,WEEKENDS/HOLIDAY,55.6,81.7,609.7,1099.8,1680.8,2140.4,2272.6000000000004,2572.8,2867.3,3004.5,2737.6000000000004,2620.8,2640.4,2668.5,2524.6,2127.8999999999996,1731.1,1565.3000000000002,1162.3,417.7,162.3,20.2,403.8,849.9000000000001,1306.7,1567.1,1756.4,1952.6,2279.8,2562.1,2439.0,2421.2,2526.9,2692.5,2760.1,2434.1,2039.0,2060.6,1763.1,915.6
NS18,WEEKDAY,13.6,174.2,1031.2,1925.8,2272.7,1207.2,776.5,758.6,791.4,704.6,633.9,575.9,625.3,983.6,1699.4,929.1,475.2,408.7,262.6,109.0,77.0,38.8,342.0,864.6,1197.4,720.9,376.6,421.8,507.1,585.6,578.8,620.8,673.6,995.0,1706.8,1359.2,1030.2,1118.6,1022.9,558.2
NS18,WEEKENDS/HOLIDAY,10.4,59.1,438.6,582.5,786.1,1016.0,938.2,874.6,909.4,806.8,715.3,651.3,675.5,800.8,729.8,587.5,379.2,294.5,210.5,98.7,97.0,9.3,106.6,315.0,383.4,367.4,363.4,408.1,513.8,607.9,565.7,609.5,681.5,712.5,766.1,779.3,802.2,941.8,995.0,581.3
NS19,WEEKDAY,25.6,291.2,1741.0,3437.0,4597.2,2630.3,1891.8,1874.4,2198.3,2132.0,1848.7,1785.2,1928.0,3174.2,4291.4,2527.6,1596.8,1441.2,882.6,306.8,142.8,126.8,1046.2,2722.9,3752.7,1899.2,1460.5,1469.0,1854.4,1987.2,1926.8,1964.6,2200.8,3126.4,5100.2,3702.0,2450.9,2435.6,2189.0,992.7
NS19,WEEKENDS/HOLIDAY,30.2,90.6,747.7,1106.3,1502.1,2019.0,2218.7,2341.1,2549.6,2561.3,2275.5,2155.9,2219.9,2303.1,2114.4,1819.2,1322.1,1119.2,795.2,323.9,170.7,36.4,393.5,689.1,1213.2,1609.8,1729.8,1794.5,1883.5,2126.0,2134.5,2185.8,2162.0,2393.3,2431.6,2160.8,2023.4,2224.1,2071.5,1081.9
NS2,WEEKDAY,32.7,467.8,2403.8,4400.6,3087.6,1484.8,1008.6,999.0,1036.8,1077.4,1020.4,1063.0,1205.8,2183.5,2744.8,1540.3,965.4,900.4,584.8,239.0,157.4,98.8,856.6,2281.5,2020.1,948.6,728.1,761.6,922.0,1005.2,1079.5,1201.1,1485.6,2518.3,4491.0,3165.4,2081.9,1650.0,1409.3,652.7
NS2,WEEKENDS/HOLIDAY,37.2,157.8,513.4,714.5,1129.8,1245.5,1335.0,1456.9,1613.1,1608.5,1417.5,1310.4,1322.7,1472.1,1518.5,1209.1,920.7,792.4,606.7,254.4,181.9,21.4,176.8,446.4,963.9,878.5,967.2,955.5,1172.7,1431.4,1300.5,1330.3,1561.5,1684.2,1758.5,1600.6,1547.5,1486.2,1326.5,694.8
NS20,WEEKDAY,10.9,55.0,361.3,1052.8,1892.2,1395.7,1389.1,1867.2,2504.8,2376.4,2039.3,2513.3,3053.3,5732.6,6290.3,3470.0,2383.8,2405.2,1093.8,256.8,21.6,110.4,1640.4,4728.0,7218.8,3702.0,2252.4,2160.3,2513.4,2625.8,2189.4,1687.2,1629.4,1834.2,2963.7,2152.5,1112.5,793.6,566.9,261.4
NS20,WEEKENDS/HOLIDAY,11.5,11.7,154.2,365.3,853.0,1160.3,1410.0,2146.4,2122.3,2589.0,2201.7,2153.2,2151.8,1889.8,2125.5,1901.1,1612.6,1656.4,859.5,216.3,32.3,32.8,933.5,1173.6,1823.6,2103.2,2258.2,2184.4,2262.9,1956.7,1575.5,1733.0,1721.5,1872.5,1598.3,1355.1,982.4,798.6,595.3,279.5
NS21,WEEKDAY,79.7,40.3,442.0,1606.0,2521.8,1495.5,1071.7,1415.8,1950.9,1448.1,1443.0,1600.8,1788.6,2998.6,4776.2,2850.6,1730.3,1553.0,1491.8,855.4,26.0,100.6,1094.0,2423.3,4489.4,2562.0,1550.2,1345.6,1458.8,2226.6,1765.8,1451.0,1582.4,2320.0,3352.8,2298.1,1450.4,1472.0,1170.2,357.8
NS21,WEEKENDS/HOLIDAY,94.1,11.9,253.9,581.9,835.6,1162.6,1310.3,1491.8,1647.0,1720.4,1603.7,1710.0,1697.6,1895.4,1795.4,1705.4,1550.3,1617.5,1557.1,964.2,28.8,36.0,555.1,907.3,1206.5,1465.2,1649.5,1827.5,1836.1,2008.5,2103.0,1919.7,2005.5,2286.5,2300.5,1861.8,1341.0,1438.8,1133.7,411.7
NS22,WEEKDAY,27.6,35.0,270.6,693.7,1272.5,1093.0,1378.6,1787.2,2436.5,3588.1,3186.2,3402.2,3848.7,5447.4,6945.4,5306.0,4696.0,5640.0,3804.8,942.5,17.6,54.2,1483.2,3352.6,6131.5,5565.0,4185.5,4177.3,4939.9,3847.9,3417.4,3124.2,3138.8,3631.9,5735.7,3791.0,1851.7,1156.2,740.8,303.7
NS22,WEEKENDS/HOLIDAY,33.4,31.9,190.0,346.7,602.1,1194.0,2026.1,2844.6,3358.6,4012.3,4524.1,5293.8,6043.5,6741.9,6683.2,5673.2,4786.7,5484.0,3919.4,1068.2,28.8,22.4,883.8,1628.5,3073.3,5672.5,5971.5,6096.0,6131.9,6217.5,5716.5,5576.6,5405.5,4592.5,3940.8,3035.3,2093.0,1351.7,889.2,409.3
NS23,WEEKDAY,38.5,23.5,185.0,546.2,1013.6,697.0,676.0,902.2,1339.1,1971.6,1737.8,1830.6,2113.8,3085.5,4368.6,3078.9,2849.8,3477.9,3084.2,1102.5,15.0,32.1,668.4,1627.0,3393.6,2827.9,2045.3,2166.9,2725.6,2275.8,1991.2,1866.2,1987.8,2528.4,4621.2,3146.1,1462.8,923.8,635.7,273.8
NS23,WEEKENDS/HOLIDAY,49.7,12.7,123.7,188.3,299.5,503.2,716.9,921.6,1300.0,1721.3,2209.0,2730.7,2962.3,3246.1,3118.2,2948.2,2753.0,3128.3,2888.4,1147.3,23.9,10.1,398.3,737.2,908.5,1707.9,2123.5,2797.3,3037.5,3194.3,3265.1,2904.7,2794.3,2818.6,2672.1,2060.9,1430.9,1023.0,699.8,352.3
NS27,WEEKDAY,2.0,7.800000000000001,18.2,45.5,64.9,57.199999999999996,78.10000000000001,221.7,314.7,145.5,137.39999999999998,162.9,293.59999999999997,966.0,2183.1,1122.0,504.6,279.7,173.1,66.6,4.8999999999999995,0.4,243.89999999999998,620.6,2044.8000000000002,1156.8,329.4,206.0,218.4,394.8,252.6,193.4,188.5,221.0,246.8,224.5,143.6,79.6,52.5,33.1
NS27,WEEKENDS/HOLIDAY,1.5999999999999999,4.7,22.5,29.6,31.8,38.800000000000004,61.300000000000004,95.9,119.2,126.0,118.30000000000001,141.3,191.6,196.9,180.0,201.7,370.4,265.6,143.9,52.4,4.3999999999999995,0.4,44.0,124.7,115.0,127.5,179.10000000000002,243.0,278.9,298.1,318.40000000000003,374.9,419.79999999999995,474.5,420.1,370.20000000000005,226.4,109.6,63.4,29.9
NS28,WEEKDAY,0.8,5.1,142.6,29.0,49.9,106.0,153.8,81.5,86.2,146.8,191.2,154.4,186.5,187.3,137.4,127.4,111.2,62.0,47.8,18.0,1.6,0.0,39.6,199.0,124.8,159.9,147.2,77.8,79.9,131.0,198.0,166.4,185.4,116.3,100.6,70.8,60.0,65.8,70.1,26.6
NS28,WEEKENDS/HOLIDAY,1.2,4.2,107.8,28.5,40.1,52.9,156.8,179.2,145.0,111.5,155.3,170.5,313.7,248.5,273.2,240.0,152.2,112.5,94.2,37.5,1.5,0.0,29.7,131.7,208.7,187.5,199.5,168.1,203.9,191.9,170.9,143.0,156.9,151.0,147.8,124.9,92.0,78.9,69.4,26.5
NS3,WEEKDAY,19.2,523.6,2167.2,3582.8,2400.2,1248.7,904.3,894.2,861.2,825.2,669.7,718.2,687.4,956.8,988.3,812.6,523.6,533.2,366.9,168.7,126.5,46.0,471.4,842.2,635.9,553.4,497.4,499.0,587.2,645.0,713.9,810.6,1033.0,1679.0,2940.4,2299.4,1529.2,1226.2,978.2,465.4
NS3,WEEKENDS/HOLIDAY,13.5,139.1,503.2,580.3,1046.5,1080.0,1151.9,1233.2,1175.3,1123.5,929.4,906.2,871.9,950.5,909.7,721.5,475.3,379.0,290.6,124.4,140.9,14.4,126.4,303.6,668.5,659.8,619.6,677.8,735.7,800.7,871.6,819.5,848.0,1025.0,1061.4,1010.5,1046.6,1040.6,936.3,489.1
NS4,WEEKDAY,71.5,727.0,3392.3,6133.599999999999,4059.0,2015.1,1498.8000000000002,1472.5,1566.2,1562.0,1600.0,1557.8999999999999,1842.2,3157.7,3739.8,2031.4,1406.0,1263.1000000000001,800.5,334.40000000000003,236.0,275.6,2142.6,3713.5,1688.0,1062.2,1061.0,1151.8,1381.2,1526.6000000000001,1655.9,1877.4,2279.2000000000003,3631.8,6158.9,4886.1,2981.1,2531.2,1997.1,988.5
NS4,WEEKENDS/HOLIDAY,85.6,238.9,883.9,1246.6000000000001,1806.5,1833.2,1906.5,2091.6,2211.9,2153.6,2034.5,1903.6000000000001,1909.6,2161.0,2019.1999999999998,1640.1,1292.7,1121.2,890.3,375.7,289.5,115.30000000000001,491.9,724.3,1128.4,1231.5,1359.3,1541.4,1737.9,1960.0,1965.8,1978.5,2102.8,2413.0,2581.0,2510.2000000000003,2380.8,2172.4,1907.4,1116.2
NS5,WEEKDAY,23.1,780.3,3637.0,6579.8,4242.6,1893.8,1341.0,1243.6,1255.7,1181.5,1094.6,1061.4,1119.2,2184.7,2551.1,1271.4,813.4,773.2,495.3,172.0,286.2,99.0,1113.5,2290.8,1315.4,646.4,592.5,688.4,886.8,1023.8,1079.5,1266.8,1636.9,2624.6,4900.3,3946.3,2501.6,2047.9,1735.8,876.8
NS5,WEEKENDS/HOLIDAY,29.2,237.6,703.9,936.8,1736.9,1738.3,1795.3,1703.0,1780.1,1658.8,1366.2,1346.6,1379.1,1494.3,1354.7,1039.3,789.7,703.4,496.1,204.0,290.4,26.6,186.8,418.9,678.4,774.5,801.9,885.1,1099.2,1343.8,1336.1,1337.5,1470.5,1731.9,1845.8,1804.9,1827.5,1794.0,1639.5,967.1
NS7,WEEKDAY,39.8,1037.2,2723.1,2741.4,1230.5,1144.6,906.0,786.6,769.6,739.8,678.6,789.8,899.0,1742.3,1760.5,1124.6,848.0,833.6,870.6,276.8,136.4,214.0,788.8,2109.9,1952.6,1091.0,815.6,722.6,724.2,763.8,651.2,805.4,1030.0,1383.8,1707.8,1576.4,1103.6,1152.3,1266.0,581.4
NS7,WEEKENDS/HOLIDAY,89.8,369.7,1083.9,1111.2,1057.3,1115.3,1007.9,989.5,1089.1,1076.9,930.8,1125.0,1239.5,2073.5,1844.4,1339.9,929.9,1023.5,756.2,568.4,145.1,135.5,633.3,884.3,1150.2,936.2,856.8,1067.9,1654.0,1259.6,855.6,831.3,861.1,1087.1,1169.1,1273.4,1177.5,1130.5,1180.4,681.1
NS8,WEEKDAY,44.8,923.6,3157.4,4500.2,2842.1,1696.2,1169.4,1038.6,960.0,947.9,835.6,846.2,1005.8,1650.8,1823.8,1248.5,804.3,662.6,433.9,193.4,178.0,100.2,707.6,1492.2,1084.4,730.0,513.0,490.7,568.1,672.9,696.8,785.4,1057.2,1825.0,3107.6,2443.8,1637.2,1361.2,1143.0,613.0
NS8,WEEKENDS/HOLIDAY,75.4,230.4,711.6,858.5,1236.1,1420.5,1242.5,1274.5,1290.9,1264.1,1082.2,992.5,950.2,1121.3,1148.2,967.7,760.0,617.0,522.5,293.6,191.1,33.5,261.8,472.5,914.2,694.4,650.9,682.4,737.3,808.9,808.2,801.1,915.5,1172.5,1158.9,1044.7,1110.2,1010.5,982.1,606.3
NS9,WEEKDAY,91.6,997.7,3740.4,5977.1,4067.4,2252.7,1690.6,1793.6,1844.8,1781.4,1815.8,2064.0,2454.4,3161.2,3857.6,2483.2,1822.0,1887.8,1282.0,451.8,472.2,368.8,2072.4,3985.2,3897.8,1953.3,1508.1,1755.6,2098.8,2052.4,2155.4,2449.1,2904.4,4477.0,7577.4,6268.8,3801.0,3092.2,2725.9,1515.0
NS9,WEEKENDS/HOLIDAY,128.5,390.8,1273.8,1846.2,1879.6,1900.5,1896.7,2130.9,2488.3,2522.7,2527.5,2433.5,2555.6,2668.9,2599.3,2204.5,2025.8,1978.5,1431.2,552.3,473.5,239.9,1144.2,1771.4,1675.1,1760.2,1937.5,2061.9,2427.8,2720.9,2543.9,2526.4,2730.5,3181.9,3342.9,3040.4,2787.6,2371.3,2358.6,1555.3
PE1,WEEKDAY,3.0,57.4,334.0,575.1,522.6,290.2,191.0,186.6,153.2,221.4,154.0,144.2,143.4,184.8,187.6,159.0,76.6,48.8,28.4,10.8,32.5,10.2,65.1,219.0,94.4,68.8,79.6,94.0,124.2,200.0,164.4,179.8,210.0,269.2,434.6,451.2,325.5,276.9,228.7,125.8
PE1,WEEKENDS/HOLIDAY,3.2,29.2,85.0,119.1,219.7,239.1,254.7,235.0,241.5,206.1,179.6,174.7,184.9,201.0,186.0,160.3,90.8,50.5,38.8,16.6,41.1,4.4,18.3,40.1,65.3,80.3,108.8,125.0,159.8,183.8,168.5,171.7,158.8,186.6,212.9,233.1,240.6,251.7,227.3,125.3
PE2,WEEKDAY,2.2,102.1,532.8,953.0,767.9,401.2,299.3,262.7,232.7,426.2,250.6,221.5,234.2,296.9,275.7,203.5,111.4,62.3,39.2,15.0,43.0,5.2,180.4,346.2,118.4,110.2,98.6,129.6,172.4,294.6,233.9,269.1,303.5,421.4,614.1,660.8,462.8,385.8,305.5,161.2
PE2,WEEKENDS/HOLIDAY,2.8,38.0,118.5,206.5,325.4,347.1,371.8,358.3,356.4,317.5,256.5,232.2,238.8,296.8,288.0,198.1,117.3,66.5,41.6,17.3,51.8,2.5,14.9,43.5,72.5,109.5,124.7,159.2,201.4,254.7,251.5,255.2,242.7,279.0,298.5,335.8,355.3,369.6,322.5,186.3
PE3,WEEKDAY,3.0,76.0,416.2,834.0,703.2,414.3,306.5,300.7,309.9,312.6,247.2,378.0,314.3,355.0,330.8,249.0,155.2,153.6,49.2,16.2,32.0,6.2,83.3,223.7,402.6,189.6,165.7,200.8,241.0,310.0,297.9,364.6,356.8,455.4,706.9,755.0,466.2,336.8,243.4,128.7
PE3,WEEKENDS/HOLIDAY,3.5,30.5,102.2,153.8,285.6,329.7,415.9,395.0,432.2,404.8,307.7,291.3,283.2,311.8,327.3,252.5,159.4,107.9,50.6,19.6,37.2,3.5,36.0,79.1,185.0,223.3,260.8,259.6,259.9,314.6,292.6,302.5,305.5,315.2,343.0,365.6,334.5,335.4,262.1,146.4
PE4,WEEKDAY,2.5,28.9,149.5,260.4,193.6,81.6,61.6,57.3,61.8,66.0,49.0,50.4,55.2,77.4,89.0,68.7,42.6,35.6,31.8,17.2,14.0,3.7,34.0,39.8,39.6,33.4,28.0,33.6,41.8,73.3,78.6,75.4,82.8,101.4,148.2,180.3,128.6,102.6,86.0,53.0
PE4,WEEKENDS/HOLIDAY,4.5,14.7,31.5,45.8,72.5,87.5,120.1,119.5,97.5,91.5,70.0,66.9,84.1,97.8,101.6,86.6,69.8,44.3,46.1,24.7,14.6,0.3,13.2,33.6,54.5,64.4,58.7,60.8,69.7,86.5,97.1,92.5,84.1,92.8,109.4,122.6,111.5,109.5,98.1,54.5
PE5,WEEKDAY,3.4,105.8,614.0,1029.2,743.7,365.9,265.4,239.0,243.0,378.4,185.4,217.7,215.8,312.1,286.7,205.4,111.6,70.0,41.2,11.0,43.6,5.4,69.9,353.0,163.6,111.2,114.3,138.8,175.6,325.0,277.6,296.0,329.6,418.6,625.8,641.6,420.0,359.6,265.8,149.2
PE5,WEEKENDS/HOLIDAY,1.2,49.3,120.7,214.4,301.7,345.5,351.6,348.3,339.4,298.7,242.4,237.9,252.0,284.5,252.5,197.8,117.5,72.0,47.0,17.5,47.0,2.1,24.1,58.8,106.1,115.5,132.7,162.7,207.9,232.4,256.5,232.1,235.5,258.0,292.1,298.9,307.7,358.3,273.0,158.3
PE6,WEEKDAY,4.4,72.1,434.1,800.8,681.9,382.3,320.4,323.3,335.1,333.4,296.6,301.4,363.3,389.6,344.3,287.6,228.3,224.3,106.3,20.7,25.4,5.8,75.5,273.5,252.5,264.4,262.0,242.2,242.1,359.8,351.8,333.9,353.4,462.4,743.8,731.0,416.0,282.4,203.4,111.8
PE6,WEEKENDS/HOLIDAY,4.5,27.0,89.6,156.5,262.0,327.1,386.8,425.8,453.2,427.4,383.3,343.9,322.3,336.4,341.9,318.0,273.4,234.7,133.0,24.9,30.7,2.3,40.8,96.0,180.4,262.9,305.2,335.9,322.9,364.7,327.7,302.9,324.5,350.5,413.8,407.1,314.8,257.8,207.5,108.1
PE7,WEEKDAY,1.0,73.7,408.4,670.1,559.0,294.5,226.4,193.5,172.9,229.3,144.2,134.1,171.2,215.2,209.6,154.8,82.2,55.0,27.2,9.0,22.0,3.0,47.6,178.6,115.8,99.2,93.6,109.2,138.1,202.2,206.6,193.8,231.8,312.8,508.2,494.8,323.2,277.4,199.6,104.3
PE7,WEEKENDS/HOLIDAY,1.0,36.3,83.5,135.0,228.9,271.1,308.8,292.1,259.0,235.4,195.9,177.0,184.6,206.5,195.8,148.3,94.2,60.7,32.5,11.1,24.0,0.7,11.3,33.2,57.0,75.1,106.3,141.2,173.4,205.1,212.1,200.8,195.4,200.5,226.0,222.2,246.6,256.0,208.5,100.2
PW1,WEEKDAY,0.8,0.2,1.0,12.1,15.2,13.4,14.2,18.2,22.1,23.0,22.4,32.2,51.1,72.8,67.2,55.6,49.4,63.8,24.2,6.6,0.7,1.5,16.0,48.2,35.0,37.2,29.4,28.3,32.0,35.0,49.5,59.2,54.8,54.2,62.5,55.4,19.1,9.8,7.5,2.1
PW1,WEEKENDS/HOLIDAY,1.4,0.2,2.3,3.5,5.2,13.4,48.6,70.7,81.6,75.5,82.8,77.1,93.4,110.3,101.5,82.5,57.8,33.3,22.0,8.8,2.6,0.5,9.6,25.7,75.3,79.8,88.7,73.5,67.8,88.1,100.6,95.1,78.8,55.7,46.8,31.4,16.6,12.1,8.1,4.9
PW3,WEEKDAY,0.6,6.4,45.2,55.4,39.4,19.0,9.5,16.6,32.7,16.4,10.8,11.7,24.4,82.6,140.3,146.0,61.3,31.4,15.7,3.0,2.8,2.4,48.4,234.4,141.0,36.0,14.2,13.0,25.0,22.2,15.8,14.8,21.0,34.8,53.0,36.0,32.2,19.9,12.4,8.1
PW3,WEEKENDS/HOLIDAY,0.3,4.7,31.3,46.9,24.6,20.4,16.4,22.8,44.1,24.9,24.0,37.1,64.4,85.7,84.2,83.2,31.7,10.8,5.7,1.4,3.4,1.4,27.4,143.7,82.7,32.8,15.9,12.5,16.2,16.3,16.2,13.5,17.0,30.6,53.7,49.0,41.9,36.3,34.8,17.8
PW4,WEEKDAY,0.2,9.2,45.4,16.8,21.4,27.2,10.1,11.2,40.3,7.9,8.3,18.0,28.9,55.1,109.1,63.8,20.3,22.8,7.8,2.2,3.4,0.0,11.1,176.6,99.2,22.0,7.8,37.5,16.6,11.6,9.2,23.2,25.2,16.0,19.2,17.8,22.0,19.8,15.8,7.6
PW4,WEEKENDS/HOLIDAY,0.7,7.9,29.5,12.8,12.4,17.6,18.3,28.6,33.3,18.0,21.3,29.1,53.9,73.7,69.6,41.6,11.9,9.5,10.2,2.6,4.5,0.1,5.9,102.0,51.0,18.4,11.5,15.6,10.3,11.8,11.5,13.9,16.6,20.5,20.3,31.9,35.1,35.4,36.7,17.8
PW5,WEEKDAY,0.9,84.7,390.1,583.3,281.4,146.2,113.5,109.6,102.4,255.4,81.0,86.4,125.5,139.8,140.5,88.8,66.8,47.2,27.8,11.0,43.6,4.2,73.6,237.6,75.2,60.7,68.3,71.2,85.0,145.6,99.2,110.5,141.0,235.6,366.2,427.4,361.6,299.7,274.7,135.4
PW5,WEEKENDS/HOLIDAY,1.0,68.3,387.9,340.4,214.0,176.3,184.7,178.9,174.1,144.5,135.2,134.6,151.7,160.8,143.4,109.8,91.7,61.9,41.5,11.9,57.4,1.1,20.8,56.1,61.0,73.4,80.4,87.2,100.0,120.1,142.0,134.3,159.1,230.6,276.6,334.5,335.4,323.1,264.8,188.7
PW6,WEEKDAY,0.4,32.3,125.1,218.4,187.2,85.4,56.8,54.6,56.8,48.6,32.8,29.5,41.0,51.4,42.2,34.3,19.0,14.2,5.6,2.8,9.6,2.0,8.6,17.8,32.3,23.8,22.6,30.6,31.2,52.9,52.2,50.8,63.0,89.4,131.6,123.6,91.6,66.8,55.6,29.8
PW6,WEEKENDS/HOLIDAY,0.4,9.5,28.6,40.9,65.1,80.1,85.2,81.8,76.0,60.2,53.0,57.1,49.3,54.7,41.8,31.5,19.4,17.0,8.2,3.5,7.6,1.5,3.5,8.4,13.5,25.2,22.1,34.6,39.9,49.8,56.8,46.1,51.9,49.5,52.7,55.3,62.0,59.7,52.5,34.8
PW7,WEEKDAY,3.0,37.0,213.4,376.1,241.8,131.2,94.2,87.5,79.6,95.6,64.4,67.0,88.3,108.4,130.2,125.2,78.2,65.2,35.4,20.0,19.0,10.2,77.2,146.6,91.4,69.3,58.1,61.8,76.0,156.6,103.4,94.1,138.1,190.7,279.2,243.1,167.6,137.6,112.4,65.2
PW7,WEEKENDS/HOLIDAY,4.4,16.0,40.2,84.6,96.9,120.9,141.6,115.7,112.4,103.8,88.5,86.5,94.3,109.3,110.6,97.5,61.6,50.5,33.0,19.1,19.6,4.6,48.4,77.2,51.7,48.0,62.6,79.2,92.6,102.1,113.3,106.1,111.5,110.4,124.7,126.1,132.2,127.3,123.5,74.1
SE1,WEEKDAY,3.4,78.2,440.2,696.0,626.6,321.5,224.6,175.4,208.3,183.2,197.4,272.5,163.2,244.5,305.4,176.3,86.9,75.0,42.4,19.2,31.7,37.4,206.6,560.2,138.3,97.7,86.4,108.0,124.8,170.5,201.5,195.0,214.2,296.0,486.0,528.1,363.8,320.2,264.0,146.8
SE1,WEEKENDS/HOLIDAY,5.2,36.4,122.2,163.1,233.7,272.4,281.1,273.5,257.9,233.6,216.0,189.4,198.8,211.9,188.2,157.2,93.2,57.5,54.5,26.2,39.7,15.3,38.2,54.4,85.1,99.3,122.9,152.4,174.6,201.5,198.2,192.8,199.1,200.6,223.5,242.0,260.8,278.1,258.4,148.0
SE2,WEEKDAY,2.0,169.2,658.6,1135.2,892.5,429.0,308.6,247.2,237.5,254.6,186.0,171.6,188.9,235.6,230.4,176.5,109.8,92.5,54.0,10.6,40.6,3.6,41.4,128.4,124.6,126.2,130.8,142.4,158.6,220.6,259.2,284.2,319.6,419.6,727.9,760.8,500.1,410.8,326.7,191.7
SE2,WEEKENDS/HOLIDAY,2.9,68.5,172.8,254.5,330.2,369.0,386.0,372.9,365.5,315.7,267.8,241.5,252.8,278.9,255.6,191.3,125.8,92.1,50.2,14.0,47.8,2.5,20.3,57.3,121.1,144.4,180.3,190.5,214.7,240.5,266.8,253.9,255.0,287.5,310.8,337.5,335.0,348.0,318.6,198.0
SE3,WEEKDAY,0.8,92.6,378.4,699.1,523.6,258.8,157.7,143.9,136.2,147.6,121.7,96.2,109.8,118.6,124.6,100.8,59.6,50.3,18.8,7.6,31.3,0.6,42.2,140.4,52.7,40.0,51.2,58.6,85.6,126.6,148.4,160.5,170.6,220.4,381.8,425.9,306.0,260.2,218.2,125.4
SE3,WEEKENDS/HOLIDAY,1.2,36.3,94.7,129.2,176.5,204.8,196.6,203.3,237.0,197.6,163.5,146.8,144.7,164.0,151.8,116.0,65.3,57.1,24.7,7.7,35.1,0.7,7.6,40.5,63.0,60.9,65.1,91.0,115.9,122.3,151.9,147.5,148.5,151.8,186.6,203.0,208.8,209.6,201.9,125.5
SE4,WEEKDAY,1.7,71.0,298.9,577.0,518.6,266.6,223.8,213.3,197.0,167.8,145.9,124.2,142.0,187.8,180.7,143.8,98.6,81.6,39.2,12.0,26.6,7.2,33.8,127.8,134.6,115.0,108.8,107.6,123.2,173.7,174.6,182.6,202.6,285.2,423.0,456.2,288.8,227.6,202.2,117.9
SE4,WEEKENDS/HOLIDAY,2.5,33.8,87.9,129.3,215.2,266.5,289.9,282.8,261.5,213.3,189.7,164.5,165.2,179.4,177.0,139.4,94.6,68.5,37.8,12.8,31.2,4.1,26.3,81.0,155.3,152.2,150.5,132.9,160.5,163.8,180.1,161.1,174.9,180.1,193.8,208.1,200.4,200.1,183.5,113.9
SE5,WEEKDAY,1.6,47.0,227.8,388.6,307.0,159.3,134.8,113.8,131.8,189.4,234.4,148.1,133.8,173.8,216.5,142.2,69.2,58.4,23.3,11.6,14.9,22.2,149.1,527.1,133.4,55.8,47.4,63.2,78.2,115.8,129.1,135.2,138.0,182.6,287.7,287.8,218.8,178.6,137.8,64.3
SE5,WEEKENDS/HOLIDAY,2.9,24.5,53.7,93.5,131.9,154.2,177.6,171.9,182.9,155.1,121.0,130.4,125.6,141.3,137.4,112.5,66.2,41.3,27.4,14.9,18.3,4.5,28.4,35.5,56.1,59.4,68.3,85.8,111.1,120.1,142.0,127.3,130.4,141.8,155.0,161.3,170.0,174.0,142.3,73.7
SW1,WEEKDAY,2.8,11.0,80.6,195.8,180.2,88.0,70.0,94.2,110.2,93.1,84.6,107.8,163.3,251.2,209.6,111.2,92.4,89.2,38.8,13.4,4.8,6.5,118.6,230.6,265.9,106.0,84.0,102.5,130.4,132.3,125.0,97.2,85.8,123.0,162.5,166.4,122.9,70.1,48.4,23.6
SW1,WEEKENDS/HOLIDAY,5.3,2.5,13.1,50.5,58.7,65.5,78.4,82.6,97.5,92.1,92.6,89.3,105.0,83.0,98.6,81.5,72.0,77.4,41.7,16.5,5.3,2.5,63.9,59.1,57.1,53.8,55.5,87.9,103.1,97.0,78.9,66.0,75.3,88.4,87.1,80.8,90.0,57.5,41.0,21.3
SW2,WEEKDAY,3.0,48.8,304.7,535.4,466.3,227.8,180.4,196.0,161.5,184.2,129.1,139.1,168.4,207.4,243.6,222.8,149.4,97.4,48.6,20.2,17.8,10.4,56.2,140.1,140.4,112.8,98.6,118.7,136.7,156.2,177.6,197.8,246.6,327.7,430.3,388.6,244.6,196.7,144.6,72.2
SW2,WEEKENDS/HOLIDAY,5.2,20.8,56.7,97.9,192.4,216.0,301.4,327.9,313.8,279.9,224.5,213.5,223.5,257.5,244.5,208.4,136.5,94.0,48.9,23.6,16.6,6.3,29.0,67.5,156.7,182.0,196.2,183.7,195.3,206.2,226.5,236.5,223.1,237.6,211.2,203.9,194.0,189.3,148.4,84.6
SW3,WEEKDAY,0.4,56.4,246.0,467.6,290.4,145.7,127.2,118.0,116.9,162.5,87.4,71.2,100.3,120.8,111.4,74.2,42.2,31.6,20.4,10.2,19.7,3.0,39.4,119.8,71.0,45.3,53.3,69.3,81.2,141.8,115.4,113.6,139.8,192.5,281.4,261.8,168.5,146.0,135.8,72.5
SW3,WEEKENDS/HOLIDAY,1.0,29.1,60.1,91.8,117.2,150.1,152.7,135.2,128.1,123.5,98.2,87.7,103.9,110.1,96.9,88.4,53.0,33.5,20.6,10.5,22.0,1.4,13.5,19.5,35.6,42.3,50.5,63.6,85.7,99.5,106.6,95.3,99.9,122.9,129.5,138.9,134.7,137.2,129.5,71.7
SW4,WEEKDAY,1.0,18.8,120.6,213.4,139.8,55.6,46.8,47.3,51.9,44.0,33.4,33.8,44.4,68.0,99.0,58.6,40.7,23.2,13.3,7.2,10.4,0.4,16.4,70.2,66.3,36.0,28.4,27.4,38.6,65.8,60.0,56.4,56.4,77.5,125.4,158.8,92.0,77.4,63.4,29.9
SW4,WEEKENDS/HOLIDAY,2.3,7.9,27.5,44.5,54.0,58.8,76.0,74.1,74.1,72.7,57.8,54.6,68.5,65.3,67.1,68.4,41.8,44.3,32.1,10.4,11.6,0.0,4.6,26.8,41.5,40.0,43.1,49.1,54.5,57.5,70.4,57.5,61.2,66.5,93.6,82.9,79.6,73.6,70.8,33.6
SW5,WEEKDAY,6.0,157.1,651.5,1218.8,855.6,421.0,328.2,314.0,351.3,429.1,344.3,312.6,338.6,412.3,409.2,327.2,246.9,232.0,175.8,46.2,48.0,6.8,93.5,316.6,199.0,223.6,218.2,264.2,316.6,366.6,328.2,350.4,423.8,516.8,874.2,873.2,532.6,391.4,319.1,172.6
SW5,WEEKENDS/HOLIDAY,9.4,68.7,165.9,255.6,359.1,400.9,457.3,465.5,485.6,498.3,441.3,407.7,416.6,403.2,399.9,340.3,307.7,247.8,204.9,55.5,61.5,2.5,36.4,98.5,174.9,275.0,317.9,361.0,391.2,438.0,396.5,365.9,407.2,452.8,481.6,476.2,405.8,379.1,333.9,194.0
SW6,WEEKDAY,0.5,74.8,408.6,638.4,511.0,257.4,182.6,170.1,158.4,157.4,205.4,167.0,159.6,184.8,260.0,126.3,69.3,44.4,30.7,9.5,24.1,5.0,123.0,407.6,112.2,76.9,70.2,90.8,106.8,157.6,171.0,182.3,198.2,247.8,409.8,433.4,281.6,221.8,178.9,95.6
SW6,WEEKENDS/HOLIDAY,0.8,37.9,83.4,143.7,189.7,222.3,216.5,199.1,202.2,177.0,151.3,140.0,148.4,159.6,140.2,108.1,70.1,50.1,33.5,14.5,28.6,0.7,18.9,38.5,55.5,70.9,75.8,97.9,108.3,137.5,150.8,144.0,152.9,176.5,176.1,196.0,184.4,201.2,179.9,90.2
SW7,WEEKDAY,0.5,58.0,288.4,495.6,401.4,208.0,149.8,127.6,134.2,162.0,109.8,93.1,111.3,181.4,151.2,121.7,73.4,53.2,28.3,6.8,19.0,5.0,39.0,257.4,90.4,52.0,56.5,78.4,94.8,125.0,125.2,130.6,142.6,188.7,300.6,331.5,217.5,177.8,145.6,78.0
SW7,WEEKENDS/HOLIDAY,0.5,23.2,69.5,104.0,156.2,179.5,189.5,180.8,179.8,163.9,134.3,134.1,129.5,154.6,146.1,122.5,66.3,36.5,27.0,5.7,26.9,2.2,13.7,60.5,60.5,60.6,68.0,84.2,107.0,118.5,124.9,122.2,128.4,130.5,146.0,154.4,159.8,167.7,154.2,84.8
SW8,WEEKDAY,1.4,31.8,168.0,280.2,225.3,132.8,120.2,111.6,163.7,96.4,104.1,93.2,99.9,201.2,143.4,84.2,49.4,38.2,28.2,9.2,13.9,9.6,68.4,231.7,106.4,48.8,42.4,64.0,97.1,173.6,111.4,115.6,109.4,137.1,193.0,197.3,137.8,123.9,105.2,53.8
SW8,WEEKENDS/HOLIDAY,1.8,12.9,43.5,70.5,132.4,113.0,122.0,142.1,113.3,113.8,119.6,89.5,78.8,107.8,110.2,85.6,45.9,31.9,24.2,7.2,15.3,2.8,20.6,67.5,47.4,43.1,49.5,74.5,94.9,110.7,105.6,79.8,91.6,103.5,100.5,105.6,117.3,123.3,113.9,59.6
