DAY_TYPE,PT_CODE,TOTAL_TAP_IN_VOLUME,TOTAL_TAP_OUT_VOLUME
WEEKDAY,BP10,4545,4535
WEEKDAY,BP11,4883,4130
WEEKDAY,BP12,4463,3867
WEEKDAY,BP13,2280,2001
WEEKDAY,BP2,4557,3491
WEEKDAY,BP3,5462,4564
WEEKDAY,BP4,5612,5270
WEEKDAY,BP5,2814,2151
WEEKDAY,BP6,14128,17870
WEEKDAY,BP7,2044,1821
WEEKDAY,BP8,3393,3161
WEEKDAY,BP9,3711,3628
WEEKDAY,CC1-NE6-NS24,36405,34960
WEEKDAY,CC10,18057,16936
WEEKDAY,CC11,20903,21252
WEEKDAY,CC12,7403,6191
WEEKDAY,CC14,8904,8337
WEEKDAY,CC16,12463,11763
WEEKDAY,CC17,4540,4478
WEEKDAY,CC19,7060,7558
WEEKDAY,CC2,5186,5599
WEEKDAY,CC20,6267,6122
WEEKDAY,CC21,9153,10065
WEEKDAY,CC23,18691,18360
WEEKDAY,CC24,21678,21293
WEEKDAY,CC25,7838,7334
WEEKDAY,CC26,6053,6205
WEEKDAY,CC27,9095,9069
WEEKDAY,CC28,4133,4524
WEEKDAY,CC3,8098,7803
WEEKDAY,CC4-DT15,20675,21482
WEEKDAY,CC5,5200,5470
WEEKDAY,CC6,9405,9775
WEEKDAY,CC7,8142,8358
WEEKDAY,CC8,9486,8229
WEEKDAY,CE1,26015,25948
WEEKDAY,CG1,20215,20588
WEEKDAY,CG2,24736,24636
WEEKDAY,DT1,32758,31993
WEEKDAY,DT10,6037,4824
WEEKDAY,DT11,31382,33704
WEEKDAY,DT13,9600,9936
WEEKDAY,DT17,28494,29157
WEEKDAY,DT18,21530,22784
WEEKDAY,DT2,3281,2518
WEEKDAY,DT20,7460,8252
WEEKDAY,DT21,7380,7410
WEEKDAY,DT22,6932,7289
WEEKDAY,DT23,5058,5112
WEEKDAY,DT24,5622,5291
WEEKDAY,DT25,4179,4298
WEEKDAY,DT27,8481,8201
WEEKDAY,DT28,11779,11004
WEEKDAY,DT29,7582,6848
WEEKDAY,DT3,8645,7393
WEEKDAY,DT30,8151,7888
WEEKDAY,DT31,8901,9393
WEEKDAY,DT32,22034,24126
WEEKDAY,DT33,19711,18351
WEEKDAY,DT34,5284,4839
WEEKDAY,DT5,14450,14257
WEEKDAY,DT6,8717,7264
WEEKDAY,DT7,4306,5429
WEEKDAY,DT8,5737,5456
WEEKDAY,EW1,34374,32250
WEEKDAY,EW10,12231,12432
WEEKDAY,EW11,21767,21801
WEEKDAY,EW12,55075,56662
WEEKDAY,EW13-NS25,41629,43064
WEEKDAY,EW14-NS26,68171,66931
WEEKDAY,EW15,52718,55270
WEEKDAY,EW16,32664,31941
WEEKDAY,EW17,29955,31098
WEEKDAY,EW18,20466,20845
WEEKDAY,EW19,16215,14913
WEEKDAY,EW2,34084,34714
WEEKDAY,EW20,17188,16518
WEEKDAY,EW21,30830,28686
WEEKDAY,EW22,20070,20032
WEEKDAY,EW23,48135,49232
WEEKDAY,EW24-NS1,80757,85963
WEEKDAY,EW25,10210,8697
WEEKDAY,EW26,35881,31098
WEEKDAY,EW27,50350,58621
WEEKDAY,EW28,32169,23774
WEEKDAY,EW29,18807,18688
WEEKDAY,EW3,19355,19600
WEEKDAY,EW30,3504,3011
WEEKDAY,EW31,4106,3417
WEEKDAY,EW32,3726,3604
WEEKDAY,EW33,3351,3563
WEEKDAY,EW4,19395,17382
WEEKDAY,EW5,36405,35679
WEEKDAY,EW6,12173,14180
WEEKDAY,EW7,15402,18084
WEEKDAY,EW8,42853,45794
WEEKDAY,EW9,24023,23280
WEEKDAY,NE1,45822,45539
WEEKDAY,NE10,16089,16291
WEEKDAY,NE11,6160,5725
WEEKDAY,NE12,61508,63669
WEEKDAY,NE13,21501,21828
WEEKDAY,NE14,33632,32087
WEEKDAY,NE15,18020,16652
WEEKDAY,NE16-STC,44674,46022
WEEKDAY,NE17-PTC,39451,37910
WEEKDAY,NE4,54728,54564
WEEKDAY,NE5,16149,17982
WEEKDAY,NE7,27537,29065
WEEKDAY,NE8,26268,28795
WEEKDAY,NE9,24234,21519
WEEKDAY,NS10,49701,43234
WEEKDAY,NS11,46222,45143
WEEKDAY,NS13,60805,64069
WEEKDAY,NS14,35474,31035
WEEKDAY,NS15,37300,34840
WEEKDAY,NS16,54033,57928
WEEKDAY,NS17,52448,50372
WEEKDAY,NS18,16876,15184
WEEKDAY,NS19,41784,43649
WEEKDAY,NS2,29053,29771
WEEKDAY,NS20,43331,43165
WEEKDAY,NS21,33934,35921
WEEKDAY,NS22,56245,61130
WEEKDAY,NS23,34194,37151
WEEKDAY,NS27,7248,6808
WEEKDAY,NS28,1589,1705
WEEKDAY,NS3,19605,18507
WEEKDAY,NS4,41450,44104
WEEKDAY,NS5,34216,32002
WEEKDAY,NS7,20985,19616
WEEKDAY,NS8,27176,21223
WEEKDAY,NS9,51317,62787
WEEKDAY,PE1,3781,3779
WEEKDAY,PE2,5900,5433
WEEKDAY,PE3,6029,6138
WEEKDAY,PE4,1587,1517
WEEKDAY,PE5,5763,5390
WEEKDAY,PE6,6408,6152
WEEKDAY,PE7,4057,3864
WEEKDAY,PW1,588,613
WEEKDAY,PW3,654,672
WEEKDAY,PW4,490,512
WEEKDAY,PW5,2660,3099
WEEKDAY,PW6,1175,987
WEEKDAY,PW7,2148,2247
WEEKDAY,SE1,4625,4644
WEEKDAY,SE2,5982,5477
WEEKDAY,SE3,3425,3154
WEEKDAY,SE4,3785,3564
WEEKDAY,SE5,3018,3028
WEEKDAY,SW1,2128,2200
WEEKDAY,SW2,3771,3476
WEEKDAY,SW3,2353,2254
WEEKDAY,SW4,903,831
WEEKDAY,SW5,7717,6992
WEEKDAY,SW6,3890,3699
WEEKDAY,SW7,3050,2764
WEEKDAY,SW8,2269,2216
WEEKENDS/HOLIDAY,BP10,3448,3417
WEEKENDS/HOLIDAY,BP11,3527,3033
WEEKENDS/HOLIDAY,BP12,2662,2397
WEEKENDS/HOLIDAY,BP13,1817,1549
WEEKENDS/HOLIDAY,BP2,3078,2554
WEEKENDS/HOLIDAY,BP3,3759,3256
WEEKENDS/HOLIDAY,BP4,1667,1512
WEEKENDS/HOLIDAY,BP5,1992,1568
WEEKENDS/HOLIDAY,BP6,10860,12951
WEEKENDS/HOLIDAY,BP7,1463,1296
WEEKENDS/HOLIDAY,BP8,2371,2226
WEEKENDS/HOLIDAY,BP9,2826,2827
WEEKENDS/HOLIDAY,CC1-NE6-NS24,34406,33423
WEEKENDS/HOLIDAY,CC10,10472,9748
WEEKENDS/HOLIDAY,CC11,8840,8595
WEEKENDS/HOLIDAY,CC12,3896,3529
WEEKENDS/HOLIDAY,CC14,4736,4535
WEEKENDS/HOLIDAY,CC16,6428,6372
WEEKENDS/HOLIDAY,CC17,2079,2160
WEEKENDS/HOLIDAY,CC19,7021,7775
WEEKENDS/HOLIDAY,CC2,3598,3855
WEEKENDS/HOLIDAY,CC20,4021,3976
WEEKENDS/HOLIDAY,CC21,7086,7432
WEEKENDS/HOLIDAY,CC23,3126,3116
WEEKENDS/HOLIDAY,CC24,6381,6337
WEEKENDS/HOLIDAY,CC25,4927,4461
WEEKENDS/HOLIDAY,CC26,2750,2885
WEEKENDS/HOLIDAY,CC27,1649,1784
WEEKENDS/HOLIDAY,CC28,2854,2710
WEEKENDS/HOLIDAY,CC3,9823,9316
WEEKENDS/HOLIDAY,CC4-DT15,13999,14846
WEEKENDS/HOLIDAY,CC5,3992,4108
WEEKENDS/HOLIDAY,CC6,15951,15241
WEEKENDS/HOLIDAY,CC7,5567,6004
WEEKENDS/HOLIDAY,CC8,6102,5865
WEEKENDS/HOLIDAY,CE1,38425,36922
WEEKENDS/HOLIDAY,CG1,13138,13650
WEEKENDS/HOLIDAY,CG2,36407,35574
WEEKENDS/HOLIDAY,DT1,25102,23830
WEEKENDS/HOLIDAY,DT10,3255,2633
WEEKENDS/HOLIDAY,DT11,25012,24467
WEEKENDS/HOLIDAY,DT13,8040,8645
WEEKENDS/HOLIDAY,DT17,4086,4019
WEEKENDS/HOLIDAY,DT18,4057,4503
WEEKENDS/HOLIDAY,DT2,1603,1272
WEEKENDS/HOLIDAY,DT20,4904,5492
WEEKENDS/HOLIDAY,DT21,5367,5372
WEEKENDS/HOLIDAY,DT22,8428,9084
WEEKENDS/HOLIDAY,DT23,2091,2181
WEEKENDS/HOLIDAY,DT24,3638,3630
WEEKENDS/HOLIDAY,DT25,2643,2617
WEEKENDS/HOLIDAY,DT27,5051,4831
WEEKENDS/HOLIDAY,DT28,7760,7353
WEEKENDS/HOLIDAY,DT29,4844,4474
WEEKENDS/HOLIDAY,DT3,6121,5198
WEEKENDS/HOLIDAY,DT30,5451,5122
WEEKENDS/HOLIDAY,DT31,5328,5520
WEEKENDS/HOLIDAY,DT32,16012,16476
WEEKENDS/HOLIDAY,DT33,12366,11593
WEEKENDS/HOLIDAY,DT34,2867,2718
WEEKENDS/HOLIDAY,DT5,11543,11458
WEEKENDS/HOLIDAY,DT6,4183,3890
WEEKENDS/HOLIDAY,DT7,2726,3010
WEEKENDS/HOLIDAY,DT8,2590,2631
WEEKENDS/HOLIDAY,EW1,24896,24136
WEEKENDS/HOLIDAY,EW10,12429,12663
WEEKENDS/HOLIDAY,EW11,15971,16044
WEEKENDS/HOLIDAY,EW12,56269,58168
WEEKENDS/HOLIDAY,EW13-NS25,40757,40843
WEEKENDS/HOLIDAY,EW14-NS26,14834,15174
WEEKENDS/HOLIDAY,EW15,15346,16239
WEEKENDS/HOLIDAY,EW16,14995,14607
WEEKENDS/HOLIDAY,EW17,20926,22067
WEEKENDS/HOLIDAY,EW18,12035,12217
WEEKENDS/HOLIDAY,EW19,10340,10236
WEEKENDS/HOLIDAY,EW2,29513,29058
WEEKENDS/HOLIDAY,EW20,11249,10956
WEEKENDS/HOLIDAY,EW21,14580,13846
WEEKENDS/HOLIDAY,EW22,4435,4806
WEEKENDS/HOLIDAY,EW23,34336,33848
WEEKENDS/HOLIDAY,EW24-NS1,69231,71944
WEEKENDS/HOLIDAY,EW25,9576,8976
WEEKENDS/HOLIDAY,EW26,26311,23466
WEEKENDS/HOLIDAY,EW27,42087,45810
WEEKENDS/HOLIDAY,EW28,22588,18040
WEEKENDS/HOLIDAY,EW29,10661,10972
WEEKENDS/HOLIDAY,EW3,14362,14474
WEEKENDS/HOLIDAY,EW30,2107,1710
WEEKENDS/HOLIDAY,EW31,2534,1944
WEEKENDS/HOLIDAY,EW32,2436,2623
WEEKENDS/HOLIDAY,EW33,2939,3222
WEEKENDS/HOLIDAY,EW4,13112,12311
WEEKENDS/HOLIDAY,EW5,29757,29202
WEEKENDS/HOLIDAY,EW6,9471,9973
WEEKENDS/HOLIDAY,EW7,12829,14112
WEEKENDS/HOLIDAY,EW8,40733,44561
WEEKENDS/HOLIDAY,EW9,21968,21662
WEEKENDS/HOLIDAY,NE1,48461,47751
WEEKENDS/HOLIDAY,NE10,10964,10765
WEEKENDS/HOLIDAY,NE11,3636,3402
WEEKENDS/HOLIDAY,NE12,49541,50907
WEEKENDS/HOLIDAY,NE13,19020,18584
WEEKENDS/HOLIDAY,NE14,25027,23551
WEEKENDS/HOLIDAY,NE15,12688,12258
WEEKENDS/HOLIDAY,NE16-STC,35614,36294
WEEKENDS/HOLIDAY,NE17-PTC,34668,33490
WEEKENDS/HOLIDAY,NE4,49352,49920
WEEKENDS/HOLIDAY,NE5,10340,12254
WEEKENDS/HOLIDAY,NE7,29773,32947
WEEKENDS/HOLIDAY,NE8,33829,36747
WEEKENDS/HOLIDAY,NE9,17443,15222
WEEKENDS/HOLIDAY,NS10,24316,21630
WEEKENDS/HOLIDAY,NS11,24928,24338
WEEKENDS/HOLIDAY,NS13,45802,47920
WEEKENDS/HOLIDAY,NS14,21410,18518
WEEKENDS/HOLIDAY,NS15,12209,10966
WEEKENDS/HOLIDAY,NS16,42774,44969
WEEKENDS/HOLIDAY,NS17,36629,35168
WEEKENDS/HOLIDAY,NS18,11318,10408
WEEKENDS/HOLIDAY,NS19,31600,32529
WEEKENDS/HOLIDAY,NS2,21172,21543
WEEKENDS/HOLIDAY,NS20,26721,26254
WEEKENDS/HOLIDAY,NS21,24445,27561
WEEKENDS/HOLIDAY,NS22,65516,68594
WEEKENDS/HOLIDAY,NS23,31941,33326
WEEKENDS/HOLIDAY,NS27,1736,2671
WEEKENDS/HOLIDAY,NS28,2096,1965
WEEKENDS/HOLIDAY,NS3,15160,14431
WEEKENDS/HOLIDAY,NS4,30686,31920
WEEKENDS/HOLIDAY,NS5,23366,22668
WEEKENDS/HOLIDAY,NS7,20723,17914
WEEKENDS/HOLIDAY,NS8,17188,13968
WEEKENDS/HOLIDAY,NS9,40367,45334
WEEKENDS/HOLIDAY,PE1,2976,2928
WEEKENDS/HOLIDAY,PE2,4246,3994
WEEKENDS/HOLIDAY,PE3,4778,4767
WEEKENDS/HOLIDAY,PE4,1498,1516
WEEKENDS/HOLIDAY,PE5,4050,3766
WEEKENDS/HOLIDAY,PE6,5325,5056
WEEKENDS/HOLIDAY,PE7,3197,2946
WEEKENDS/HOLIDAY,PW1,888,836
WEEKENDS/HOLIDAY,PW3,585,546
WEEKENDS/HOLIDAY,PW4,416,397
WEEKENDS/HOLIDAY,PW5,2625,2682
WEEKENDS/HOLIDAY,PW6,876,707
WEEKENDS/HOLIDAY,PW7,1585,1748
WEEKENDS/HOLIDAY,SE1,3525,3456
WEEKENDS/HOLIDAY,SE2,4533,4274
WEEKENDS/HOLIDAY,SE3,2548,2381
WEEKENDS/HOLIDAY,SE4,3152,2965
WEEKENDS/HOLIDAY,SE5,2145,2097
WEEKENDS/HOLIDAY,SW1,1374,1371
WEEKENDS/HOLIDAY,SW2,3689,3405
WEEKENDS/HOLIDAY,SW3,1702,1622
WEEKENDS/HOLIDAY,SW4,773,755
WEEKENDS/HOLIDAY,SW5,6659,6331
WEEKENDS/HOLIDAY,SW6,2568,2385
WEEKENDS/HOLIDAY,SW7,2408,2170
WEEKENDS/HOLIDAY,SW8,1683,1576
