DAY_TYPE,PT_CODE,TOTAL_TAP_IN_VOLUME,TOTAL_TAP_OUT_VOLUME
WEEKDAY,BP10,3814.0,4153.0
WEEKDAY,BP11,4007.0,3321.0
WEEKDAY,BP12,3478.0,2714.0
WEEKDAY,BP13,1759.0,1236.0
WEEKDAY,BP2,3908.0,3041.0
WEEKDAY,BP3,4821.0,4184.0
WEEKDAY,BP4,4485.0,4416.0
WEEKDAY,BP5,2420.0,1870.0
WEEKDAY,BP6,12332.0,15601.0
WEEKDAY,BP7,1421.0,1393.0
WEEKDAY,BP8,2640.0,2373.0
WEEKDAY,BP9,3103.0,2948.0
WEEKDAY,CC1-NE6-NS24,30808.0,30839.0
WEEKDAY,CC10,15989.0,15312.0
WEEKDAY,CC11,17458.0,17915.0
WEEKDAY,CC12,6921.0,5900.0
WEEKDAY,CC14,7424.0,6933.0
WEEKDAY,CC16,10571.0,10271.0
WEEKDAY,CC17,4318.0,4149.0
WEEKDAY,CC19,6930.0,7642.0
WEEKDAY,CC2,5516.0,6169.0
WEEKDAY,CC20,5558.0,5575.0
WEEKDAY,CC21,8210.0,8981.0
WEEKDAY,CC23,15151.0,15072.0
WEEKDAY,CC24,21261.0,21225.0
WEEKDAY,CC25,7194.0,6777.0
WEEKDAY,CC26,5501.0,5701.0
WEEKDAY,CC27,7475.0,7649.0
WEEKDAY,CC28,3827.0,4061.0
WEEKDAY,CC3,6856.0,6808.0
WEEKDAY,CC4-DT15,17903.0,18934.0
WEEKDAY,CC5,4575.0,4868.0
WEEKDAY,CC6,7577.0,7994.0
WEEKDAY,CC7,7149.0,7457.0
WEEKDAY,CC8,8448.0,7529.0
WEEKDAY,CE1,24744.0,24960.0
WEEKDAY,CG1,14302.0,15090.0
WEEKDAY,CG2,18822.0,18471.0
WEEKDAY,DT1,29623.0,28946.0
WEEKDAY,DT10,5675.0,4667.0
WEEKDAY,DT11,29413.0,30749.0
WEEKDAY,DT13,9591.0,10282.0
WEEKDAY,DT17,22428.0,23443.0
WEEKDAY,DT18,17053.0,18748.0
WEEKDAY,DT2,3278.0,2421.0
WEEKDAY,DT20,6873.0,7827.0
WEEKDAY,DT21,7244.0,7737.0
WEEKDAY,DT22,6873.0,7581.0
WEEKDAY,DT23,4382.0,4502.0
WEEKDAY,DT24,5035.0,4886.0
WEEKDAY,DT25,4033.0,4262.0
WEEKDAY,DT27,7808.0,7743.0
WEEKDAY,DT28,10304.0,9984.0
WEEKDAY,DT29,6780.0,6525.0
WEEKDAY,DT3,7582.0,6633.0
WEEKDAY,DT30,7469.0,7352.0
WEEKDAY,DT31,8045.0,8712.0
WEEKDAY,DT32,20239.0,22263.0
WEEKDAY,DT33,17971.0,16897.0
WEEKDAY,DT34,4732.0,4408.0
WEEKDAY,DT5,13115.0,13119.0
WEEKDAY,DT6,8188.0,7116.0
WEEKDAY,DT7,3924.0,5088.0
WEEKDAY,DT8,5168.0,4911.0
WEEKDAY,EW1,31170.0,29670.0
WEEKDAY,EW10,10955.0,11119.0
WEEKDAY,EW11,19370.0,19781.0
WEEKDAY,EW12,52033.0,55284.0
WEEKDAY,EW13-NS25,39262.0,40821.0
WEEKDAY,EW14-NS26,56146.0,55758.0
WEEKDAY,EW15,43870.0,46441.0
WEEKDAY,EW16,27175.0,29232.0
WEEKDAY,EW17,27211.0,28506.0
WEEKDAY,EW18,17771.0,18294.0
WEEKDAY,EW19,14510.0,13368.0
WEEKDAY,EW2,31372.0,32421.0
WEEKDAY,EW20,15532.0,14890.0
WEEKDAY,EW21,26179.0,24879.0
WEEKDAY,EW22,16286.0,16490.0
WEEKDAY,EW23,44920.0,46683.0
WEEKDAY,EW24-NS1,75820.0,81393.0
WEEKDAY,EW25,8998.0,7649.0
WEEKDAY,EW26,33302.0,28807.0
WEEKDAY,EW27,47711.0,55040.0
WEEKDAY,EW28,30359.0,22745.0
WEEKDAY,EW29,16956.0,17237.0
WEEKDAY,EW3,17578.0,17899.0
WEEKDAY,EW30,3444.0,3036.0
WEEKDAY,EW31,4148.0,3291.0
WEEKDAY,EW32,3845.0,3807.0
WEEKDAY,EW33,3376.0,3547.0
WEEKDAY,EW4,16893.0,15210.0
WEEKDAY,EW5,33246.0,33220.0
WEEKDAY,EW6,10800.0,12732.0
WEEKDAY,EW7,13859.0,16058.0
WEEKDAY,EW8,40501.0,42058.0
WEEKDAY,EW9,21284.0,20828.0
WEEKDAY,NE1,42901.0,44866.0
WEEKDAY,NE10,13828.0,14803.0
WEEKDAY,NE11,5529.0,5227.0
WEEKDAY,NE12,54444.0,58371.0
WEEKDAY,NE13,19561.0,20746.0
WEEKDAY,NE14,30776.0,30673.0
WEEKDAY,NE15,16125.0,15386.0
WEEKDAY,NE16-STC,40378.0,43181.0
WEEKDAY,NE17-PTC,34424.0,36287.0
WEEKDAY,NE4,54949.0,57086.0
WEEKDAY,NE5,13855.0,16247.0
WEEKDAY,NE7,25644.0,28308.0
WEEKDAY,NE8,23906.0,27352.0
WEEKDAY,NE9,22499.0,20771.0
WEEKDAY,NS10,47490.0,40903.0
WEEKDAY,NS11,40321.0,40396.0
WEEKDAY,NS13,51539.0,55124.0
WEEKDAY,NS14,33798.0,29671.0
WEEKDAY,NS15,30813.0,29082.0
WEEKDAY,NS16,49923.0,53650.0
WEEKDAY,NS17,47820.0,45933.0
WEEKDAY,NS18,15875.0,14175.0
WEEKDAY,NS19,37701.0,39771.0
WEEKDAY,NS2,26867.0,27892.0
WEEKDAY,NS20,38867.0,39125.0
WEEKDAY,NS21,31528.0,33505.0
WEEKDAY,NS22,52162.0,57514.0
WEEKDAY,NS23,30499.0,33679.0
WEEKDAY,NS27,6387.0,6361.0
WEEKDAY,NS28,1948.0,1931.0
WEEKDAY,NS3,19105.0,17851.0
WEEKDAY,NS4,38328.0,41568.0
WEEKDAY,NS5,31679.0,29649.0
WEEKDAY,NS7,20180.0,19110.0
WEEKDAY,NS8,25476.0,20186.0
WEEKDAY,NS9,43813.0,55535.0
WEEKDAY,PE1,3446.0,3506.0
WEEKDAY,PE2,5252.0,5100.0
WEEKDAY,PE3,5424.0,5814.0
WEEKDAY,PE4,1418.0,1382.0
WEEKDAY,PE5,5283.0,5128.0
WEEKDAY,PE6,5832.0,5925.0
WEEKDAY,PE7,3876.0,3802.0
WEEKDAY,PW1,519.0,607.0
WEEKDAY,PW3,630.0,672.0
WEEKDAY,PW4,474.0,523.0
WEEKDAY,PW5,3015.0,3544.0
WEEKDAY,PW6,1077.0,980.0
WEEKDAY,PW7,2096.0,2308.0
WEEKDAY,SE1,4199.0,4367.0
WEEKDAY,SE2,5392.0,5196.0
WEEKDAY,SE3,3042.0,2951.0
WEEKDAY,SE4,3518.0,3562.0
WEEKDAY,SE5,2648.0,2902.0
WEEKDAY,SW1,1931.0,2108.0
WEEKDAY,SW2,3178.0,3110.0
WEEKDAY,SW3,2350.0,2325.0
WEEKDAY,SW4,1350.0,1421.0
WEEKDAY,SW5,7012.0,6787.0
WEEKDAY,SW6,3572.0,3474.0
WEEKDAY,SW7,2584.0,2476.0
WEEKDAY,SW8,1950.0,2175.0
WEEKENDS/HOLIDAY,BP10,2546.0,3008.0
WEEKENDS/HOLIDAY,BP11,2553.0,2133.0
WEEKENDS/HOLIDAY,BP12,1837.0,1446.0
WEEKENDS/HOLIDAY,BP13,1253.0,831.0
WEEKENDS/HOLIDAY,BP2,2520.0,2108.0
WEEKENDS/HOLIDAY,BP3,3342.0,2889.0
WEEKENDS/HOLIDAY,BP4,1472.0,1349.0
WEEKENDS/HOLIDAY,BP5,1680.0,1307.0
WEEKENDS/HOLIDAY,BP6,8855.0,10735.0
WEEKENDS/HOLIDAY,BP7,727.0,955.0
WEEKENDS/HOLIDAY,BP8,1596.0,1417.0
WEEKENDS/HOLIDAY,BP9,2093.0,1714.0
WEEKENDS/HOLIDAY,CC1-NE6-NS24,24626.0,26787.0
WEEKENDS/HOLIDAY,CC10,9208.0,9066.0
WEEKENDS/HOLIDAY,CC11,6754.0,7100.0
WEEKENDS/HOLIDAY,CC12,3329.0,3189.0
WEEKENDS/HOLIDAY,CC14,3838.0,3842.0
WEEKENDS/HOLIDAY,CC16,5156.0,5419.0
WEEKENDS/HOLIDAY,CC17,1735.0,1843.0
WEEKENDS/HOLIDAY,CC19,6298.0,7395.0
WEEKENDS/HOLIDAY,CC2,2674.0,3058.0
WEEKENDS/HOLIDAY,CC20,3400.0,3502.0
WEEKENDS/HOLIDAY,CC21,5608.0,6188.0
WEEKENDS/HOLIDAY,CC23,2329.0,2389.0
WEEKENDS/HOLIDAY,CC24,4594.0,4879.0
WEEKENDS/HOLIDAY,CC25,4163.0,4081.0
WEEKENDS/HOLIDAY,CC26,2355.0,2626.0
WEEKENDS/HOLIDAY,CC27,1173.0,1307.0
WEEKENDS/HOLIDAY,CC28,2555.0,2589.0
WEEKENDS/HOLIDAY,CC3,6678.0,7022.0
WEEKENDS/HOLIDAY,CC4-DT15,10417.0,12129.0
WEEKENDS/HOLIDAY,CC5,3471.0,3674.0
WEEKENDS/HOLIDAY,CC6,7877.0,8022.0
WEEKENDS/HOLIDAY,CC7,4309.0,4979.0
WEEKENDS/HOLIDAY,CC8,4819.0,4724.0
WEEKENDS/HOLIDAY,CE1,34638.0,35479.0
WEEKENDS/HOLIDAY,CG1,7727.0,8672.0
WEEKENDS/HOLIDAY,CG2,21698.0,21336.0
WEEKENDS/HOLIDAY,DT1,20299.0,21156.0
WEEKENDS/HOLIDAY,DT10,2646.0,2360.0
WEEKENDS/HOLIDAY,DT11,21845.0,22038.0
WEEKENDS/HOLIDAY,DT13,7251.0,8279.0
WEEKENDS/HOLIDAY,DT17,3168.0,3442.0
WEEKENDS/HOLIDAY,DT18,3086.0,3727.0
WEEKENDS/HOLIDAY,DT2,1390.0,1078.0
WEEKENDS/HOLIDAY,DT20,4352.0,5606.0
WEEKENDS/HOLIDAY,DT21,4368.0,4902.0
WEEKENDS/HOLIDAY,DT22,8307.0,9510.0
WEEKENDS/HOLIDAY,DT23,1596.0,1914.0
WEEKENDS/HOLIDAY,DT24,2878.0,3261.0
WEEKENDS/HOLIDAY,DT25,2146.0,2475.0
WEEKENDS/HOLIDAY,DT27,4617.0,4846.0
WEEKENDS/HOLIDAY,DT28,6624.0,7180.0
WEEKENDS/HOLIDAY,DT29,4296.0,4247.0
WEEKENDS/HOLIDAY,DT3,4616.0,4386.0
WEEKENDS/HOLIDAY,DT30,4196.0,4531.0
WEEKENDS/HOLIDAY,DT31,4517.0,5150.0
WEEKENDS/HOLIDAY,DT32,13048.0,14406.0
WEEKENDS/HOLIDAY,DT33,10061.0,10134.0
WEEKENDS/HOLIDAY,DT34,2076.0,2336.0
WEEKENDS/HOLIDAY,DT5,9463.0,9957.0
WEEKENDS/HOLIDAY,DT6,3307.0,3468.0
WEEKENDS/HOLIDAY,DT7,2133.0,2566.0
WEEKENDS/HOLIDAY,DT8,1945.0,2157.0
WEEKENDS/HOLIDAY,EW1,21030.0,20665.0
WEEKENDS/HOLIDAY,EW10,11391.0,11855.0
WEEKENDS/HOLIDAY,EW11,13931.0,14494.0
WEEKENDS/HOLIDAY,EW12,48821.0,54655.0
WEEKENDS/HOLIDAY,EW13-NS25,36818.0,37785.0
WEEKENDS/HOLIDAY,EW14-NS26,12545.0,13441.0
WEEKENDS/HOLIDAY,EW15,12066.0,13016.0
WEEKENDS/HOLIDAY,EW16,12568.0,14131.0
WEEKENDS/HOLIDAY,EW17,18143.0,19647.0
WEEKENDS/HOLIDAY,EW18,10294.0,10828.0
WEEKENDS/HOLIDAY,EW19,8796.0,8946.0
WEEKENDS/HOLIDAY,EW2,25068.0,25052.0
WEEKENDS/HOLIDAY,EW20,9665.0,9540.0
WEEKENDS/HOLIDAY,EW21,11941.0,11660.0
WEEKENDS/HOLIDAY,EW22,4363.0,4829.0
WEEKENDS/HOLIDAY,EW23,29958.0,30534.0
WEEKENDS/HOLIDAY,EW24-NS1,63132.0,66762.0
WEEKENDS/HOLIDAY,EW25,7401.0,7390.0
WEEKENDS/HOLIDAY,EW26,22561.0,19956.0
WEEKENDS/HOLIDAY,EW27,38286.0,41855.0
WEEKENDS/HOLIDAY,EW28,19868.0,16674.0
WEEKENDS/HOLIDAY,EW29,10032.0,11090.0
WEEKENDS/HOLIDAY,EW3,11838.0,12196.0
WEEKENDS/HOLIDAY,EW30,2256.0,1973.0
WEEKENDS/HOLIDAY,EW31,2491.0,1869.0
WEEKENDS/HOLIDAY,EW32,2440.0,3442.0
WEEKENDS/HOLIDAY,EW33,3099.0,3661.0
WEEKENDS/HOLIDAY,EW4,10960.0,10232.0
WEEKENDS/HOLIDAY,EW5,24885.0,25304.0
WEEKENDS/HOLIDAY,EW6,7987.0,8704.0
WEEKENDS/HOLIDAY,EW7,10698.0,11944.0
WEEKENDS/HOLIDAY,EW8,35456.0,37639.0
WEEKENDS/HOLIDAY,EW9,19398.0,19567.0
WEEKENDS/HOLIDAY,NE1,44687.0,47883.0
WEEKENDS/HOLIDAY,NE10,8431.0,9686.0
WEEKENDS/HOLIDAY,NE11,2847.0,3091.0
WEEKENDS/HOLIDAY,NE12,38953.0,43921.0
WEEKENDS/HOLIDAY,NE13,14961.0,16334.0
WEEKENDS/HOLIDAY,NE14,20269.0,21850.0
WEEKENDS/HOLIDAY,NE15,9966.0,10733.0
WEEKENDS/HOLIDAY,NE16-STC,28069.0,31665.0
WEEKENDS/HOLIDAY,NE17-PTC,27763.0,29820.0
WEEKENDS/HOLIDAY,NE4,48232.0,55310.0
WEEKENDS/HOLIDAY,NE5,8712.0,11385.0
WEEKENDS/HOLIDAY,NE7,28795.0,34322.0
WEEKENDS/HOLIDAY,NE8,28676.0,34451.0
WEEKENDS/HOLIDAY,NE9,14911.0,14172.0
WEEKENDS/HOLIDAY,NS10,30868.0,27228.0
WEEKENDS/HOLIDAY,NS11,30090.0,30253.0
WEEKENDS/HOLIDAY,NS13,37489.0,39439.0
WEEKENDS/HOLIDAY,NS14,22940.0,20299.0
WEEKENDS/HOLIDAY,NS15,11934.0,11085.0
WEEKENDS/HOLIDAY,NS16,36090.0,38387.0
WEEKENDS/HOLIDAY,NS17,29980.0,29878.0
WEEKENDS/HOLIDAY,NS18,10001.0,9380.0
WEEKENDS/HOLIDAY,NS19,27156.0,28467.0
WEEKENDS/HOLIDAY,NS2,19047.0,19903.0
WEEKENDS/HOLIDAY,NS20,23110.0,23205.0
WEEKENDS/HOLIDAY,NS21,21944.0,25556.0
WEEKENDS/HOLIDAY,NS22,55604.0,60735.0
WEEKENDS/HOLIDAY,NS23,25904.0,28135.0
WEEKENDS/HOLIDAY,NS27,1862.0,3411.0
WEEKENDS/HOLIDAY,NS28,2656.0,2601.0
WEEKENDS/HOLIDAY,NS3,13500.0,12989.0
WEEKENDS/HOLIDAY,NS4,27660.0,29382.0
WEEKENDS/HOLIDAY,NS5,20902.0,20617.0
WEEKENDS/HOLIDAY,NS7,21157.0,18824.0
WEEKENDS/HOLIDAY,NS8,17640.0,14067.0
WEEKENDS/HOLIDAY,NS9,33240.0,38482.0
WEEKENDS/HOLIDAY,PE1,2362.0,2474.0
WEEKENDS/HOLIDAY,PE2,3146.0,3496.0
WEEKENDS/HOLIDAY,PE3,3684.0,4063.0
WEEKENDS/HOLIDAY,PE4,1078.0,1224.0
WEEKENDS/HOLIDAY,PE5,3113.0,3310.0
WEEKENDS/HOLIDAY,PE6,3883.0,4331.0
WEEKENDS/HOLIDAY,PE7,2622.0,2632.0
WEEKENDS/HOLIDAY,PW1,654.0,751.0
WEEKENDS/HOLIDAY,PW3,436.0,470.0
WEEKENDS/HOLIDAY,PW4,358.0,368.0
WEEKENDS/HOLIDAY,PW5,2739.0,3013.0
WEEKENDS/HOLIDAY,PW6,706.0,664.0
WEEKENDS/HOLIDAY,PW7,1338.0,1629.0
WEEKENDS/HOLIDAY,SE1,2738.0,2939.0
WEEKENDS/HOLIDAY,SE2,3715.0,3842.0
WEEKENDS/HOLIDAY,SE3,2154.0,2193.0
WEEKENDS/HOLIDAY,SE4,2468.0,2648.0
WEEKENDS/HOLIDAY,SE5,1645.0,1828.0
WEEKENDS/HOLIDAY,SW1,1095.0,1204.0
WEEKENDS/HOLIDAY,SW2,2523.0,2512.0
WEEKENDS/HOLIDAY,SW3,1461.0,1513.0
WEEKENDS/HOLIDAY,SW4,964.0,1063.0
WEEKENDS/HOLIDAY,SW5,5214.0,5526.0
WEEKENDS/HOLIDAY,SW6,2057.0,2119.0
WEEKENDS/HOLIDAY,SW7,1786.0,1772.0
WEEKENDS/HOLIDAY,SW8,1216.0,1389.0
