DAY_TYPE,ORIGIN_PT_CODE,DESTINATION_PT_CODE,TOTAL_TRIPS
WEEKDAY,BP10,BP11,3350.0
WEEKDAY,BP10,BP9,824.0
WEEKDAY,BP11,BP10,584.0
WEEKDAY,BP11,BP12,5823.0
WEEKDAY,BP12,BP11,2466.0
WEEKDAY,BP12,BP13,7845.0
WEEKDAY,BP13,BP12,3830.0
WEEKDAY,BP13,DT1,8768.0
WEEKDAY,BP2,BP3,16516.0
WEEKDAY,BP2,NS4,16860.0
WEEKDAY,BP3,BP2,16792.0
WEEKDAY,BP3,BP4,16430.0
WEEKDAY,BP4,BP3,16183.0
WEEKDAY,BP4,BP5,15916.0
WEEKDAY,BP5,BP4,15559.0
WEEKDAY,BP5,DT1,16544.0
WEEKDAY,BP7,BP8,5491.0
WEEKDAY,BP7,DT1,3449.0
WEEKDAY,BP8,BP7,2898.0
WEEKDAY,BP8,BP9,5110.0
WEEKDAY,BP9,BP10,3808.0
WEEKDAY,BP9,BP8,2248.0
WEEKDAY,CC10,CC11,37525.0
WEEKDAY,CC10,DT25,39378.0
WEEKDAY,CC10,DT27,58611.0
WEEKDAY,CC10,EW8,55401.0
WEEKDAY,CC11,CC10,39842.0
WEEKDAY,CC11,CC12,40006.0
WEEKDAY,CC12,CC11,43026.0
WEEKDAY,CC12,NE12,41605.0
WEEKDAY,CC14,NE12,51087.0
WEEKDAY,CC14,NS17,49931.0
WEEKDAY,CC16,CC17,36777.0
WEEKDAY,CC16,NS17,33966.0
WEEKDAY,CC17,CC16,33679.0
WEEKDAY,CC17,CC19,37993.0
WEEKDAY,CC19,CC17,34757.0
WEEKDAY,CC19,CC20,68830.0
WEEKDAY,CC19,DT10,68810.0
WEEKDAY,CC19,DT8,38492.0
WEEKDAY,CC2,CC3,3522.0
WEEKDAY,CC2,NS24,4991.0
WEEKDAY,CC20,CC19,68077.0
WEEKDAY,CC20,CC21,68225.0
WEEKDAY,CC21,CC20,67649.0
WEEKDAY,CC21,EW21,67414.0
WEEKDAY,CC23,CC24,21309.0
WEEKDAY,CC23,EW21,26517.0
WEEKDAY,CC24,CC23,20556.0
WEEKDAY,CC24,CC25,12618.0
WEEKDAY,CC25,CC24,11824.0
WEEKDAY,CC25,CC26,11140.0
WEEKDAY,CC26,CC25,10098.0
WEEKDAY,CC26,CC27,10283.0
WEEKDAY,CC27,CC26,9531.0
WEEKDAY,CC27,CC28,10384.0
WEEKDAY,CC28,CC27,9824.0
WEEKDAY,CC28,NE1,10818.0
WEEKDAY,CC3,CC2,3596.0
WEEKDAY,CC3,CC4,3006.0
WEEKDAY,CC4,CC3,2939.0
WEEKDAY,CC4,CC5,14166.0
WEEKDAY,CC4,CE1,21085.0
WEEKDAY,CC4,EW12,20404.0
WEEKDAY,CC5,CC4,14039.0
WEEKDAY,CC5,CC6,12946.0
WEEKDAY,CC6,CC5,13002.0
WEEKDAY,CC6,CC7,13252.0
WEEKDAY,CC7,CC6,13581.0
WEEKDAY,CC7,CC8,14383.0
WEEKDAY,CC8,CC7,14911.0
WEEKDAY,CC8,EW8,16437.0
WEEKDAY,CE1,CC4,20529.0
WEEKDAY,CE1,DT17,13301.0
WEEKDAY,CE1,NS27,1007.0
WEEKDAY,CG1,CG2,4298.0
WEEKDAY,CG1,DT34,4722.0
WEEKDAY,CG1,EW4,8070.0
WEEKDAY,CG2,CG1,4293.0
WEEKDAY,DT1,BP13,4301.0
WEEKDAY,DT1,BP5,15769.0
WEEKDAY,DT1,BP7,6026.0
WEEKDAY,DT1,DT2,24428.0
WEEKDAY,DT10,CC19,65075.0
WEEKDAY,DT10,NS21,70670.0
WEEKDAY,DT13,EW12,67397.0
WEEKDAY,DT13,NE7,67747.0
WEEKDAY,DT17,CE1,13192.0
WEEKDAY,DT17,DT18,8415.0
WEEKDAY,DT18,DT17,8250.0
WEEKDAY,DT18,NE4,14541.0
WEEKDAY,DT2,DT1,23905.0
WEEKDAY,DT2,DT3,25635.0
WEEKDAY,DT20,DT21,32469.0
WEEKDAY,DT20,NE4,32941.0
WEEKDAY,DT21,DT20,32915.0
WEEKDAY,DT21,DT22,34540.0
WEEKDAY,DT22,DT21,34836.0
WEEKDAY,DT22,DT23,36036.0
WEEKDAY,DT23,DT22,36710.0
WEEKDAY,DT23,DT24,37101.0
WEEKDAY,DT24,DT23,37842.0
WEEKDAY,DT24,DT25,37860.0
WEEKDAY,DT25,CC10,38454.0
WEEKDAY,DT25,DT24,38554.0
WEEKDAY,DT27,CC10,58625.0
WEEKDAY,DT27,DT28,56538.0
WEEKDAY,DT28,DT27,56507.0
WEEKDAY,DT28,DT29,53565.0
WEEKDAY,DT29,DT28,53300.0
WEEKDAY,DT29,DT30,51844.0
WEEKDAY,DT3,DT2,24655.0
WEEKDAY,DT3,DT5,29953.0
WEEKDAY,DT30,DT29,51065.0
WEEKDAY,DT30,DT31,48972.0
WEEKDAY,DT31,DT30,48152.0
WEEKDAY,DT31,EW2,46180.0
WEEKDAY,DT33,DT34,5909.0
WEEKDAY,DT33,EW2,15752.0
WEEKDAY,DT34,CG1,5764.0
WEEKDAY,DT34,DT33,5123.0
WEEKDAY,DT5,DT3,28412.0
WEEKDAY,DT5,DT6,34722.0
WEEKDAY,DT6,DT5,33322.0
WEEKDAY,DT6,DT7,37320.0
WEEKDAY,DT7,DT6,35733.0
WEEKDAY,DT7,DT8,38400.0
WEEKDAY,DT8,CC19,40122.0
WEEKDAY,DT8,DT7,37116.0
WEEKDAY,EW1,EW2,22877.0
WEEKDAY,EW10,EW11,52500.0
WEEKDAY,EW10,EW9,52547.0
WEEKDAY,EW11,EW10,53438.0
WEEKDAY,EW11,EW12,56775.0
WEEKDAY,EW12,CC4,21545.0
WEEKDAY,EW12,DT13,64468.0
WEEKDAY,EW12,EW11,58094.0
WEEKDAY,EW12,NS25,19335.0
WEEKDAY,EW15,EW16,22184.0
WEEKDAY,EW15,NS26,27979.0
WEEKDAY,EW16,EW15,24201.0
WEEKDAY,EW16,EW17,46520.0
WEEKDAY,EW16,NE1,23990.0
WEEKDAY,EW16,NE4,59295.0
WEEKDAY,EW17,EW16,47160.0
WEEKDAY,EW17,EW18,43378.0
WEEKDAY,EW18,EW17,45153.0
WEEKDAY,EW18,EW19,43139.0
WEEKDAY,EW19,EW18,45561.0
WEEKDAY,EW19,EW20,45044.0
WEEKDAY,EW2,DT31,45784.0
WEEKDAY,EW2,DT33,15722.0
WEEKDAY,EW2,EW1,22215.0
WEEKDAY,EW2,EW3,12148.0
WEEKDAY,EW20,EW19,46921.0
WEEKDAY,EW20,EW21,49334.0
WEEKDAY,EW21,CC21,67353.0
WEEKDAY,EW21,CC23,27198.0
WEEKDAY,EW21,EW20,50800.0
WEEKDAY,EW21,EW22,100312.0
WEEKDAY,EW22,EW21,100951.0
WEEKDAY,EW22,EW23,100253.0
WEEKDAY,EW23,EW22,101241.0
WEEKDAY,EW23,NS1,98677.0
WEEKDAY,EW25,EW26,79820.0
WEEKDAY,EW25,NS1,86206.0
WEEKDAY,EW26,EW25,83459.0
WEEKDAY,EW26,EW27,67508.0
WEEKDAY,EW27,EW26,68335.0
WEEKDAY,EW27,EW28,37001.0
WEEKDAY,EW28,EW27,43383.0
WEEKDAY,EW28,EW29,24380.0
WEEKDAY,EW29,EW28,25133.0
WEEKDAY,EW29,EW30,11039.0
WEEKDAY,EW3,EW2,12271.0
WEEKDAY,EW3,EW4,17452.0
WEEKDAY,EW30,EW29,12133.0
WEEKDAY,EW30,EW31,8129.0
WEEKDAY,EW31,EW30,8845.0
WEEKDAY,EW31,EW32,5166.0
WEEKDAY,EW32,EW31,5422.0
WEEKDAY,EW32,EW33,2024.0
WEEKDAY,EW33,EW32,2063.0
WEEKDAY,EW4,CG1,7200.0
WEEKDAY,EW4,EW3,17672.0
WEEKDAY,EW4,EW5,29389.0
WEEKDAY,EW5,EW4,27652.0
WEEKDAY,EW5,EW6,41689.0
WEEKDAY,EW6,EW5,39552.0
WEEKDAY,EW6,EW7,44168.0
WEEKDAY,EW7,EW6,43645.0
WEEKDAY,EW7,EW8,47870.0
WEEKDAY,EW8,CC10,53619.0
WEEKDAY,EW8,CC8,16200.0
WEEKDAY,EW8,EW7,49171.0
WEEKDAY,EW8,EW9,50255.0
WEEKDAY,EW9,EW10,51788.0
WEEKDAY,EW9,EW8,51129.0
WEEKDAY,NE1,CC28,10299.0
WEEKDAY,NE1,EW16,23719.0
WEEKDAY,NE10,NE11,71887.0
WEEKDAY,NE10,NE9,74338.0
WEEKDAY,NE11,NE10,75107.0
WEEKDAY,NE11,NE12,72246.0
WEEKDAY,NE12,CC12,44040.0
WEEKDAY,NE12,CC14,50113.0
WEEKDAY,NE12,NE11,75026.0
WEEKDAY,NE12,NE13,90353.0
WEEKDAY,NE13,NE12,92978.0
WEEKDAY,NE13,NE14,84707.0
WEEKDAY,NE14,NE13,87546.0
WEEKDAY,NE14,NE15,72806.0
WEEKDAY,NE15,NE14,75159.0
WEEKDAY,NE15,NE16,64552.0
WEEKDAY,NE16,NE15,66518.0
WEEKDAY,NE16,NE17,35704.0
WEEKDAY,NE16,SE1,7606.0
WEEKDAY,NE16,SE5,3774.0
WEEKDAY,NE16,SW1,5003.0
WEEKDAY,NE16,SW8,8476.0
WEEKDAY,NE17,NE16,37275.0
WEEKDAY,NE17,PE1,8090.0
WEEKDAY,NE17,PE7,9062.0
WEEKDAY,NE17,PW1,1433.0
WEEKDAY,NE17,PW7,3291.0
WEEKDAY,NE4,DT18,15070.0
WEEKDAY,NE4,DT20,32707.0
WEEKDAY,NE4,EW16,60190.0
WEEKDAY,NE4,NE5,50216.0
WEEKDAY,NE5,NE4,51073.0
WEEKDAY,NE5,NS24,53893.0
WEEKDAY,NE7,DT13,70977.0
WEEKDAY,NE7,NE8,73152.0
WEEKDAY,NE7,NS21,103122.0
WEEKDAY,NE7,NS24,113416.0
WEEKDAY,NE8,NE7,75682.0
WEEKDAY,NE8,NE9,71507.0
WEEKDAY,NE9,NE10,71494.0
WEEKDAY,NE9,NE8,76166.0
WEEKDAY,NS1,EW23,101644.0
WEEKDAY,NS1,EW25,82140.0
WEEKDAY,NS1,NS2,79106.0
WEEKDAY,NS10,NS11,68667.0
WEEKDAY,NS10,NS9,62820.0
WEEKDAY,NS11,NS10,67279.0
WEEKDAY,NS11,NS12,76691.0
WEEKDAY,NS12,NS11,75506.0
WEEKDAY,NS12,NS13,80038.0
WEEKDAY,NS13,NS12,77951.0
WEEKDAY,NS13,NS14,87173.0
WEEKDAY,NS14,NS13,87679.0
WEEKDAY,NS14,NS15,93977.0
WEEKDAY,NS15,NS14,91837.0
WEEKDAY,NS15,NS16,96398.0
WEEKDAY,NS16,NS15,92911.0
WEEKDAY,NS16,NS17,106008.0
WEEKDAY,NS17,CC14,50672.0
WEEKDAY,NS17,CC16,37169.0
WEEKDAY,NS17,NS16,105533.0
WEEKDAY,NS17,NS18,82151.0
WEEKDAY,NS18,NS17,79532.0
WEEKDAY,NS18,NS19,84050.0
WEEKDAY,NS19,NS18,80322.0
WEEKDAY,NS19,NS20,85786.0
WEEKDAY,NS2,NS1,78877.0
WEEKDAY,NS2,NS3,72928.0
WEEKDAY,NS20,NS19,83627.0
WEEKDAY,NS20,NS21,79820.0
WEEKDAY,NS21,DT10,65984.0
WEEKDAY,NS21,NE7,107957.0
WEEKDAY,NS21,NS20,77510.0
WEEKDAY,NS21,NS22,26552.0
WEEKDAY,NS22,NS21,26019.0
WEEKDAY,NS22,NS23,21447.0
WEEKDAY,NS23,NS22,23457.0
WEEKDAY,NS23,NS24,20276.0
WEEKDAY,NS24,CC2,5320.0
WEEKDAY,NS24,NE5,54986.0
WEEKDAY,NS24,NE7,110079.0
WEEKDAY,NS24,NS23,23897.0
WEEKDAY,NS24,NS25,36122.0
WEEKDAY,NS25,EW12,20033.0
WEEKDAY,NS25,NS24,36305.0
WEEKDAY,NS25,NS26,40450.0
WEEKDAY,NS26,EW15,27129.0
WEEKDAY,NS26,NS25,42174.0
WEEKDAY,NS26,NS27,3026.0
WEEKDAY,NS27,CE1,1106.0
WEEKDAY,NS27,NS26,3180.0
WEEKDAY,NS27,NS28,922.0
WEEKDAY,NS28,NS27,1008.0
WEEKDAY,NS3,NS2,73899.0
WEEKDAY,NS3,NS4,67004.0
WEEKDAY,NS4,BP2,15917.0
WEEKDAY,NS4,NS3,67525.0
WEEKDAY,NS4,NS5,61823.0
WEEKDAY,NS5,NS4,63731.0
WEEKDAY,NS5,NS7,52040.0
WEEKDAY,NS7,NS5,52560.0
WEEKDAY,NS7,NS8,52618.0
WEEKDAY,NS8,NS7,53566.0
WEEKDAY,NS8,NS9,58632.0
WEEKDAY,NS9,NS10,59193.0
WEEKDAY,NS9,NS8,55441.0
WEEKDAY,NS9,TE1,1824.0
WEEKDAY,NS9,TE3,2326.0
WEEKDAY,PE1,NE17,8212.0
WEEKDAY,PE1,PE2,6831.0
WEEKDAY,PE2,PE1,6942.0
WEEKDAY,PE2,PE3,4745.0
WEEKDAY,PE3,PE2,4656.0
WEEKDAY,PE3,PE4,2049.0
WEEKDAY,PE4,PE3,2108.0
WEEKDAY,PE4,PE5,2881.0
WEEKDAY,PE5,PE4,2938.0
WEEKDAY,PE5,PE6,5525.0
WEEKDAY,PE6,PE5,5283.0
WEEKDAY,PE6,PE7,7768.0
WEEKDAY,PE7,NE17,9590.0
WEEKDAY,PE7,PE6,7299.0
WEEKDAY,PW1,NE17,1464.0
WEEKDAY,PW1,PW3,1041.0
WEEKDAY,PW3,PW1,1089.0
WEEKDAY,PW3,PW4,835.0
WEEKDAY,PW4,PW3,918.0
WEEKDAY,PW4,PW5,290.0
WEEKDAY,PW5,PW4,322.0
WEEKDAY,PW5,PW6,1951.0
WEEKDAY,PW6,PW5,1923.0
WEEKDAY,PW6,PW7,2696.0
WEEKDAY,PW7,NE17,3145.0
WEEKDAY,PW7,PW6,2605.0
WEEKDAY,SE1,NE16,8234.0
WEEKDAY,SE1,SE2,5285.0
WEEKDAY,SE2,SE1,5920.0
WEEKDAY,SE2,SE3,2653.0
WEEKDAY,SE3,SE2,2972.0
WEEKDAY,SE3,SE4,892.0
WEEKDAY,SE4,SE3,1055.0
WEEKDAY,SE4,SE5,2281.0
WEEKDAY,SE5,NE16,3664.0
WEEKDAY,SE5,SE4,2392.0
WEEKDAY,SW1,NE16,5182.0
WEEKDAY,SW1,SW2,4170.0
WEEKDAY,SW2,SW1,4436.0
WEEKDAY,SW2,SW3,2881.0
WEEKDAY,SW3,SW2,2983.0
WEEKDAY,SW3,SW4,2057.0
WEEKDAY,SW4,SW3,2049.0
WEEKDAY,SW4,SW5,1481.0
WEEKDAY,SW5,SW4,1496.0
WEEKDAY,SW5,SW6,5471.0
WEEKDAY,SW6,SW5,5011.0
WEEKDAY,SW6,SW7,7504.0
WEEKDAY,SW7,SW6,6888.0
WEEKDAY,SW7,SW8,8703.0
WEEKDAY,SW8,NE16,9259.0
WEEKDAY,SW8,SW7,7900.0
WEEKDAY,TE1,NS9,2065.0
WEEKDAY,TE3,NS9,3049.0
WEEKENDS/HOLIDAY,BP10,BP11,2475.0
WEEKENDS/HOLIDAY,BP10,BP9,141.0
WEEKENDS/HOLIDAY,BP11,BP10,106.0
WEEKENDS/HOLIDAY,BP11,BP12,4204.0
WEEKENDS/HOLIDAY,BP12,BP11,1470.0
WEEKENDS/HOLIDAY,BP12,BP13,5239.0
WEEKENDS/HOLIDAY,BP13,BP12,2130.0
WEEKENDS/HOLIDAY,BP13,DT1,5928.0
WEEKENDS/HOLIDAY,BP2,BP3,12376.0
WEEKENDS/HOLIDAY,BP2,NS4,12482.0
WEEKENDS/HOLIDAY,BP3,BP2,12568.0
WEEKENDS/HOLIDAY,BP3,BP4,12469.0
WEEKENDS/HOLIDAY,BP4,BP3,12263.0
WEEKENDS/HOLIDAY,BP4,BP5,12624.0
WEEKENDS/HOLIDAY,BP5,BP4,12323.0
WEEKENDS/HOLIDAY,BP5,DT1,13003.0
WEEKENDS/HOLIDAY,BP7,BP8,4059.0
WEEKENDS/HOLIDAY,BP7,DT1,1980.0
WEEKENDS/HOLIDAY,BP8,BP7,1842.0
WEEKENDS/HOLIDAY,BP8,BP9,3596.0
WEEKENDS/HOLIDAY,BP9,BP10,2856.0
WEEKENDS/HOLIDAY,BP9,BP8,1273.0
WEEKENDS/HOLIDAY,CC10,CC11,26906.0
WEEKENDS/HOLIDAY,CC10,DT25,26326.0
WEEKENDS/HOLIDAY,CC10,DT27,41012.0
WEEKENDS/HOLIDAY,CC10,EW8,47844.0
WEEKENDS/HOLIDAY,CC11,CC10,29042.0
WEEKENDS/HOLIDAY,CC11,CC12,27378.0
WEEKENDS/HOLIDAY,CC12,CC11,29695.0
WEEKENDS/HOLIDAY,CC12,NE12,27774.0
WEEKENDS/HOLIDAY,CC14,NE12,32467.0
WEEKENDS/HOLIDAY,CC14,NS17,31543.0
WEEKENDS/HOLIDAY,CC16,CC17,19981.0
WEEKENDS/HOLIDAY,CC16,NS17,18048.0
WEEKENDS/HOLIDAY,CC17,CC16,17885.0
WEEKENDS/HOLIDAY,CC17,CC19,20580.0
WEEKENDS/HOLIDAY,CC19,CC17,18599.0
WEEKENDS/HOLIDAY,CC19,CC20,49184.0
WEEKENDS/HOLIDAY,CC19,DT10,61547.0
WEEKENDS/HOLIDAY,CC19,DT8,30344.0
WEEKENDS/HOLIDAY,CC2,CC3,4314.0
WEEKENDS/HOLIDAY,CC2,NS24,5318.0
WEEKENDS/HOLIDAY,CC20,CC19,49254.0
WEEKENDS/HOLIDAY,CC20,CC21,48760.0
WEEKENDS/HOLIDAY,CC21,CC20,48917.0
WEEKENDS/HOLIDAY,CC21,EW21,47759.0
WEEKENDS/HOLIDAY,CC23,CC24,10401.0
WEEKENDS/HOLIDAY,CC23,EW21,11714.0
WEEKENDS/HOLIDAY,CC24,CC23,10205.0
WEEKENDS/HOLIDAY,CC24,CC25,8289.0
WEEKENDS/HOLIDAY,CC25,CC24,8146.0
WEEKENDS/HOLIDAY,CC25,CC26,7850.0
WEEKENDS/HOLIDAY,CC26,CC25,7407.0
WEEKENDS/HOLIDAY,CC26,CC27,7791.0
WEEKENDS/HOLIDAY,CC27,CC26,7458.0
WEEKENDS/HOLIDAY,CC27,CC28,7783.0
WEEKENDS/HOLIDAY,CC28,CC27,7619.0
WEEKENDS/HOLIDAY,CC28,NE1,8496.0
WEEKENDS/HOLIDAY,CC3,CC2,4526.0
WEEKENDS/HOLIDAY,CC3,CC4,3951.0
WEEKENDS/HOLIDAY,CC4,CC3,3755.0
WEEKENDS/HOLIDAY,CC4,CC5,12713.0
WEEKENDS/HOLIDAY,CC4,CE1,18535.0
WEEKENDS/HOLIDAY,CC4,EW12,18350.0
WEEKENDS/HOLIDAY,CC5,CC4,12762.0
WEEKENDS/HOLIDAY,CC5,CC6,11744.0
WEEKENDS/HOLIDAY,CC6,CC5,11916.0
WEEKENDS/HOLIDAY,CC6,CC7,12464.0
WEEKENDS/HOLIDAY,CC7,CC6,12575.0
WEEKENDS/HOLIDAY,CC7,CC8,12300.0
WEEKENDS/HOLIDAY,CC8,CC7,12869.0
WEEKENDS/HOLIDAY,CC8,EW8,12842.0
WEEKENDS/HOLIDAY,CE1,CC4,18357.0
WEEKENDS/HOLIDAY,CE1,DT17,7950.0
WEEKENDS/HOLIDAY,CE1,NS27,1135.0
WEEKENDS/HOLIDAY,CG1,CG2,6212.0
WEEKENDS/HOLIDAY,CG1,DT34,3763.0
WEEKENDS/HOLIDAY,CG1,EW4,7536.0
WEEKENDS/HOLIDAY,CG2,CG1,6197.0
WEEKENDS/HOLIDAY,DT1,BP13,2491.0
WEEKENDS/HOLIDAY,DT1,BP5,12439.0
WEEKENDS/HOLIDAY,DT1,BP7,4432.0
WEEKENDS/HOLIDAY,DT1,DT2,20212.0
WEEKENDS/HOLIDAY,DT10,CC19,59005.0
WEEKENDS/HOLIDAY,DT10,NS21,62924.0
WEEKENDS/HOLIDAY,DT13,EW12,63275.0
WEEKENDS/HOLIDAY,DT13,NE7,63387.0
WEEKENDS/HOLIDAY,DT17,CE1,7750.0
WEEKENDS/HOLIDAY,DT17,DT18,7058.0
WEEKENDS/HOLIDAY,DT18,DT17,6754.0
WEEKENDS/HOLIDAY,DT18,NE4,8546.0
WEEKENDS/HOLIDAY,DT2,DT1,19492.0
WEEKENDS/HOLIDAY,DT2,DT3,20852.0
WEEKENDS/HOLIDAY,DT20,DT21,21240.0
WEEKENDS/HOLIDAY,DT20,NE4,21732.0
WEEKENDS/HOLIDAY,DT21,DT20,21645.0
WEEKENDS/HOLIDAY,DT21,DT22,22637.0
WEEKENDS/HOLIDAY,DT22,DT21,22915.0
WEEKENDS/HOLIDAY,DT22,DT23,24402.0
WEEKENDS/HOLIDAY,DT23,DT22,25239.0
WEEKENDS/HOLIDAY,DT23,DT24,24835.0
WEEKENDS/HOLIDAY,DT24,DT23,25721.0
WEEKENDS/HOLIDAY,DT24,DT25,25141.0
WEEKENDS/HOLIDAY,DT25,CC10,25377.0
WEEKENDS/HOLIDAY,DT25,DT24,26007.0
WEEKENDS/HOLIDAY,DT27,CC10,42314.0
WEEKENDS/HOLIDAY,DT27,DT28,39429.0
WEEKENDS/HOLIDAY,DT28,DT27,40682.0
WEEKENDS/HOLIDAY,DT28,DT29,37660.0
WEEKENDS/HOLIDAY,DT29,DT28,38658.0
WEEKENDS/HOLIDAY,DT29,DT30,36527.0
WEEKENDS/HOLIDAY,DT3,DT2,19995.0
WEEKENDS/HOLIDAY,DT3,DT5,24378.0
WEEKENDS/HOLIDAY,DT30,DT29,37214.0
WEEKENDS/HOLIDAY,DT30,DT31,34870.0
WEEKENDS/HOLIDAY,DT31,DT30,35444.0
WEEKENDS/HOLIDAY,DT31,EW2,33699.0
WEEKENDS/HOLIDAY,DT33,DT34,4439.0
WEEKENDS/HOLIDAY,DT33,EW2,10986.0
WEEKENDS/HOLIDAY,DT34,CG1,4375.0
WEEKENDS/HOLIDAY,DT34,DT33,3926.0
WEEKENDS/HOLIDAY,DT5,DT3,23074.0
WEEKENDS/HOLIDAY,DT5,DT6,28396.0
WEEKENDS/HOLIDAY,DT6,DT5,26702.0
WEEKENDS/HOLIDAY,DT6,DT7,29965.0
WEEKENDS/HOLIDAY,DT7,DT6,28384.0
WEEKENDS/HOLIDAY,DT7,DT8,30895.0
WEEKENDS/HOLIDAY,DT8,CC19,31597.0
WEEKENDS/HOLIDAY,DT8,DT7,29579.0
WEEKENDS/HOLIDAY,EW1,EW2,17993.0
WEEKENDS/HOLIDAY,EW10,EW11,47517.0
WEEKENDS/HOLIDAY,EW10,EW9,46812.0
WEEKENDS/HOLIDAY,EW11,EW10,47943.0
WEEKENDS/HOLIDAY,EW11,EW12,50374.0
WEEKENDS/HOLIDAY,EW12,CC4,18990.0
WEEKENDS/HOLIDAY,EW12,DT13,60856.0
WEEKENDS/HOLIDAY,EW12,EW11,51411.0
WEEKENDS/HOLIDAY,EW12,NS25,14366.0
WEEKENDS/HOLIDAY,EW15,EW16,12004.0
WEEKENDS/HOLIDAY,EW15,NS26,14914.0
WEEKENDS/HOLIDAY,EW16,EW15,13124.0
WEEKENDS/HOLIDAY,EW16,EW17,30930.0
WEEKENDS/HOLIDAY,EW16,NE1,23953.0
WEEKENDS/HOLIDAY,EW16,NE4,45750.0
WEEKENDS/HOLIDAY,EW17,EW16,30973.0
WEEKENDS/HOLIDAY,EW17,EW18,28459.0
WEEKENDS/HOLIDAY,EW18,EW17,29509.0
WEEKENDS/HOLIDAY,EW18,EW19,27697.0
WEEKENDS/HOLIDAY,EW19,EW18,29141.0
WEEKENDS/HOLIDAY,EW19,EW20,28228.0
WEEKENDS/HOLIDAY,EW2,DT31,34503.0
WEEKENDS/HOLIDAY,EW2,DT33,10773.0
WEEKENDS/HOLIDAY,EW2,EW1,17213.0
WEEKENDS/HOLIDAY,EW2,EW3,10218.0
WEEKENDS/HOLIDAY,EW20,EW19,29627.0
WEEKENDS/HOLIDAY,EW20,EW21,30976.0
WEEKENDS/HOLIDAY,EW21,CC21,48126.0
WEEKENDS/HOLIDAY,EW21,CC23,11924.0
WEEKENDS/HOLIDAY,EW21,EW20,32084.0
WEEKENDS/HOLIDAY,EW21,EW22,71383.0
WEEKENDS/HOLIDAY,EW22,EW21,72634.0
WEEKENDS/HOLIDAY,EW22,EW23,71168.0
WEEKENDS/HOLIDAY,EW23,EW22,72915.0
WEEKENDS/HOLIDAY,EW23,NS1,69665.0
WEEKENDS/HOLIDAY,EW25,EW26,56075.0
WEEKENDS/HOLIDAY,EW25,NS1,60485.0
WEEKENDS/HOLIDAY,EW26,EW25,58215.0
WEEKENDS/HOLIDAY,EW26,EW27,44589.0
WEEKENDS/HOLIDAY,EW27,EW26,44554.0
WEEKENDS/HOLIDAY,EW27,EW28,14616.0
WEEKENDS/HOLIDAY,EW28,EW27,17151.0
WEEKENDS/HOLIDAY,EW28,EW29,8359.0
WEEKENDS/HOLIDAY,EW29,EW28,8623.0
WEEKENDS/HOLIDAY,EW29,EW30,3282.0
WEEKENDS/HOLIDAY,EW3,EW2,9900.0
WEEKENDS/HOLIDAY,EW3,EW4,14141.0
WEEKENDS/HOLIDAY,EW30,EW29,3605.0
WEEKENDS/HOLIDAY,EW30,EW31,2513.0
WEEKENDS/HOLIDAY,EW31,EW30,2774.0
WEEKENDS/HOLIDAY,EW31,EW32,1650.0
WEEKENDS/HOLIDAY,EW32,EW31,1764.0
WEEKENDS/HOLIDAY,EW32,EW33,791.0
WEEKENDS/HOLIDAY,EW33,EW32,826.0
WEEKENDS/HOLIDAY,EW4,CG1,7163.0
WEEKENDS/HOLIDAY,EW4,EW3,13819.0
WEEKENDS/HOLIDAY,EW4,EW5,23648.0
WEEKENDS/HOLIDAY,EW5,EW4,22347.0
WEEKENDS/HOLIDAY,EW5,EW6,33593.0
WEEKENDS/HOLIDAY,EW6,EW5,31996.0
WEEKENDS/HOLIDAY,EW6,EW7,35458.0
WEEKENDS/HOLIDAY,EW7,EW6,34657.0
WEEKENDS/HOLIDAY,EW7,EW8,38732.0
WEEKENDS/HOLIDAY,EW8,CC10,45103.0
WEEKENDS/HOLIDAY,EW8,CC8,13409.0
WEEKENDS/HOLIDAY,EW8,EW7,38900.0
WEEKENDS/HOLIDAY,EW8,EW9,45592.0
WEEKENDS/HOLIDAY,EW9,EW10,46758.0
WEEKENDS/HOLIDAY,EW9,EW8,45354.0
WEEKENDS/HOLIDAY,NE1,CC28,8276.0
WEEKENDS/HOLIDAY,NE1,EW16,23667.0
WEEKENDS/HOLIDAY,NE10,NE11,57696.0
WEEKENDS/HOLIDAY,NE10,NE9,62015.0
WEEKENDS/HOLIDAY,NE11,NE10,61465.0
WEEKENDS/HOLIDAY,NE11,NE12,57311.0
WEEKENDS/HOLIDAY,NE12,CC12,29948.0
WEEKENDS/HOLIDAY,NE12,CC14,31881.0
WEEKENDS/HOLIDAY,NE12,NE11,60971.0
WEEKENDS/HOLIDAY,NE12,NE13,67416.0
WEEKENDS/HOLIDAY,NE13,NE12,71768.0
WEEKENDS/HOLIDAY,NE13,NE14,63456.0
WEEKENDS/HOLIDAY,NE14,NE13,67413.0
WEEKENDS/HOLIDAY,NE14,NE15,54683.0
WEEKENDS/HOLIDAY,NE15,NE14,57885.0
WEEKENDS/HOLIDAY,NE15,NE16,48937.0
WEEKENDS/HOLIDAY,NE16,NE15,51678.0
WEEKENDS/HOLIDAY,NE16,NE17,28890.0
WEEKENDS/HOLIDAY,NE16,SE1,5883.0
WEEKENDS/HOLIDAY,NE16,SE5,2783.0
WEEKENDS/HOLIDAY,NE16,SW1,3694.0
WEEKENDS/HOLIDAY,NE16,SW8,6453.0
WEEKENDS/HOLIDAY,NE17,NE16,30884.0
WEEKENDS/HOLIDAY,NE17,PE1,6190.0
WEEKENDS/HOLIDAY,NE17,PE7,7111.0
WEEKENDS/HOLIDAY,NE17,PW1,1541.0
WEEKENDS/HOLIDAY,NE17,PW7,2910.0
WEEKENDS/HOLIDAY,NE4,DT18,8655.0
WEEKENDS/HOLIDAY,NE4,DT20,21610.0
WEEKENDS/HOLIDAY,NE4,EW16,46660.0
WEEKENDS/HOLIDAY,NE4,NE5,41594.0
WEEKENDS/HOLIDAY,NE5,NE4,42793.0
WEEKENDS/HOLIDAY,NE5,NS24,43875.0
WEEKENDS/HOLIDAY,NE7,DT13,66359.0
WEEKENDS/HOLIDAY,NE7,NE8,60590.0
WEEKENDS/HOLIDAY,NE7,NS21,86980.0
WEEKENDS/HOLIDAY,NE7,NS24,95605.0
WEEKENDS/HOLIDAY,NE8,NE7,63983.0
WEEKENDS/HOLIDAY,NE8,NE9,59430.0
WEEKENDS/HOLIDAY,NE9,NE10,58305.0
WEEKENDS/HOLIDAY,NE9,NE8,64551.0
WEEKENDS/HOLIDAY,NS1,EW23,72182.0
WEEKENDS/HOLIDAY,NS1,EW25,58484.0
WEEKENDS/HOLIDAY,NS1,NS2,52999.0
WEEKENDS/HOLIDAY,NS10,NS11,51412.0
WEEKENDS/HOLIDAY,NS10,NS9,45937.0
WEEKENDS/HOLIDAY,NS11,NS10,50001.0
WEEKENDS/HOLIDAY,NS11,NS12,57874.0
WEEKENDS/HOLIDAY,NS12,NS11,56124.0
WEEKENDS/HOLIDAY,NS12,NS13,60030.0
WEEKENDS/HOLIDAY,NS13,NS12,57635.0
WEEKENDS/HOLIDAY,NS13,NS14,64281.0
WEEKENDS/HOLIDAY,NS14,NS13,63050.0
WEEKENDS/HOLIDAY,NS14,NS15,68902.0
WEEKENDS/HOLIDAY,NS15,NS14,65722.0
WEEKENDS/HOLIDAY,NS15,NS16,71065.0
WEEKENDS/HOLIDAY,NS16,NS15,67168.0
WEEKENDS/HOLIDAY,NS16,NS17,79602.0
WEEKENDS/HOLIDAY,NS17,CC14,32039.0
WEEKENDS/HOLIDAY,NS17,CC16,20424.0
WEEKENDS/HOLIDAY,NS17,NS16,77404.0
WEEKENDS/HOLIDAY,NS17,NS18,64934.0
WEEKENDS/HOLIDAY,NS18,NS17,61726.0
WEEKENDS/HOLIDAY,NS18,NS19,67050.0
WEEKENDS/HOLIDAY,NS19,NS18,63190.0
WEEKENDS/HOLIDAY,NS19,NS20,70515.0
WEEKENDS/HOLIDAY,NS2,NS1,53536.0
WEEKENDS/HOLIDAY,NS2,NS3,48564.0
WEEKENDS/HOLIDAY,NS20,NS19,67544.0
WEEKENDS/HOLIDAY,NS20,NS21,68123.0
WEEKENDS/HOLIDAY,NS21,DT10,59912.0
WEEKENDS/HOLIDAY,NS21,NE7,91682.0
WEEKENDS/HOLIDAY,NS21,NS20,65117.0
WEEKENDS/HOLIDAY,NS21,NS22,30152.0
WEEKENDS/HOLIDAY,NS22,NS21,29730.0
WEEKENDS/HOLIDAY,NS22,NS23,26786.0
WEEKENDS/HOLIDAY,NS23,NS22,28303.0
WEEKENDS/HOLIDAY,NS23,NS24,25270.0
WEEKENDS/HOLIDAY,NS24,CC2,5380.0
WEEKENDS/HOLIDAY,NS24,NE5,45394.0
WEEKENDS/HOLIDAY,NS24,NE7,92272.0
WEEKENDS/HOLIDAY,NS24,NS23,28176.0
WEEKENDS/HOLIDAY,NS24,NS25,24785.0
WEEKENDS/HOLIDAY,NS25,EW12,14870.0
WEEKENDS/HOLIDAY,NS25,NS24,24694.0
WEEKENDS/HOLIDAY,NS25,NS26,19047.0
WEEKENDS/HOLIDAY,NS26,EW15,14317.0
WEEKENDS/HOLIDAY,NS26,NS25,19748.0
WEEKENDS/HOLIDAY,NS26,NS27,2623.0
WEEKENDS/HOLIDAY,NS27,CE1,1258.0
WEEKENDS/HOLIDAY,NS27,NS26,2499.0
WEEKENDS/HOLIDAY,NS27,NS28,2003.0
WEEKENDS/HOLIDAY,NS28,NS27,2212.0
WEEKENDS/HOLIDAY,NS3,NS2,49678.0
WEEKENDS/HOLIDAY,NS3,NS4,44219.0
WEEKENDS/HOLIDAY,NS4,BP2,11936.0
WEEKENDS/HOLIDAY,NS4,NS3,45113.0
WEEKENDS/HOLIDAY,NS4,NS5,41423.0
WEEKENDS/HOLIDAY,NS5,NS4,43037.0
WEEKENDS/HOLIDAY,NS5,NS7,34229.0
WEEKENDS/HOLIDAY,NS7,NS5,35300.0
WEEKENDS/HOLIDAY,NS7,NS8,34554.0
WEEKENDS/HOLIDAY,NS8,NS7,35709.0
WEEKENDS/HOLIDAY,NS8,NS9,39416.0
WEEKENDS/HOLIDAY,NS9,NS10,43699.0
WEEKENDS/HOLIDAY,NS9,NS8,38140.0
WEEKENDS/HOLIDAY,NS9,TE1,373.0
WEEKENDS/HOLIDAY,NS9,TE3,1187.0
WEEKENDS/HOLIDAY,PE1,NE17,6505.0
WEEKENDS/HOLIDAY,PE1,PE2,5205.0
WEEKENDS/HOLIDAY,PE2,PE1,5467.0
WEEKENDS/HOLIDAY,PE2,PE3,3637.0
WEEKENDS/HOLIDAY,PE3,PE2,3688.0
WEEKENDS/HOLIDAY,PE3,PE4,1523.0
WEEKENDS/HOLIDAY,PE4,PE3,1589.0
WEEKENDS/HOLIDAY,PE4,PE5,2415.0
WEEKENDS/HOLIDAY,PE5,PE4,2542.0
WEEKENDS/HOLIDAY,PE5,PE6,4534.0
WEEKENDS/HOLIDAY,PE6,PE5,4457.0
WEEKENDS/HOLIDAY,PE6,PE7,6268.0
WEEKENDS/HOLIDAY,PE7,NE17,7653.0
WEEKENDS/HOLIDAY,PE7,PE6,5875.0
WEEKENDS/HOLIDAY,PW1,NE17,1636.0
WEEKENDS/HOLIDAY,PW1,PW3,850.0
WEEKENDS/HOLIDAY,PW3,PW1,896.0
WEEKENDS/HOLIDAY,PW3,PW4,684.0
WEEKENDS/HOLIDAY,PW4,PW3,768.0
WEEKENDS/HOLIDAY,PW4,PW5,224.0
WEEKENDS/HOLIDAY,PW5,PW4,263.0
WEEKENDS/HOLIDAY,PW5,PW6,1527.0
WEEKENDS/HOLIDAY,PW6,PW5,1568.0
WEEKENDS/HOLIDAY,PW6,PW7,2178.0
WEEKENDS/HOLIDAY,PW7,NE17,2815.0
WEEKENDS/HOLIDAY,PW7,PW6,2118.0
WEEKENDS/HOLIDAY,SE1,NE16,6412.0
WEEKENDS/HOLIDAY,SE1,SE2,4274.0
WEEKENDS/HOLIDAY,SE2,SE1,4709.0
WEEKENDS/HOLIDAY,SE2,SE3,2126.0
WEEKENDS/HOLIDAY,SE3,SE2,2365.0
WEEKENDS/HOLIDAY,SE3,SE4,816.0
WEEKENDS/HOLIDAY,SE4,SE3,939.0
WEEKENDS/HOLIDAY,SE4,SE5,1866.0
WEEKENDS/HOLIDAY,SE5,NE16,2818.0
WEEKENDS/HOLIDAY,SE5,SE4,1827.0
WEEKENDS/HOLIDAY,SW1,NE16,3916.0
WEEKENDS/HOLIDAY,SW1,SW2,3328.0
WEEKENDS/HOLIDAY,SW2,SW1,3502.0
WEEKENDS/HOLIDAY,SW2,SW3,2182.0
WEEKENDS/HOLIDAY,SW3,SW2,2187.0
WEEKENDS/HOLIDAY,SW3,SW4,1508.0
WEEKENDS/HOLIDAY,SW4,SW3,1493.0
WEEKENDS/HOLIDAY,SW4,SW5,1100.0
WEEKENDS/HOLIDAY,SW5,SW4,1087.0
WEEKENDS/HOLIDAY,SW5,SW6,4446.0
WEEKENDS/HOLIDAY,SW6,SW5,4147.0
WEEKENDS/HOLIDAY,SW6,SW7,5783.0
WEEKENDS/HOLIDAY,SW7,SW6,5354.0
WEEKENDS/HOLIDAY,SW7,SW8,6647.0
WEEKENDS/HOLIDAY,SW8,NE16,7063.0
WEEKENDS/HOLIDAY,SW8,SW7,6071.0
WEEKENDS/HOLIDAY,TE1,NS9,398.0
WEEKENDS/HOLIDAY,TE3,NS9,1637.0
