DAY_TYPE,PT_CODE,TOTAL_TAP_IN_VOLUME,TOTAL_TAP_OUT_VOLUME
WEEKDAY,BP10,3109.0,3333.0
WEEKDAY,BP11,3343.0,2754.0
WEEKDAY,BP12,2802.0,2141.0
WEEKDAY,BP13,1435.0,978.0
WEEKDAY,BP2,3013.0,2339.0
WEEKDAY,BP3,3771.0,3247.0
WEEKDAY,BP4,3337.0,3224.0
WEEKDAY,BP5,1999.0,1583.0
WEEKDAY,BP6/DT1,28148.0,30290.0
WEEKDAY,BP7,1115.0,1118.0
WEEKDAY,BP8,2067.0,1817.0
WEEKDAY,BP9,2375.0,2280.0
WEEKDAY,CC10/DT26,12575.0,11968.0
WEEKDAY,CC11,12852.0,13082.0
WEEKDAY,CC12,5379.0,4552.0
WEEKDAY,CC14,6491.0,6178.0
WEEKDAY,CC16,8495.0,8266.0
WEEKDAY,CC17,3369.0,3167.0
WEEKDAY,CC19/DT9,4410.0,4757.0
WEEKDAY,CC2,2801.0,3122.0
WEEKDAY,CC20,4282.0,4320.0
WEEKDAY,CC21,6055.0,6466.0
WEEKDAY,CC22/EW21,18273.0,16475.0
WEEKDAY,CC23,8325.0,8120.0
WEEKDAY,CC24,13987.0,13670.0
WEEKDAY,CC25,5096.0,4765.0
WEEKDAY,CC26,4091.0,4320.0
WEEKDAY,CC27,3260.0,3383.0
WEEKDAY,CC28,2932.0,2946.0
WEEKDAY,CC3,3515.0,3224.0
WEEKDAY,CC4/DT15,10247.0,10641.0
WEEKDAY,CC5,3154.0,3219.0
WEEKDAY,CC6,4496.0,4704.0
WEEKDAY,CC7,5468.0,5549.0
WEEKDAY,CC8,6799.0,5850.0
WEEKDAY,CE1/DT16,12603.0,13029.0
WEEKDAY,CG1/DT35,7599.0,7717.0
WEEKDAY,CG2,4634.0,4587.0
WEEKDAY,DT10,4257.0,3286.0
WEEKDAY,DT13,6114.0,6416.0
WEEKDAY,DT17,9945.0,9891.0
WEEKDAY,DT18,9398.0,10052.0
WEEKDAY,DT2,2247.0,1794.0
WEEKDAY,DT20,3367.0,3579.0
WEEKDAY,DT21,4027.0,3856.0
WEEKDAY,DT22,3941.0,4283.0
WEEKDAY,DT23,2749.0,2763.0
WEEKDAY,DT24,3995.0,3923.0
WEEKDAY,DT25,3092.0,3329.0
WEEKDAY,DT27,6211.0,6101.0
WEEKDAY,DT28,7477.0,7169.0
WEEKDAY,DT29,5810.0,5262.0
WEEKDAY,DT3,5567.0,5013.0
WEEKDAY,DT30,5611.0,5535.0
WEEKDAY,DT31,6112.0,6535.0
WEEKDAY,DT33,13730.0,12874.0
WEEKDAY,DT34,3321.0,3028.0
WEEKDAY,DT5,9063.0,9187.0
WEEKDAY,DT6,5133.0,4899.0
WEEKDAY,DT7,3005.0,3270.0
WEEKDAY,DT8,4248.0,3814.0
WEEKDAY,EW1,23214.0,22514.0
WEEKDAY,EW10,7669.0,7847.0
WEEKDAY,EW11,12274.0,12627.0
WEEKDAY,EW12/DT14,28762.0,29828.0
WEEKDAY,EW13/NS25,22636.0,23407.0
WEEKDAY,EW14/NS26,28405.0,27572.0
WEEKDAY,EW15,24924.0,26012.0
WEEKDAY,EW16/NE3,22438.0,21622.0
WEEKDAY,EW17,19896.0,21021.0
WEEKDAY,EW18,13707.0,14357.0
WEEKDAY,EW19,10907.0,10348.0
WEEKDAY,EW2/DT32,38191.0,39310.0
WEEKDAY,EW20,12009.0,11545.0
WEEKDAY,EW22,10059.0,10296.0
WEEKDAY,EW23,34636.0,36529.0
WEEKDAY,EW24/NS1,54014.0,54709.0
WEEKDAY,EW25,7555.0,7129.0
WEEKDAY,EW26,27677.0,24810.0
WEEKDAY,EW27,36973.0,42490.0
WEEKDAY,EW28,24170.0,18425.0
WEEKDAY,EW29,14014.0,14325.0
WEEKDAY,EW3,13420.0,13503.0
WEEKDAY,EW30,3475.0,3062.0
WEEKDAY,EW31,3608.0,3119.0
WEEKDAY,EW32,3510.0,3282.0
WEEKDAY,EW33,2226.0,2177.0
WEEKDAY,EW4,11816.0,10673.0
WEEKDAY,EW5,24755.0,24237.0
WEEKDAY,EW6,7443.0,9089.0
WEEKDAY,EW7,10325.0,12131.0
WEEKDAY,EW8/CC9,31329.0,32283.0
WEEKDAY,EW9,14861.0,14655.0
WEEKDAY,NE1/CC29,22618.0,23281.0
WEEKDAY,NE10,11630.0,11998.0
WEEKDAY,NE11,5049.0,4613.0
WEEKDAY,NE12/CC13,21842.0,20156.0
WEEKDAY,NE13,15954.0,16254.0
WEEKDAY,NE14,23881.0,23456.0
WEEKDAY,NE15,13621.0,13281.0
WEEKDAY,NE16/STC,32488.0,33711.0
WEEKDAY,NE17/PTC,29009.0,28075.0
WEEKDAY,NE4/DT19,31973.0,31537.0
WEEKDAY,NE5,8157.0,8316.0
WEEKDAY,NE7/DT12,16069.0,16806.0
WEEKDAY,NE8,14909.0,17060.0
WEEKDAY,NE9,17667.0,15842.0
WEEKDAY,NS10,41065.0,35974.0
WEEKDAY,NS11,33140.0,33388.0
WEEKDAY,NS12,11629.0,10706.0
WEEKDAY,NS13,42037.0,44582.0
WEEKDAY,NS14,27345.0,24717.0
WEEKDAY,NS15,22286.0,20633.0
WEEKDAY,NS16,39233.0,42252.0
WEEKDAY,NS17/CC15,16391.0,10136.0
WEEKDAY,NS18,12236.0,11136.0
WEEKDAY,NS19,28050.0,29651.0
WEEKDAY,NS2,22555.0,23698.0
WEEKDAY,NS20,27495.0,27066.0
WEEKDAY,NS21/DT11,38768.0,40333.0
WEEKDAY,NS22,31346.0,33727.0
WEEKDAY,NS23,18845.0,20377.0
WEEKDAY,NS24/NE6/CC1,20742.0,19047.0
WEEKDAY,NS27/CE2,2663.0,2483.0
WEEKDAY,NS28,1126.0,1050.0
WEEKDAY,NS3,16589.0,16155.0
WEEKDAY,NS4/BP1,30158.0,32512.0
WEEKDAY,NS5,26244.0,24856.0
WEEKDAY,NS7,4864.0,5243.0
WEEKDAY,NS8,19612.0,15397.0
WEEKDAY,NS9/TE2,32991.0,40790.0
WEEKDAY,PE1,2805.0,2802.0
WEEKDAY,PE2,4538.0,4336.0
WEEKDAY,PE3,4640.0,4815.0
WEEKDAY,PE4,1260.0,1272.0
WEEKDAY,PE5,4614.0,4361.0
WEEKDAY,PE6,5241.0,5022.0
WEEKDAY,PE7,3339.0,3286.0
WEEKDAY,PW1,517.0,540.0
WEEKDAY,PW3,361.0,386.0
WEEKDAY,PW4,1220.0,1167.0
WEEKDAY,PW5,2054.0,2000.0
WEEKDAY,PW6,1053.0,1004.0
WEEKDAY,PW7,1816.0,2053.0
WEEKDAY,SE1,3649.0,3653.0
WEEKDAY,SE2,4490.0,4207.0
WEEKDAY,SE3,2520.0,2402.0
WEEKDAY,SE4,2778.0,2738.0
WEEKDAY,SE5,2490.0,2535.0
WEEKDAY,SW1,1919.0,2018.0
WEEKDAY,SW2,2892.0,2706.0
WEEKDAY,SW3,2173.0,2073.0
WEEKDAY,SW4,1108.0,1131.0
WEEKDAY,SW5,6179.0,5705.0
WEEKDAY,SW6,3348.0,3210.0
WEEKDAY,SW7,2373.0,2191.0
WEEKDAY,SW8,1837.0,1843.0
WEEKDAY,TE1,2202.0,1928.0
WEEKDAY,TE3,3174.0,2443.0
WEEKENDS/HOLIDAY,BP10,2130.0,2479.0
WEEKENDS/HOLIDAY,BP11,2226.0,1856.0
WEEKENDS/HOLIDAY,BP12,1475.0,1102.0
WEEKENDS/HOLIDAY,BP13,968.0,637.0
WEEKENDS/HOLIDAY,BP2,2198.0,1821.0
WEEKENDS/HOLIDAY,BP3,2893.0,2488.0
WEEKENDS/HOLIDAY,BP4,1249.0,1155.0
WEEKENDS/HOLIDAY,BP5,1423.0,1161.0
WEEKENDS/HOLIDAY,BP6/DT1,23166.0,24003.0
WEEKENDS/HOLIDAY,BP7,520.0,761.0
WEEKENDS/HOLIDAY,BP8,1208.0,1103.0
WEEKENDS/HOLIDAY,BP9,1790.0,1400.0
WEEKENDS/HOLIDAY,CC10/DT26,8598.0,8180.0
WEEKENDS/HOLIDAY,CC11,5828.0,5798.0
WEEKENDS/HOLIDAY,CC12,2749.0,2521.0
WEEKENDS/HOLIDAY,CC14,3582.0,3499.0
WEEKENDS/HOLIDAY,CC16,4855.0,4951.0
WEEKENDS/HOLIDAY,CC17,1598.0,1700.0
WEEKENDS/HOLIDAY,CC19/DT9,5463.0,6118.0
WEEKENDS/HOLIDAY,CC2,1965.0,2198.0
WEEKENDS/HOLIDAY,CC20,2971.0,3004.0
WEEKENDS/HOLIDAY,CC21,5387.0,5501.0
WEEKENDS/HOLIDAY,CC22/EW21,9562.0,9043.0
WEEKENDS/HOLIDAY,CC23,2243.0,2241.0
WEEKENDS/HOLIDAY,CC24,3786.0,3786.0
WEEKENDS/HOLIDAY,CC25,3395.0,3044.0
WEEKENDS/HOLIDAY,CC26,2148.0,2245.0
WEEKENDS/HOLIDAY,CC27,1178.0,1341.0
WEEKENDS/HOLIDAY,CC28,2340.0,2274.0
WEEKENDS/HOLIDAY,CC3,4268.0,3710.0
WEEKENDS/HOLIDAY,CC4/DT15,9141.0,9744.0
WEEKENDS/HOLIDAY,CC5,3007.0,3086.0
WEEKENDS/HOLIDAY,CC6,5757.0,5589.0
WEEKENDS/HOLIDAY,CC7,3760.0,4162.0
WEEKENDS/HOLIDAY,CC8,4242.0,4118.0
WEEKENDS/HOLIDAY,CE1/DT16,17841.0,17793.0
WEEKENDS/HOLIDAY,CG1/DT35,5120.0,5286.0
WEEKENDS/HOLIDAY,CG2,6560.0,6498.0
WEEKENDS/HOLIDAY,DT10,2387.0,1894.0
WEEKENDS/HOLIDAY,DT13,5054.0,5604.0
WEEKENDS/HOLIDAY,DT17,2289.0,2179.0
WEEKENDS/HOLIDAY,DT18,2695.0,3103.0
WEEKENDS/HOLIDAY,DT2,1054.0,911.0
WEEKENDS/HOLIDAY,DT20,2591.0,2868.0
WEEKENDS/HOLIDAY,DT21,2954.0,2832.0
WEEKENDS/HOLIDAY,DT22,4127.0,4693.0
WEEKENDS/HOLIDAY,DT23,1252.0,1276.0
WEEKENDS/HOLIDAY,DT24,2777.0,2747.0
WEEKENDS/HOLIDAY,DT25,1903.0,1965.0
WEEKENDS/HOLIDAY,DT27,3390.0,3329.0
WEEKENDS/HOLIDAY,DT28,4317.0,4061.0
WEEKENDS/HOLIDAY,DT29,4045.0,3722.0
WEEKENDS/HOLIDAY,DT3,4996.0,4550.0
WEEKENDS/HOLIDAY,DT30,4124.0,3974.0
WEEKENDS/HOLIDAY,DT31,4104.0,4344.0
WEEKENDS/HOLIDAY,DT33,9325.0,8541.0
WEEKENDS/HOLIDAY,DT34,2177.0,2068.0
WEEKENDS/HOLIDAY,DT5,9199.0,8769.0
WEEKENDS/HOLIDAY,DT6,3420.0,3552.0
WEEKENDS/HOLIDAY,DT7,2114.0,2361.0
WEEKENDS/HOLIDAY,DT8,1789.0,1813.0
WEEKENDS/HOLIDAY,EW1,18283.0,17459.0
WEEKENDS/HOLIDAY,EW10,7837.0,8170.0
WEEKENDS/HOLIDAY,EW11,9590.0,10178.0
WEEKENDS/HOLIDAY,EW12/DT14,31949.0,33128.0
WEEKENDS/HOLIDAY,EW13/NS25,27394.0,27613.0
WEEKENDS/HOLIDAY,EW14/NS26,8053.0,7811.0
WEEKENDS/HOLIDAY,EW15,10916.0,11440.0
WEEKENDS/HOLIDAY,EW16/NE3,10608.0,10131.0
WEEKENDS/HOLIDAY,EW17,15653.0,16646.0
WEEKENDS/HOLIDAY,EW18,9420.0,9827.0
WEEKENDS/HOLIDAY,EW19,7995.0,7933.0
WEEKENDS/HOLIDAY,EW2/DT32,33046.0,32803.0
WEEKENDS/HOLIDAY,EW20,8616.0,8322.0
WEEKENDS/HOLIDAY,EW22,2767.0,3266.0
WEEKENDS/HOLIDAY,EW23,26318.0,27006.0
WEEKENDS/HOLIDAY,EW24/NS1,48408.0,48388.0
WEEKENDS/HOLIDAY,EW25,5602.0,5740.0
WEEKENDS/HOLIDAY,EW26,20391.0,18160.0
WEEKENDS/HOLIDAY,EW27,33936.0,36443.0
WEEKENDS/HOLIDAY,EW28,10882.0,8579.0
WEEKENDS/HOLIDAY,EW29,5576.0,5624.0
WEEKENDS/HOLIDAY,EW3,10505.0,10474.0
WEEKENDS/HOLIDAY,EW30,948.0,850.0
WEEKENDS/HOLIDAY,EW31,1117.0,962.0
WEEKENDS/HOLIDAY,EW32,1051.0,963.0
WEEKENDS/HOLIDAY,EW33,948.0,918.0
WEEKENDS/HOLIDAY,EW4,8304.0,7667.0
WEEKENDS/HOLIDAY,EW5,21743.0,21374.0
WEEKENDS/HOLIDAY,EW6,6524.0,7307.0
WEEKENDS/HOLIDAY,EW7,8816.0,9778.0
WEEKENDS/HOLIDAY,EW8/CC9,33791.0,35048.0
WEEKENDS/HOLIDAY,EW9,13583.0,13783.0
WEEKENDS/HOLIDAY,NE1/CC29,26946.0,27234.0
WEEKENDS/HOLIDAY,NE10,8518.0,8606.0
WEEKENDS/HOLIDAY,NE11,3092.0,2990.0
WEEKENDS/HOLIDAY,NE12/CC13,19039.0,18038.0
WEEKENDS/HOLIDAY,NE13,15155.0,14768.0
WEEKENDS/HOLIDAY,NE14,19178.0,18467.0
WEEKENDS/HOLIDAY,NE15,10855.0,10447.0
WEEKENDS/HOLIDAY,NE16/STC,27432.0,28164.0
WEEKENDS/HOLIDAY,NE17/PTC,26540.0,25445.0
WEEKENDS/HOLIDAY,NE4/DT19,31570.0,31797.0
WEEKENDS/HOLIDAY,NE5,6007.0,6280.0
WEEKENDS/HOLIDAY,NE7/DT12,17259.0,19021.0
WEEKENDS/HOLIDAY,NE8,18605.0,20350.0
WEEKENDS/HOLIDAY,NE9,13641.0,12219.0
WEEKENDS/HOLIDAY,NS10,29672.0,25890.0
WEEKENDS/HOLIDAY,NS11,26076.0,25671.0
WEEKENDS/HOLIDAY,NS12,9042.0,8371.0
WEEKENDS/HOLIDAY,NS13,34305.0,35332.0
WEEKENDS/HOLIDAY,NS14,20025.0,18008.0
WEEKENDS/HOLIDAY,NS15,9998.0,9191.0
WEEKENDS/HOLIDAY,NS16,31993.0,33719.0
WEEKENDS/HOLIDAY,NS17/CC15,10922.0,6859.0
WEEKENDS/HOLIDAY,NS18,9246.0,8663.0
WEEKENDS/HOLIDAY,NS19,24568.0,25493.0
WEEKENDS/HOLIDAY,NS2,17165.0,17753.0
WEEKENDS/HOLIDAY,NS20,16791.0,16583.0
WEEKENDS/HOLIDAY,NS21/DT11,35058.0,35957.0
WEEKENDS/HOLIDAY,NS22,39595.0,41388.0
WEEKENDS/HOLIDAY,NS23,21147.0,22451.0
WEEKENDS/HOLIDAY,NS24/NE6/CC1,22810.0,21451.0
WEEKENDS/HOLIDAY,NS27/CE2,1009.0,1215.0
WEEKENDS/HOLIDAY,NS28,2379.0,2168.0
WEEKENDS/HOLIDAY,NS3,13227.0,13001.0
WEEKENDS/HOLIDAY,NS4/BP1,22508.0,23778.0
WEEKENDS/HOLIDAY,NS5,18509.0,17958.0
WEEKENDS/HOLIDAY,NS7,4167.0,4216.0
WEEKENDS/HOLIDAY,NS8,14476.0,12000.0
WEEKENDS/HOLIDAY,NS9/TE2,27615.0,31593.0
WEEKENDS/HOLIDAY,PE1,2272.0,2215.0
WEEKENDS/HOLIDAY,PE2,3408.0,3206.0
WEEKENDS/HOLIDAY,PE3,3945.0,3967.0
WEEKENDS/HOLIDAY,PE4,1301.0,1351.0
WEEKENDS/HOLIDAY,PE5,3289.0,3085.0
WEEKENDS/HOLIDAY,PE6,4433.0,4123.0
WEEKENDS/HOLIDAY,PE7,2669.0,2530.0
WEEKENDS/HOLIDAY,PW1,901.0,858.0
WEEKENDS/HOLIDAY,PW3,266.0,321.0
WEEKENDS/HOLIDAY,PW4,1019.0,970.0
WEEKENDS/HOLIDAY,PW5,1659.0,1675.0
WEEKENDS/HOLIDAY,PW6,857.0,763.0
WEEKENDS/HOLIDAY,PW7,1461.0,1624.0
WEEKENDS/HOLIDAY,SE1,2752.0,2672.0
WEEKENDS/HOLIDAY,SE2,3651.0,3448.0
WEEKENDS/HOLIDAY,SE3,1937.0,1825.0
WEEKENDS/HOLIDAY,SE4,2519.0,2381.0
WEEKENDS/HOLIDAY,SE5,1705.0,1708.0
WEEKENDS/HOLIDAY,SW1,1194.0,1156.0
WEEKENDS/HOLIDAY,SW2,2560.0,2379.0
WEEKENDS/HOLIDAY,SW3,1445.0,1416.0
WEEKENDS/HOLIDAY,SW4,888.0,895.0
WEEKENDS/HOLIDAY,SW5,5211.0,4936.0
WEEKENDS/HOLIDAY,SW6,2224.0,2098.0
WEEKENDS/HOLIDAY,SW7,1817.0,1679.0
WEEKENDS/HOLIDAY,SW8,1323.0,1280.0
WEEKENDS/HOLIDAY,TE1,470.0,430.0
WEEKENDS/HOLIDAY,TE3,1763.0,1294.0
