DAY_TYPE,PT_CODE,TOTAL_TAP_IN_VOLUME,TOTAL_TAP_OUT_VOLUME
WEEKDAY,BP10,2845.0,3077.0
WEEKDAY,BP11,2995.0,2375.0
WEEKDAY,BP12,2114.0,1520.0
WEEKDAY,BP13,1277.0,801.0
WEEKDAY,BP2,2787.0,2170.0
WEEKDAY,BP3,3553.0,2959.0
WEEKDAY,BP4,2443.0,2272.0
WEEKDAY,BP5,1733.0,1344.0
WEEKDAY,BP6/DT1,27894.0,29125.0
WEEKDAY,BP7,923.0,997.0
WEEKDAY,BP8,1713.0,1586.0
WEEKDAY,BP9,1859.0,1714.0
WEEKDAY,CC10/DT26,11999.0,11418.0
WEEKDAY,CC11,11889.0,11904.0
WEEKDAY,CC12,3274.0,2982.0
WEEKDAY,CC14,4460.0,4316.0
WEEKDAY,CC16,6243.0,6340.0
WEEKDAY,CC17,2479.0,2454.0
WEEKDAY,CC19/DT9,4154.0,4625.0
WEEKDAY,CC2,2204.0,2366.0
WEEKDAY,CC20,3236.0,3408.0
WEEKDAY,CC21,5825.0,6231.0
WEEKDAY,CC22/EW21,15343.0,14529.0
WEEKDAY,CC23,6430.0,6366.0
WEEKDAY,CC24,12346.0,11920.0
WEEKDAY,CC25,4835.0,4415.0
WEEKDAY,CC26,3600.0,3799.0
WEEKDAY,CC27,2551.0,2695.0
WEEKDAY,CC28,2844.0,2788.0
WEEKDAY,CC3,4463.0,3877.0
WEEKDAY,CC4/DT15,11410.0,12155.0
WEEKDAY,CC5,2754.0,2849.0
WEEKDAY,CC6,5584.0,5574.0
WEEKDAY,CC7,4520.0,4907.0
WEEKDAY,CC8,4776.0,4594.0
WEEKDAY,CE1/DT16,17819.0,17871.0
WEEKDAY,CG1/DT35,7798.0,7907.0
WEEKDAY,CG2,7793.0,8088.0
WEEKDAY,DT10,2770.0,2280.0
WEEKDAY,DT13,5740.0,6193.0
WEEKDAY,DT17,7445.0,7418.0
WEEKDAY,DT18,8102.0,8785.0
WEEKDAY,DT2,1581.0,1350.0
WEEKDAY,DT20,3257.0,3573.0
WEEKDAY,DT21,3464.0,3262.0
WEEKDAY,DT22,3705.0,4094.0
WEEKDAY,DT23,2338.0,2399.0
WEEKDAY,DT24,3629.0,3555.0
WEEKDAY,DT25,2666.0,2854.0
WEEKDAY,DT27,5336.0,5297.0
WEEKDAY,DT28,6811.0,6380.0
WEEKDAY,DT29,5412.0,4881.0
WEEKDAY,DT3,5318.0,4537.0
WEEKDAY,DT30,5245.0,4968.0
WEEKDAY,DT31,5710.0,6023.0
WEEKDAY,DT33,12680.0,11584.0
WEEKDAY,DT34,2966.0,2638.0
WEEKDAY,DT5,8822.0,8939.0
WEEKDAY,DT6,3975.0,3956.0
WEEKDAY,DT7,2398.0,2805.0
WEEKDAY,DT8,2261.0,2303.0
WEEKDAY,EW1,22952.0,21619.0
WEEKDAY,EW10,7394.0,7570.0
WEEKDAY,EW11,11738.0,12088.0
WEEKDAY,EW12/DT14,33691.0,35440.0
WEEKDAY,EW13/NS25,26721.0,27682.0
WEEKDAY,EW14/NS26,25456.0,24579.0
WEEKDAY,EW15,22736.0,23838.0
WEEKDAY,EW16/NE3,21044.0,20229.0
WEEKDAY,EW17,19434.0,20560.0
WEEKDAY,EW18,12311.0,12919.0
WEEKDAY,EW19,10076.0,9657.0
WEEKDAY,EW2/DT32,39522.0,40536.0
WEEKDAY,EW20,10973.0,10549.0
WEEKDAY,EW22,7863.0,8100.0
WEEKDAY,EW23,32202.0,33567.0
WEEKDAY,EW24/NS1,59062.0,60737.0
WEEKDAY,EW25,7005.0,6478.0
WEEKDAY,EW26,26994.0,23898.0
WEEKDAY,EW27,36461.0,41582.0
WEEKDAY,EW28,22361.0,16743.0
WEEKDAY,EW29,13251.0,13507.0
WEEKDAY,EW3,13344.0,13053.0
WEEKDAY,EW30,3104.0,2755.0
WEEKDAY,EW31,3355.0,2890.0
WEEKDAY,EW32,3132.0,2905.0
WEEKDAY,EW33,2084.0,1964.0
WEEKDAY,EW4,10323.0,9226.0
WEEKDAY,EW5,25334.0,24929.0
WEEKDAY,EW6,7035.0,8369.0
WEEKDAY,EW7,10057.0,11715.0
WEEKDAY,EW8/CC9,31724.0,32625.0
WEEKDAY,EW9,13606.0,13488.0
WEEKDAY,NE1/CC29,28899.0,29838.0
WEEKDAY,NE10,9615.0,10152.0
WEEKDAY,NE11,4086.0,3836.0
WEEKDAY,NE12/CC13,22344.0,19950.0
WEEKDAY,NE13,15273.0,15400.0
WEEKDAY,NE14,23224.0,22671.0
WEEKDAY,NE15,12875.0,12278.0
WEEKDAY,NE16/STC,31749.0,33205.0
WEEKDAY,NE17/PTC,29278.0,28287.0
WEEKDAY,NE4/DT19,32942.0,32554.0
WEEKDAY,NE5,8339.0,8561.0
WEEKDAY,NE7/DT12,15176.0,16117.0
WEEKDAY,NE8,15536.0,17463.0
WEEKDAY,NE9,16793.0,14947.0
WEEKDAY,NS10,39413.0,33635.0
WEEKDAY,NS11,31845.0,31488.0
WEEKDAY,NS12,11019.0,9929.0
WEEKDAY,NS13,42094.0,44057.0
WEEKDAY,NS14,25897.0,23464.0
WEEKDAY,NS15,18532.0,17039.0
WEEKDAY,NS16,38554.0,41613.0
WEEKDAY,NS17/CC15,14807.0,8911.0
WEEKDAY,NS18,11289.0,10462.0
WEEKDAY,NS19,28032.0,29570.0
WEEKDAY,NS2,21613.0,22762.0
WEEKDAY,NS20,27380.0,26498.0
WEEKDAY,NS21/DT11,40480.0,41644.0
WEEKDAY,NS22,42806.0,45572.0
WEEKDAY,NS23,24284.0,26023.0
WEEKDAY,NS24/NE6/CC1,25058.0,23765.0
WEEKDAY,NS27/CE2,2209.0,2306.0
WEEKDAY,NS28,1520.0,1377.0
WEEKDAY,NS3,15415.0,14752.0
WEEKDAY,NS4/BP1,28663.0,30522.0
WEEKDAY,NS5,24237.0,22788.0
WEEKDAY,NS7,4462.0,4794.0
WEEKDAY,NS8,18502.0,14553.0
WEEKDAY,NS9/TE2,32702.0,39784.0
WEEKDAY,PE1,2526.0,2461.0
WEEKDAY,PE2,3945.0,3651.0
WEEKDAY,PE3,4141.0,4196.0
WEEKDAY,PE4,1220.0,1273.0
WEEKDAY,PE5,3844.0,3529.0
WEEKDAY,PE6,4896.0,4613.0
WEEKDAY,PE7,2979.0,2826.0
WEEKDAY,PW1,647.0,646.0
WEEKDAY,PW3,319.0,374.0
WEEKDAY,PW4,864.0,834.0
WEEKDAY,PW5,1509.0,1472.0
WEEKDAY,PW6,943.0,848.0
WEEKDAY,PW7,1517.0,1721.0
WEEKDAY,SE1,3092.0,3000.0
WEEKDAY,SE2,4175.0,3815.0
WEEKDAY,SE3,2335.0,2118.0
WEEKDAY,SE4,2696.0,2554.0
WEEKDAY,SE5,1844.0,1853.0
WEEKDAY,SW1,1823.0,1783.0
WEEKDAY,SW2,2754.0,2469.0
WEEKDAY,SW3,1794.0,1726.0
WEEKDAY,SW4,1005.0,968.0
WEEKDAY,SW5,5690.0,5283.0
WEEKDAY,SW6,2575.0,2370.0
WEEKDAY,SW7,2093.0,1873.0
WEEKDAY,SW8,1596.0,1562.0
WEEKDAY,TE1,1331.0,1089.0
WEEKDAY,TE3,2147.0,1651.0
WEEKENDS/HOLIDAY,BP10,2139.0,2476.0
WEEKENDS/HOLIDAY,BP11,2164.0,1805.0
WEEKENDS/HOLIDAY,BP12,1381.0,1039.0
WEEKENDS/HOLIDAY,BP13,922.0,597.0
WEEKENDS/HOLIDAY,BP2,2199.0,1783.0
WEEKENDS/HOLIDAY,BP3,2819.0,2409.0
WEEKENDS/HOLIDAY,BP4,1212.0,1114.0
WEEKENDS/HOLIDAY,BP5,1356.0,1080.0
WEEKENDS/HOLIDAY,BP6/DT1,22888.0,23673.0
WEEKENDS/HOLIDAY,BP7,505.0,763.0
WEEKENDS/HOLIDAY,BP8,1205.0,1094.0
WEEKENDS/HOLIDAY,BP9,1654.0,1313.0
WEEKENDS/HOLIDAY,CC10/DT26,8808.0,8254.0
WEEKENDS/HOLIDAY,CC11,5266.0,5232.0
WEEKENDS/HOLIDAY,CC12,2565.0,2387.0
WEEKENDS/HOLIDAY,CC14,3368.0,3269.0
WEEKENDS/HOLIDAY,CC16,4493.0,4636.0
WEEKENDS/HOLIDAY,CC17,1571.0,1687.0
WEEKENDS/HOLIDAY,CC19/DT9,4991.0,5593.0
WEEKENDS/HOLIDAY,CC2,1551.0,1690.0
WEEKENDS/HOLIDAY,CC20,2711.0,2755.0
WEEKENDS/HOLIDAY,CC21,5216.0,5343.0
WEEKENDS/HOLIDAY,CC22/EW21,9183.0,8917.0
WEEKENDS/HOLIDAY,CC23,1977.0,1994.0
WEEKENDS/HOLIDAY,CC24,3534.0,3580.0
WEEKENDS/HOLIDAY,CC25,3381.0,3010.0
WEEKENDS/HOLIDAY,CC26,2041.0,2139.0
WEEKENDS/HOLIDAY,CC27,1186.0,1442.0
WEEKENDS/HOLIDAY,CC28,2363.0,2244.0
WEEKENDS/HOLIDAY,CC3,4861.0,4108.0
WEEKENDS/HOLIDAY,CC4/DT15,9855.0,10646.0
WEEKENDS/HOLIDAY,CC5,2431.0,2532.0
WEEKENDS/HOLIDAY,CC6,6044.0,5861.0
WEEKENDS/HOLIDAY,CC7,3692.0,4104.0
WEEKENDS/HOLIDAY,CC8,4146.0,4057.0
WEEKENDS/HOLIDAY,CE1/DT16,24199.0,23367.0
WEEKENDS/HOLIDAY,CG1/DT35,5895.0,6125.0
WEEKENDS/HOLIDAY,CG2,11039.0,11200.0
WEEKENDS/HOLIDAY,DT10,2223.0,1787.0
WEEKENDS/HOLIDAY,DT13,4804.0,5292.0
WEEKENDS/HOLIDAY,DT17,2216.0,2178.0
WEEKENDS/HOLIDAY,DT18,2668.0,3020.0
WEEKENDS/HOLIDAY,DT2,1029.0,880.0
WEEKENDS/HOLIDAY,DT20,2635.0,2995.0
WEEKENDS/HOLIDAY,DT21,2752.0,2598.0
WEEKENDS/HOLIDAY,DT22,3690.0,4231.0
WEEKENDS/HOLIDAY,DT23,1089.0,1151.0
WEEKENDS/HOLIDAY,DT24,2729.0,2687.0
WEEKENDS/HOLIDAY,DT25,1830.0,1860.0
WEEKENDS/HOLIDAY,DT27,3238.0,3174.0
WEEKENDS/HOLIDAY,DT28,4155.0,3856.0
WEEKENDS/HOLIDAY,DT29,4041.0,3705.0
WEEKENDS/HOLIDAY,DT3,4704.0,3954.0
WEEKENDS/HOLIDAY,DT30,4235.0,3991.0
WEEKENDS/HOLIDAY,DT31,4162.0,4339.0
WEEKENDS/HOLIDAY,DT33,9490.0,8738.0
WEEKENDS/HOLIDAY,DT34,2164.0,2021.0
WEEKENDS/HOLIDAY,DT5,8431.0,8346.0
WEEKENDS/HOLIDAY,DT6,2891.0,2931.0
WEEKENDS/HOLIDAY,DT7,1880.0,2155.0
WEEKENDS/HOLIDAY,DT8,1673.0,1725.0
WEEKENDS/HOLIDAY,EW1,18845.0,17917.0
WEEKENDS/HOLIDAY,EW10,7841.0,8062.0
WEEKENDS/HOLIDAY,EW11,8935.0,9318.0
WEEKENDS/HOLIDAY,EW12/DT14,34796.0,36786.0
WEEKENDS/HOLIDAY,EW13/NS25,29812.0,30490.0
WEEKENDS/HOLIDAY,EW14/NS26,8505.0,8262.0
WEEKENDS/HOLIDAY,EW15,10720.0,11322.0
WEEKENDS/HOLIDAY,EW16/NE3,10494.0,10156.0
WEEKENDS/HOLIDAY,EW17,15774.0,16945.0
WEEKENDS/HOLIDAY,EW18,9172.0,9449.0
WEEKENDS/HOLIDAY,EW19,7744.0,7889.0
WEEKENDS/HOLIDAY,EW2/DT32,34004.0,34173.0
WEEKENDS/HOLIDAY,EW20,8232.0,8034.0
WEEKENDS/HOLIDAY,EW22,2712.0,3099.0
WEEKENDS/HOLIDAY,EW23,25752.0,26327.0
WEEKENDS/HOLIDAY,EW24/NS1,51672.0,52334.0
WEEKENDS/HOLIDAY,EW25,5413.0,5568.0
WEEKENDS/HOLIDAY,EW26,21815.0,19555.0
WEEKENDS/HOLIDAY,EW27,30143.0,33169.0
WEEKENDS/HOLIDAY,EW28,16391.0,12717.0
WEEKENDS/HOLIDAY,EW29,7274.0,7427.0
WEEKENDS/HOLIDAY,EW3,10896.0,10748.0
WEEKENDS/HOLIDAY,EW30,1409.0,1239.0
WEEKENDS/HOLIDAY,EW31,1575.0,1355.0
WEEKENDS/HOLIDAY,EW32,1437.0,1361.0
WEEKENDS/HOLIDAY,EW33,1439.0,1403.0
WEEKENDS/HOLIDAY,EW4,8252.0,7506.0
WEEKENDS/HOLIDAY,EW5,22647.0,22287.0
WEEKENDS/HOLIDAY,EW6,6255.0,7023.0
WEEKENDS/HOLIDAY,EW7,8724.0,9773.0
WEEKENDS/HOLIDAY,EW8/CC9,34259.0,35025.0
WEEKENDS/HOLIDAY,EW9,12605.0,12619.0
WEEKENDS/HOLIDAY,NE1/CC29,32707.0,32983.0
WEEKENDS/HOLIDAY,NE10,8026.0,8146.0
WEEKENDS/HOLIDAY,NE11,2845.0,2767.0
WEEKENDS/HOLIDAY,NE12/CC13,20233.0,18122.0
WEEKENDS/HOLIDAY,NE13,14567.0,14322.0
WEEKENDS/HOLIDAY,NE14,19538.0,18888.0
WEEKENDS/HOLIDAY,NE15,10794.0,10413.0
WEEKENDS/HOLIDAY,NE16/STC,27497.0,28926.0
WEEKENDS/HOLIDAY,NE17/PTC,27113.0,26145.0
WEEKENDS/HOLIDAY,NE4/DT19,31623.0,31753.0
WEEKENDS/HOLIDAY,NE5,6238.0,6450.0
WEEKENDS/HOLIDAY,NE7/DT12,15694.0,16855.0
WEEKENDS/HOLIDAY,NE8,17466.0,19134.0
WEEKENDS/HOLIDAY,NE9,13625.0,12118.0
WEEKENDS/HOLIDAY,NS10,30095.0,25958.0
WEEKENDS/HOLIDAY,NS11,26751.0,25998.0
WEEKENDS/HOLIDAY,NS12,9771.0,9120.0
WEEKENDS/HOLIDAY,NS13,35080.0,36025.0
WEEKENDS/HOLIDAY,NS14,20628.0,18527.0
WEEKENDS/HOLIDAY,NS15,9776.0,8994.0
WEEKENDS/HOLIDAY,NS16,32824.0,34775.0
WEEKENDS/HOLIDAY,NS17/CC15,10895.0,6744.0
WEEKENDS/HOLIDAY,NS18,9253.0,8697.0
WEEKENDS/HOLIDAY,NS19,24927.0,25890.0
WEEKENDS/HOLIDAY,NS2,17051.0,17708.0
WEEKENDS/HOLIDAY,NS20,16502.0,16287.0
WEEKENDS/HOLIDAY,NS21/DT11,35683.0,36865.0
WEEKENDS/HOLIDAY,NS22,49091.0,51345.0
WEEKENDS/HOLIDAY,NS23,24725.0,26069.0
WEEKENDS/HOLIDAY,NS24/NE6/CC1,25410.0,24115.0
WEEKENDS/HOLIDAY,NS27/CE2,1118.0,1548.0
WEEKENDS/HOLIDAY,NS28,2430.0,2191.0
WEEKENDS/HOLIDAY,NS3,12890.0,12411.0
WEEKENDS/HOLIDAY,NS4/BP1,22721.0,23773.0
WEEKENDS/HOLIDAY,NS5,18645.0,17951.0
WEEKENDS/HOLIDAY,NS7,3485.0,3612.0
WEEKENDS/HOLIDAY,NS8,14289.0,11920.0
WEEKENDS/HOLIDAY,NS9/TE2,28793.0,32803.0
WEEKENDS/HOLIDAY,PE1,2151.0,2176.0
WEEKENDS/HOLIDAY,PE2,3232.0,3118.0
WEEKENDS/HOLIDAY,PE3,3510.0,3584.0
WEEKENDS/HOLIDAY,PE4,1256.0,1302.0
WEEKENDS/HOLIDAY,PE5,3109.0,2848.0
WEEKENDS/HOLIDAY,PE6,4073.0,3769.0
WEEKENDS/HOLIDAY,PE7,2508.0,2295.0
WEEKENDS/HOLIDAY,PW1,771.0,690.0
WEEKENDS/HOLIDAY,PW3,225.0,306.0
WEEKENDS/HOLIDAY,PW4,861.0,830.0
WEEKENDS/HOLIDAY,PW5,1358.0,1328.0
WEEKENDS/HOLIDAY,PW6,757.0,724.0
WEEKENDS/HOLIDAY,PW7,1286.0,1495.0
WEEKENDS/HOLIDAY,SE1,2590.0,2332.0
WEEKENDS/HOLIDAY,SE2,3576.0,3234.0
WEEKENDS/HOLIDAY,SE3,1932.0,1875.0
WEEKENDS/HOLIDAY,SE4,2433.0,2285.0
WEEKENDS/HOLIDAY,SE5,1553.0,1571.0
WEEKENDS/HOLIDAY,SW1,1088.0,937.0
WEEKENDS/HOLIDAY,SW2,2365.0,2066.0
WEEKENDS/HOLIDAY,SW3,1391.0,1324.0
WEEKENDS/HOLIDAY,SW4,823.0,816.0
WEEKENDS/HOLIDAY,SW5,4964.0,4680.0
WEEKENDS/HOLIDAY,SW6,2109.0,1942.0
WEEKENDS/HOLIDAY,SW7,1684.0,1519.0
WEEKENDS/HOLIDAY,SW8,1126.0,1120.0
WEEKENDS/HOLIDAY,TE1,420.0,381.0
WEEKENDS/HOLIDAY,TE3,1649.0,1164.0
