,,,TOTAL_TRIPS,TOTAL_TRIPS,TOTAL_TRIPS,TOTAL_TRIPS,TOTAL_TRIPS,TOTAL_TRIPS,TOTAL_TRIPS,TOTAL_TRIPS,TOTAL_TRIPS,TOTAL_TRIPS,TOTAL_TRIPS,TOTAL_TRIPS,TOTAL_TRIPS,TOTAL_TRIPS,TOTAL_TRIPS,TOTAL_TRIPS,TOTAL_TRIPS,TOTAL_TRIPS,TOTAL_TRIPS,TOTAL_TRIPS
TIME_PER_HOUR,,,0.0,5.0,6.0,7.0,8.0,9.0,10.0,11.0,12.0,13.0,14.0,15.0,16.0,17.0,18.0,19.0,20.0,21.0,22.0,23.0
DAY_TYPE,ORIGIN_PT_CODE,DESTINATION_PT_CODE,,,,,,,,,,,,,,,,,,,,
WEEKDAY,BP10,BP11,,119.0,341.0,337.0,182.0,126.0,97.0,99.0,117.0,126.0,98.0,93.0,99.0,113.0,110.0,71.0,50.0,38.0,30.0,6.0
WEEKDAY,BP10,BP9,,56.0,122.0,133.0,77.0,35.0,9.0,9.0,7.0,10.0,10.0,8.0,7.0,43.0,37.0,24.0,6.0,2.0,2.0,
WEEKDAY,BP11,BP10,,31.0,81.0,100.0,65.0,21.0,6.0,6.0,5.0,8.0,9.0,5.0,5.0,33.0,26.0,15.0,1.0,,1.0,
WEEKDAY,BP11,BP12,,242.0,674.0,644.0,320.0,206.0,155.0,154.0,175.0,194.0,141.0,130.0,128.0,163.0,164.0,102.0,60.0,45.0,32.0,10.0
WEEKDAY,BP12,BP11,,22.0,87.0,107.0,91.0,44.0,30.0,34.0,57.0,74.0,75.0,86.0,111.0,213.0,228.0,139.0,92.0,63.0,36.0,8.0
WEEKDAY,BP12,BP13,,322.0,855.0,826.0,420.0,250.0,187.0,186.0,245.0,301.0,261.0,188.0,184.0,224.0,200.0,115.0,64.0,50.0,34.0,11.0
WEEKDAY,BP13,BP12,,19.0,185.0,217.0,117.0,58.0,41.0,53.0,83.0,105.0,110.0,126.0,168.0,329.0,353.0,223.0,139.0,87.0,53.0,14.0
WEEKDAY,BP13,DT1,,383.0,998.0,941.0,487.0,277.0,210.0,207.0,267.0,326.0,276.0,197.0,196.0,241.0,217.0,123.0,68.0,56.0,34.0,10.0
WEEKDAY,BP2,BP3,,251.0,793.0,1140.0,881.0,563.0,324.0,369.0,512.0,474.0,441.0,465.0,571.0,1075.0,1008.0,535.0,451.0,295.0,165.0,24.0
WEEKDAY,BP2,NS4,,442.0,1389.0,1308.0,621.0,401.0,355.0,454.0,573.0,523.0,528.0,619.0,654.0,870.0,726.0,436.0,296.0,247.0,159.0,37.0
WEEKDAY,BP3,BP2,,417.0,1302.0,1165.0,564.0,377.0,343.0,438.0,569.0,512.0,561.0,650.0,681.0,916.0,803.0,488.0,335.0,283.0,183.0,43.0
WEEKDAY,BP3,BP4,,293.0,918.0,1273.0,953.0,600.0,345.0,377.0,512.0,456.0,408.0,424.0,521.0,971.0,901.0,463.0,402.0,257.0,146.0,21.0
WEEKDAY,BP4,BP3,,364.0,1090.0,966.0,466.0,328.0,310.0,409.0,534.0,515.0,589.0,673.0,693.0,940.0,869.0,536.0,362.0,303.0,197.0,46.0
WEEKDAY,BP4,BP5,,307.0,938.0,1088.0,729.0,503.0,349.0,380.0,460.0,462.0,420.0,478.0,579.0,998.0,879.0,439.0,385.0,250.0,136.0,22.0
WEEKDAY,BP5,BP4,,344.0,1034.0,1017.0,573.0,364.0,277.0,304.0,420.0,471.0,532.0,523.0,532.0,822.0,897.0,566.0,377.0,308.0,212.0,48.0
WEEKDAY,BP5,DT1,,310.0,1005.0,1164.0,755.0,526.0,372.0,408.0,482.0,489.0,451.0,510.0,609.0,1021.0,915.0,465.0,396.0,256.0,140.0,25.0
WEEKDAY,BP7,BP8,,30.0,254.0,257.0,166.0,133.0,110.0,132.0,166.0,187.0,210.0,233.0,287.0,419.0,416.0,265.0,194.0,142.0,87.0,23.0
WEEKDAY,BP7,DT1,,185.0,369.0,378.0,185.0,108.0,80.0,72.0,102.0,102.0,146.0,111.0,74.0,116.0,113.0,77.0,42.0,19.0,13.0,
WEEKDAY,BP8,BP7,,137.0,280.0,271.0,145.0,95.0,76.0,68.0,92.0,94.0,138.0,102.0,68.0,111.0,101.0,70.0,40.0,18.0,13.0,
WEEKDAY,BP8,BP9,,14.0,244.0,241.0,138.0,111.0,98.0,121.0,152.0,187.0,185.0,221.0,266.0,381.0,391.0,246.0,180.0,131.0,80.0,20.0
WEEKDAY,BP9,BP10,,12.0,128.0,156.0,125.0,102.0,89.0,108.0,131.0,151.0,155.0,177.0,198.0,281.0,300.0,187.0,137.0,103.0,60.0,15.0
WEEKDAY,BP9,BP8,,103.0,226.0,226.0,122.0,79.0,57.0,56.0,75.0,67.0,115.0,79.0,49.0,81.0,65.0,47.0,27.0,10.0,7.0,
WEEKDAY,CC10,CC11,1.0,339.0,1529.0,1912.0,1445.0,790.0,512.0,566.0,676.0,747.0,873.0,1091.0,1231.0,2237.0,2582.0,1350.0,991.0,755.0,534.0,100.0
WEEKDAY,CC10,DT25,,763.0,2265.0,3222.0,2507.0,1582.0,958.0,776.0,834.0,841.0,768.0,751.0,889.0,1434.0,1609.0,790.0,554.0,420.0,287.0,40.0
WEEKDAY,CC10,DT27,2.0,312.0,1512.0,2179.0,1620.0,844.0,681.0,809.0,1053.0,1241.0,1475.0,1902.0,2410.0,4243.0,4300.0,2410.0,1800.0,1367.0,944.0,285.0
WEEKDAY,CC10,EW8,,652.0,2787.0,3800.0,3091.0,2145.0,1480.0,1261.0,1320.0,1382.0,1241.0,1155.0,1277.0,2023.0,2132.0,1184.0,770.0,617.0,395.0,60.0
WEEKDAY,CC11,CC10,,491.0,2057.0,3130.0,2421.0,1340.0,835.0,704.0,776.0,908.0,910.0,928.0,1067.0,1761.0,1698.0,896.0,576.0,470.0,321.0,43.0
WEEKDAY,CC11,CC12,,276.0,1360.0,1564.0,1100.0,641.0,469.0,570.0,683.0,748.0,967.0,1289.0,1544.0,2984.0,3410.0,1750.0,1187.0,829.0,615.0,125.0
WEEKDAY,CC12,CC11,,699.0,2686.0,4169.0,3293.0,1696.0,948.0,761.0,821.0,981.0,890.0,821.0,921.0,1427.0,1342.0,741.0,489.0,467.0,289.0,34.0
WEEKDAY,CC12,NE12,,278.0,1344.0,1617.0,1165.0,676.0,491.0,587.0,693.0,1005.0,1184.0,1358.0,1603.0,3011.0,3416.0,1731.0,1173.0,818.0,609.0,125.0
WEEKDAY,CC14,NE12,,641.0,2343.0,3436.0,2651.0,1444.0,946.0,830.0,990.0,1245.0,1308.0,1367.0,1621.0,2886.0,2618.0,1331.0,855.0,713.0,376.0,50.0
WEEKDAY,CC14,NS17,,702.0,3088.0,3637.0,2162.0,1116.0,737.0,760.0,870.0,961.0,1048.0,1244.0,1429.0,2581.0,2813.0,1427.0,1024.0,758.0,539.0,95.0
WEEKDAY,CC16,CC17,,969.0,3170.0,3318.0,1867.0,988.0,612.0,600.0,658.0,741.0,672.0,758.0,805.0,1302.0,1294.0,595.0,348.0,287.0,174.0,30.0
WEEKDAY,CC16,NS17,,277.0,1141.0,1526.0,1064.0,507.0,452.0,460.0,652.0,774.0,966.0,1117.0,1379.0,2572.0,2319.0,1238.0,821.0,608.0,339.0,55.0
WEEKDAY,CC17,CC16,,269.0,1224.0,1629.0,1069.0,507.0,385.0,433.0,610.0,695.0,878.0,979.0,1305.0,2531.0,2236.0,1243.0,833.0,628.0,343.0,55.0
WEEKDAY,CC17,CC19,,997.0,3260.0,3467.0,1949.0,1033.0,646.0,621.0,673.0,792.0,692.0,774.0,820.0,1329.0,1339.0,610.0,356.0,298.0,174.0,28.0
WEEKDAY,CC19,CC17,,265.0,1249.0,1653.0,1097.0,521.0,392.0,451.0,629.0,692.0,907.0,1006.0,1358.0,2646.0,2352.0,1299.0,881.0,664.0,368.0,58.0
WEEKDAY,CC19,CC20,,1601.0,4647.0,4813.0,2845.0,1615.0,1096.0,1135.0,1388.0,1560.0,1465.0,1638.0,1931.0,3130.0,3032.0,1688.0,1284.0,1065.0,635.0,149.0
WEEKDAY,CC19,DT10,,837.0,2796.0,4306.0,3437.0,2369.0,1733.0,1498.0,1565.0,1662.0,1624.0,1515.0,1719.0,2689.0,2418.0,1296.0,924.0,671.0,393.0,51.0
WEEKDAY,CC19,DT8,1.0,162.0,1135.0,1388.0,687.0,406.0,389.0,491.0,640.0,782.0,897.0,1124.0,1355.0,2343.0,2378.0,1382.0,979.0,739.0,499.0,137.0
WEEKDAY,CC2,CC3,,39.0,120.0,121.0,132.0,120.0,83.0,76.0,82.0,73.0,66.0,66.0,67.0,86.0,84.0,58.0,42.0,26.0,10.0,2.0
WEEKDAY,CC2,NS24,,35.0,37.0,46.0,55.0,43.0,56.0,67.0,80.0,89.0,99.0,115.0,149.0,225.0,224.0,187.0,151.0,110.0,83.0,19.0
WEEKDAY,CC20,CC19,,715.0,2467.0,3487.0,2583.0,1658.0,1288.0,1235.0,1460.0,1561.0,1589.0,1767.0,2298.0,4451.0,3984.0,2232.0,1550.0,1092.0,625.0,89.0
WEEKDAY,CC20,CC21,,1585.0,4436.0,4753.0,2822.0,1612.0,1095.0,1142.0,1395.0,1595.0,1522.0,1622.0,1939.0,3125.0,3008.0,1675.0,1280.0,1054.0,628.0,148.0
WEEKDAY,CC21,CC20,,718.0,2498.0,3440.0,2549.0,1639.0,1278.0,1236.0,1469.0,1519.0,1483.0,1784.0,2279.0,4438.0,3991.0,2229.0,1555.0,1100.0,636.0,91.0
WEEKDAY,CC21,EW21,,1578.0,4438.0,4728.0,2761.0,1536.0,1053.0,1115.0,1378.0,1576.0,1496.0,1589.0,1892.0,3053.0,2936.0,1655.0,1293.0,1068.0,649.0,160.0
WEEKDAY,CC23,CC24,,600.0,1915.0,2430.0,1464.0,725.0,438.0,433.0,514.0,669.0,424.0,297.0,238.0,390.0,481.0,248.0,151.0,85.0,34.0,4.0
WEEKDAY,CC23,EW21,,37.0,255.0,522.0,439.0,238.0,319.0,416.0,570.0,620.0,572.0,928.0,1173.0,2438.0,2161.0,1485.0,988.0,540.0,294.0,66.0
WEEKDAY,CC24,CC23,,40.0,254.0,514.0,422.0,237.0,299.0,369.0,498.0,514.0,432.0,688.0,940.0,1935.0,1657.0,1191.0,811.0,460.0,243.0,59.0
WEEKDAY,CC24,CC25,,364.0,946.0,1002.0,650.0,297.0,181.0,183.0,230.0,282.0,206.0,234.0,271.0,476.0,477.0,238.0,196.0,120.0,41.0,5.0
WEEKDAY,CC25,CC24,,64.0,397.0,578.0,390.0,174.0,133.0,133.0,195.0,222.0,210.0,283.0,350.0,805.0,820.0,677.0,388.0,202.0,162.0,49.0
WEEKDAY,CC25,CC26,,233.0,638.0,712.0,519.0,270.0,174.0,180.0,205.0,249.0,171.0,214.0,252.0,455.0,452.0,238.0,174.0,90.0,31.0,1.0
WEEKDAY,CC26,CC25,,84.0,400.0,499.0,313.0,132.0,97.0,104.0,160.0,176.0,174.0,209.0,276.0,609.0,619.0,508.0,283.0,187.0,137.0,41.0
WEEKDAY,CC26,CC27,,95.0,261.0,520.0,406.0,229.0,171.0,175.0,193.0,230.0,177.0,229.0,281.0,533.0,489.0,342.0,177.0,85.0,44.0,6.0
WEEKDAY,CC27,CC26,,172.0,578.0,534.0,352.0,140.0,90.0,103.0,165.0,185.0,155.0,169.0,221.0,421.0,477.0,300.0,234.0,177.0,109.0,32.0
WEEKDAY,CC27,CC28,,68.0,201.0,361.0,257.0,179.0,161.0,174.0,186.0,227.0,182.0,254.0,318.0,626.0,599.0,412.0,214.0,91.0,45.0,7.0
WEEKDAY,CC28,CC27,,189.0,624.0,689.0,472.0,193.0,103.0,103.0,166.0,184.0,146.0,149.0,189.0,330.0,364.0,225.0,201.0,160.0,104.0,32.0
WEEKDAY,CC28,NE1,,97.0,267.0,408.0,303.0,218.0,193.0,203.0,208.0,245.0,193.0,258.0,309.0,614.0,604.0,421.0,200.0,81.0,36.0,8.0
WEEKDAY,CC3,CC2,,3.0,20.0,44.0,52.0,38.0,49.0,56.0,61.0,74.0,80.0,83.0,105.0,135.0,153.0,143.0,120.0,98.0,72.0,15.0
WEEKDAY,CC3,CC4,,2.0,20.0,25.0,33.0,13.0,24.0,37.0,53.0,62.0,62.0,78.0,102.0,126.0,116.0,95.0,98.0,68.0,47.0,8.0
WEEKDAY,CC4,CC3,,17.0,69.0,81.0,77.0,78.0,80.0,68.0,68.0,70.0,66.0,68.0,57.0,64.0,80.0,49.0,32.0,13.0,3.0,1.0
WEEKDAY,CC4,CC5,,17.0,159.0,239.0,237.0,146.0,122.0,140.0,162.0,197.0,245.0,297.0,369.0,567.0,644.0,440.0,357.0,256.0,180.0,55.0
WEEKDAY,CC4,CE1,,137.0,533.0,875.0,896.0,572.0,338.0,217.0,236.0,304.0,221.0,166.0,184.0,182.0,237.0,173.0,123.0,108.0,58.0,7.0
WEEKDAY,CC4,EW12,,15.0,113.0,194.0,180.0,112.0,101.0,139.0,172.0,207.0,261.0,444.0,489.0,780.0,982.0,662.0,554.0,403.0,317.0,105.0
WEEKDAY,CC5,CC4,,86.0,393.0,651.0,621.0,430.0,265.0,181.0,201.0,233.0,208.0,207.0,199.0,272.0,299.0,175.0,121.0,85.0,62.0,10.0
WEEKDAY,CC5,CC6,,12.0,135.0,172.0,145.0,88.0,93.0,117.0,145.0,179.0,231.0,284.0,373.0,572.0,660.0,450.0,363.0,270.0,189.0,55.0
WEEKDAY,CC6,CC5,,82.0,387.0,670.0,647.0,456.0,272.0,181.0,199.0,232.0,205.0,191.0,167.0,196.0,234.0,128.0,92.0,65.0,58.0,7.0
WEEKDAY,CC6,CC7,1.0,9.0,117.0,147.0,146.0,84.0,86.0,117.0,150.0,172.0,241.0,325.0,423.0,602.0,711.0,509.0,465.0,363.0,301.0,84.0
WEEKDAY,CC7,CC6,,104.0,482.0,782.0,717.0,510.0,317.0,234.0,242.0,296.0,247.0,212.0,170.0,213.0,250.0,138.0,65.0,36.0,13.0,1.0
WEEKDAY,CC7,CC8,,29.0,208.0,234.0,202.0,127.0,106.0,137.0,190.0,225.0,328.0,430.0,527.0,649.0,721.0,486.0,430.0,335.0,289.0,79.0
WEEKDAY,CC8,CC7,,118.0,550.0,972.0,764.0,508.0,305.0,236.0,258.0,349.0,293.0,245.0,207.0,267.0,304.0,175.0,90.0,61.0,27.0,3.0
WEEKDAY,CC8,EW8,1.0,40.0,258.0,312.0,281.0,173.0,136.0,173.0,272.0,367.0,611.0,726.0,605.0,705.0,753.0,492.0,432.0,326.0,292.0,83.0
WEEKDAY,CE1,CC4,,7.0,84.0,153.0,208.0,110.0,117.0,157.0,190.0,188.0,227.0,399.0,429.0,679.0,851.0,584.0,499.0,296.0,259.0,111.0
WEEKDAY,CE1,DT17,,83.0,324.0,642.0,717.0,392.0,209.0,150.0,161.0,186.0,153.0,153.0,159.0,158.0,191.0,137.0,88.0,69.0,70.0,15.0
WEEKDAY,CE1,NS27,,12.0,39.0,66.0,43.0,21.0,9.0,13.0,15.0,15.0,13.0,13.0,10.0,9.0,13.0,8.0,6.0,1.0,1.0,
WEEKDAY,CG1,CG2,,73.0,257.0,332.0,272.0,188.0,135.0,123.0,153.0,173.0,126.0,91.0,92.0,104.0,160.0,143.0,99.0,56.0,18.0,1.0
WEEKDAY,CG1,DT34,,6.0,22.0,61.0,89.0,52.0,45.0,69.0,94.0,109.0,125.0,183.0,212.0,377.0,491.0,343.0,283.0,184.0,142.0,32.0
WEEKDAY,CG1,EW4,,26.0,64.0,155.0,251.0,164.0,90.0,83.0,110.0,128.0,181.0,287.0,320.0,576.0,662.0,458.0,445.0,325.0,285.0,33.0
WEEKDAY,CG2,CG1,,7.0,27.0,86.0,146.0,135.0,74.0,53.0,61.0,84.0,116.0,203.0,180.0,294.0,268.0,185.0,249.0,245.0,249.0,33.0
WEEKDAY,DT1,BP13,,17.0,174.0,200.0,111.0,63.0,52.0,63.0,103.0,123.0,134.0,143.0,191.0,395.0,431.0,262.0,156.0,95.0,60.0,15.0
WEEKDAY,DT1,BP5,,334.0,1030.0,1008.0,569.0,363.0,278.0,305.0,436.0,492.0,552.0,544.0,548.0,832.0,909.0,581.0,388.0,318.0,223.0,49.0
WEEKDAY,DT1,BP7,,31.0,249.0,247.0,162.0,137.0,111.0,136.0,181.0,206.0,238.0,268.0,330.0,493.0,486.0,301.0,233.0,164.0,105.0,28.0
WEEKDAY,DT1,DT2,,472.0,1787.0,2588.0,1663.0,1032.0,666.0,565.0,583.0,591.0,463.0,380.0,418.0,554.0,548.0,288.0,218.0,194.0,93.0,8.0
WEEKDAY,DT10,CC19,1.0,713.0,2300.0,2370.0,1425.0,914.0,788.0,946.0,1253.0,1416.0,1496.0,1842.0,2285.0,3885.0,3843.0,2284.0,1830.0,1462.0,935.0,252.0
WEEKDAY,DT10,NS21,,837.0,2718.0,4316.0,3530.0,2436.0,1776.0,1539.0,1598.0,1745.0,1792.0,1599.0,1777.0,2732.0,2455.0,1318.0,937.0,680.0,401.0,53.0
WEEKDAY,DT13,EW12,,641.0,2234.0,3202.0,2926.0,2071.0,1504.0,1312.0,1442.0,1529.0,1502.0,1524.0,1773.0,2646.0,2501.0,1509.0,1298.0,1008.0,565.0,112.0
WEEKDAY,DT13,NE7,,731.0,2107.0,2330.0,1787.0,1363.0,1103.0,1129.0,1396.0,1477.0,1454.0,1834.0,2073.0,3346.0,3446.0,2124.0,1685.0,1398.0,948.0,277.0
WEEKDAY,DT17,CE1,,13.0,90.0,129.0,145.0,111.0,112.0,136.0,175.0,180.0,189.0,247.0,313.0,506.0,673.0,427.0,253.0,150.0,90.0,30.0
WEEKDAY,DT17,DT18,,5.0,44.0,118.0,132.0,112.0,132.0,170.0,197.0,140.0,139.0,170.0,188.0,194.0,230.0,171.0,121.0,77.0,80.0,18.0
WEEKDAY,DT18,DT17,,24.0,139.0,157.0,182.0,139.0,111.0,137.0,190.0,201.0,149.0,135.0,135.0,166.0,166.0,103.0,72.0,47.0,34.0,8.0
WEEKDAY,DT18,NE4,,3.0,37.0,102.0,132.0,114.0,146.0,217.0,259.0,224.0,249.0,313.0,432.0,689.0,823.0,528.0,350.0,217.0,210.0,70.0
WEEKDAY,DT2,DT1,3.0,95.0,420.0,478.0,342.0,232.0,258.0,361.0,539.0,645.0,874.0,954.0,1162.0,1898.0,1833.0,1073.0,773.0,592.0,395.0,110.0
WEEKDAY,DT2,DT3,,472.0,1816.0,2623.0,1704.0,1059.0,687.0,579.0,609.0,615.0,504.0,399.0,445.0,622.0,600.0,304.0,221.0,199.0,94.0,9.0
WEEKDAY,DT20,DT21,,259.0,830.0,1172.0,917.0,502.0,443.0,537.0,636.0,673.0,703.0,913.0,1299.0,2443.0,2421.0,1443.0,1033.0,756.0,515.0,148.0
WEEKDAY,DT20,NE4,,698.0,1984.0,2618.0,1969.0,1288.0,791.0,676.0,728.0,733.0,624.0,587.0,730.0,1155.0,1264.0,605.0,394.0,292.0,221.0,33.0
WEEKDAY,DT21,DT20,,709.0,2011.0,2706.0,2038.0,1335.0,816.0,677.0,733.0,739.0,630.0,591.0,714.0,1133.0,1251.0,599.0,382.0,284.0,202.0,24.0
WEEKDAY,DT21,DT22,,257.0,875.0,1242.0,957.0,510.0,451.0,551.0,651.0,692.0,728.0,960.0,1374.0,2588.0,2570.0,1551.0,1116.0,818.0,558.0,163.0
WEEKDAY,DT22,DT21,,726.0,2067.0,2838.0,2160.0,1424.0,871.0,712.0,761.0,769.0,649.0,610.0,734.0,1160.0,1315.0,628.0,388.0,299.0,206.0,25.0
WEEKDAY,DT22,DT23,1.0,262.0,958.0,1358.0,1029.0,552.0,474.0,567.0,690.0,716.0,763.0,1015.0,1418.0,2696.0,2674.0,1609.0,1159.0,853.0,575.0,180.0
WEEKDAY,DT23,DT22,,733.0,2122.0,2919.0,2243.0,1489.0,929.0,758.0,805.0,814.0,698.0,665.0,796.0,1264.0,1440.0,703.0,442.0,330.0,227.0,28.0
WEEKDAY,DT23,DT24,2.0,259.0,984.0,1385.0,1029.0,555.0,480.0,583.0,705.0,727.0,787.0,1054.0,1468.0,2817.0,2844.0,1709.0,1199.0,868.0,591.0,183.0
WEEKDAY,DT24,DT23,,752.0,2201.0,3051.0,2415.0,1586.0,966.0,772.0,821.0,829.0,716.0,678.0,806.0,1272.0,1437.0,702.0,451.0,337.0,238.0,28.0
WEEKDAY,DT24,DT25,2.0,277.0,1143.0,1582.0,1189.0,631.0,506.0,608.0,724.0,745.0,795.0,1067.0,1463.0,2828.0,2874.0,1701.0,1177.0,847.0,571.0,169.0
WEEKDAY,DT25,CC10,1.0,290.0,1147.0,1634.0,1224.0,653.0,519.0,610.0,729.0,795.0,817.0,1085.0,1493.0,2892.0,2993.0,1694.0,1160.0,841.0,562.0,170.0
WEEKDAY,DT25,DT24,,751.0,2188.0,3083.0,2420.0,1565.0,953.0,777.0,829.0,862.0,755.0,737.0,872.0,1394.0,1576.0,764.0,515.0,389.0,270.0,37.0
WEEKDAY,DT27,CC10,,970.0,3314.0,4702.0,3880.0,2434.0,1465.0,1229.0,1294.0,1316.0,1160.0,1001.0,1141.0,1940.0,2143.0,1043.0,704.0,560.0,368.0,43.0
WEEKDAY,DT27,DT28,2.0,297.0,1355.0,1828.0,1350.0,764.0,647.0,780.0,1012.0,1287.0,1460.0,1888.0,2411.0,4285.0,4376.0,2397.0,1783.0,1348.0,921.0,279.0
WEEKDAY,DT28,DT27,,975.0,3344.0,4800.0,3977.0,2443.0,1438.0,1204.0,1270.0,1229.0,1082.0,930.0,1058.0,1737.0,1839.0,936.0,646.0,535.0,359.0,41.0
WEEKDAY,DT28,DT29,2.0,257.0,1281.0,1528.0,1086.0,694.0,618.0,760.0,985.0,1213.0,1407.0,1830.0,2353.0,4230.0,4315.0,2329.0,1699.0,1274.0,882.0,267.0
WEEKDAY,DT29,DT28,,965.0,3237.0,4706.0,3944.0,2362.0,1360.0,1138.0,1218.0,1180.0,1033.0,884.0,985.0,1448.0,1520.0,826.0,624.0,526.0,336.0,44.0
WEEKDAY,DT29,DT30,2.0,256.0,1407.0,1624.0,1119.0,722.0,636.0,770.0,987.0,1189.0,1376.0,1768.0,2253.0,4045.0,4107.0,2203.0,1601.0,1195.0,826.0,251.0
WEEKDAY,DT3,DT2,3.0,108.0,520.0,584.0,376.0,232.0,257.0,357.0,500.0,625.0,774.0,958.0,1142.0,1919.0,1860.0,1094.0,790.0,603.0,403.0,111.0
WEEKDAY,DT3,DT5,,491.0,1988.0,2899.0,1938.0,1196.0,775.0,661.0,701.0,688.0,618.0,532.0,528.0,717.0,690.0,344.0,238.0,217.0,107.0,9.0
WEEKDAY,DT30,DT29,,922.0,3039.0,4391.0,3693.0,2210.0,1291.0,1087.0,1189.0,1157.0,1038.0,909.0,1022.0,1448.0,1514.0,847.0,655.0,561.0,367.0,50.0
WEEKDAY,DT30,DT31,2.0,249.0,1363.0,1655.0,1132.0,734.0,638.0,767.0,966.0,1151.0,1329.0,1701.0,2132.0,3780.0,3799.0,2044.0,1487.0,1098.0,764.0,235.0
WEEKDAY,DT31,DT30,,881.0,2860.0,4012.0,3367.0,2035.0,1215.0,1030.0,1145.0,1109.0,995.0,880.0,1009.0,1445.0,1551.0,871.0,680.0,578.0,379.0,54.0
WEEKDAY,DT31,EW2,2.0,234.0,1333.0,1599.0,1078.0,730.0,642.0,761.0,943.0,1142.0,1295.0,1642.0,2023.0,3506.0,3542.0,1921.0,1397.0,1028.0,711.0,220.0
WEEKDAY,DT33,DT34,3.0,23.0,386.0,625.0,506.0,268.0,144.0,122.0,123.0,174.0,149.0,115.0,112.0,134.0,177.0,148.0,71.0,43.0,21.0,5.0
WEEKDAY,DT33,EW2,,210.0,838.0,1227.0,970.0,535.0,313.0,283.0,372.0,356.0,381.0,355.0,413.0,636.0,713.0,442.0,315.0,205.0,166.0,35.0
WEEKDAY,DT34,CG1,3.0,33.0,317.0,573.0,503.0,277.0,153.0,124.0,115.0,147.0,142.0,110.0,120.0,149.0,199.0,150.0,70.0,46.0,19.0,8.0
WEEKDAY,DT34,DT33,,29.0,35.0,76.0,109.0,63.0,48.0,73.0,104.0,104.0,123.0,184.0,251.0,418.0,528.0,352.0,278.0,182.0,141.0,33.0
WEEKDAY,DT5,DT3,3.0,113.0,604.0,739.0,423.0,265.0,285.0,388.0,535.0,703.0,874.0,1057.0,1245.0,2096.0,2057.0,1212.0,864.0,657.0,441.0,121.0
WEEKDAY,DT5,DT6,,508.0,2134.0,3180.0,2127.0,1314.0,845.0,726.0,778.0,780.0,670.0,587.0,609.0,864.0,827.0,407.0,286.0,261.0,124.0,12.0
WEEKDAY,DT6,DT5,2.0,135.0,700.0,869.0,534.0,344.0,349.0,456.0,599.0,782.0,1007.0,1171.0,1398.0,2323.0,2305.0,1329.0,936.0,712.0,483.0,134.0
WEEKDAY,DT6,DT7,,504.0,2117.0,3207.0,2186.0,1352.0,881.0,761.0,807.0,825.0,771.0,608.0,672.0,954.0,898.0,430.0,290.0,261.0,129.0,12.0
WEEKDAY,DT7,DT6,2.0,144.0,803.0,951.0,577.0,360.0,360.0,474.0,618.0,788.0,995.0,1192.0,1408.0,2355.0,2364.0,1365.0,960.0,732.0,498.0,138.0
WEEKDAY,DT7,DT8,,498.0,2076.0,3112.0,2169.0,1357.0,883.0,761.0,816.0,870.0,870.0,678.0,754.0,1033.0,952.0,457.0,310.0,264.0,141.0,14.0
WEEKDAY,DT8,CC19,,483.0,1993.0,2920.0,2173.0,1355.0,886.0,770.0,836.0,941.0,1098.0,888.0,922.0,1114.0,988.0,468.0,315.0,267.0,149.0,16.0
WEEKDAY,DT8,DT7,2.0,151.0,877.0,1056.0,658.0,388.0,382.0,485.0,634.0,804.0,978.0,1188.0,1407.0,2361.0,2384.0,1385.0,976.0,738.0,498.0,138.0
WEEKDAY,EW1,EW2,,378.0,1383.0,1823.0,1422.0,897.0,647.0,619.0,674.0,653.0,679.0,552.0,620.0,810.0,737.0,406.0,280.0,224.0,162.0,16.0
WEEKDAY,EW10,EW11,,826.0,2509.0,3321.0,3154.0,2345.0,1630.0,1323.0,1367.0,1401.0,1244.0,1184.0,1212.0,1854.0,1876.0,995.0,719.0,487.0,316.0,58.0
WEEKDAY,EW10,EW9,,376.0,1470.0,1722.0,1270.0,864.0,781.0,923.0,1121.0,1194.0,1295.0,1596.0,2068.0,3325.0,3378.0,2131.0,1798.0,1427.0,887.0,263.0
WEEKDAY,EW11,EW10,,368.0,1287.0,1543.0,1198.0,801.0,753.0,917.0,1105.0,1191.0,1307.0,1631.0,2150.0,3448.0,3486.0,2226.0,1904.0,1529.0,945.0,270.0
WEEKDAY,EW11,EW12,,925.0,2703.0,3319.0,3126.0,2433.0,1762.0,1485.0,1568.0,1572.0,1401.0,1383.0,1415.0,2251.0,2197.0,1161.0,768.0,535.0,325.0,69.0
WEEKDAY,EW12,CC4,,152.0,594.0,983.0,1054.0,717.0,414.0,264.0,283.0,343.0,283.0,191.0,217.0,240.0,274.0,177.0,105.0,101.0,28.0,5.0
WEEKDAY,EW12,DT13,,720.0,2035.0,2237.0,1739.0,1337.0,1081.0,1093.0,1323.0,1393.0,1382.0,1743.0,1947.0,3148.0,3238.0,1969.0,1556.0,1346.0,916.0,260.0
WEEKDAY,EW12,EW11,,411.0,1407.0,1985.0,1564.0,1040.0,910.0,1042.0,1232.0,1348.0,1438.0,1738.0,2251.0,3498.0,3520.0,2277.0,2001.0,1584.0,1014.0,281.0
WEEKDAY,EW12,NS25,,212.0,741.0,1117.0,1304.0,951.0,594.0,444.0,464.0,498.0,423.0,368.0,355.0,453.0,508.0,293.0,180.0,134.0,73.0,20.0
WEEKDAY,EW15,EW16,,68.0,317.0,410.0,327.0,264.0,277.0,340.0,421.0,453.0,515.0,592.0,899.0,1428.0,1573.0,1059.0,712.0,461.0,354.0,135.0
WEEKDAY,EW15,NS26,,210.0,556.0,1000.0,1097.0,700.0,498.0,492.0,525.0,539.0,576.0,611.0,782.0,1166.0,1341.0,837.0,579.0,402.0,312.0,99.0
WEEKDAY,EW16,EW15,,355.0,916.0,1643.0,1846.0,1174.0,649.0,490.0,486.0,501.0,429.0,375.0,412.0,561.0,571.0,304.0,184.0,173.0,90.0,27.0
WEEKDAY,EW16,EW17,,539.0,1520.0,1795.0,1277.0,841.0,695.0,778.0,957.0,996.0,1053.0,1289.0,1854.0,3092.0,3253.0,1925.0,1390.0,1056.0,728.0,210.0
WEEKDAY,EW16,NE1,,407.0,1266.0,1601.0,1144.0,730.0,526.0,488.0,624.0,559.0,469.0,455.0,490.0,688.0,722.0,371.0,260.0,183.0,80.0,10.0
WEEKDAY,EW16,NE4,,391.0,1293.0,2001.0,1809.0,1163.0,1042.0,1113.0,1279.0,1331.0,1326.0,1741.0,2451.0,4479.0,4165.0,2340.0,1753.0,1412.0,876.0,239.0
WEEKDAY,EW17,EW16,,729.0,2191.0,3487.0,3088.0,1927.0,1199.0,1018.0,1040.0,1088.0,983.0,938.0,1093.0,1874.0,1807.0,976.0,630.0,503.0,316.0,60.0
WEEKDAY,EW17,EW18,,538.0,1855.0,1886.0,1164.0,720.0,627.0,726.0,919.0,1048.0,993.0,1196.0,1720.0,2798.0,2993.0,1762.0,1251.0,941.0,643.0,197.0
WEEKDAY,EW18,EW17,,681.0,2013.0,3293.0,2882.0,1793.0,1152.0,1001.0,1037.0,1077.0,1007.0,989.0,1149.0,1980.0,1815.0,977.0,639.0,457.0,277.0,55.0
WEEKDAY,EW18,EW19,,503.0,1913.0,1870.0,1108.0,724.0,635.0,729.0,952.0,1055.0,1013.0,1203.0,1713.0,2939.0,3106.0,1781.0,1231.0,895.0,611.0,192.0
WEEKDAY,EW19,EW18,,724.0,2255.0,3613.0,3029.0,1821.0,1132.0,988.0,998.0,1048.0,982.0,1004.0,1180.0,1924.0,1707.0,941.0,646.0,479.0,303.0,62.0
WEEKDAY,EW19,EW20,,507.0,2137.0,2092.0,1263.0,811.0,695.0,769.0,1001.0,1107.0,1046.0,1246.0,1768.0,3102.0,3259.0,1865.0,1261.0,898.0,613.0,196.0
WEEKDAY,EW2,DT31,,832.0,2667.0,3714.0,3110.0,1911.0,1158.0,1000.0,1131.0,1093.0,991.0,873.0,1028.0,1446.0,1553.0,917.0,717.0,616.0,389.0,59.0
WEEKDAY,EW2,DT33,2.0,57.0,607.0,901.0,557.0,299.0,196.0,221.0,281.0,395.0,416.0,476.0,541.0,937.0,1107.0,681.0,466.0,334.0,221.0,79.0
WEEKDAY,EW2,EW1,4.0,108.0,668.0,653.0,442.0,307.0,308.0,395.0,545.0,646.0,799.0,925.0,1024.0,1580.0,1608.0,944.0,715.0,569.0,357.0,112.0
WEEKDAY,EW2,EW3,,101.0,648.0,853.0,531.0,351.0,313.0,337.0,386.0,430.0,480.0,449.0,459.0,563.0,594.0,390.0,289.0,258.0,158.0,23.0
WEEKDAY,EW20,EW19,,746.0,2401.0,3758.0,3032.0,1784.0,1121.0,1017.0,1027.0,1102.0,1058.0,1100.0,1274.0,2068.0,1837.0,1008.0,718.0,541.0,330.0,65.0
WEEKDAY,EW20,EW21,,526.0,2461.0,2424.0,1455.0,957.0,811.0,875.0,1106.0,1227.0,1220.0,1374.0,1915.0,3385.0,3549.0,2005.0,1297.0,938.0,619.0,207.0
WEEKDAY,EW21,CC21,,710.0,2464.0,3384.0,2534.0,1663.0,1296.0,1244.0,1481.0,1535.0,1489.0,1794.0,2273.0,4439.0,3996.0,2215.0,1537.0,1046.0,595.0,82.0
WEEKDAY,EW21,CC23,,742.0,2451.0,3038.0,1940.0,998.0,552.0,495.0,603.0,776.0,474.0,305.0,248.0,396.0,509.0,272.0,155.0,84.0,33.0,5.0
WEEKDAY,EW21,EW20,,819.0,2645.0,4080.0,3213.0,1840.0,1138.0,1050.0,1089.0,1159.0,1113.0,1212.0,1441.0,2340.0,2057.0,1165.0,870.0,655.0,392.0,81.0
WEEKDAY,EW21,EW22,,1533.0,4918.0,4636.0,2585.0,1633.0,1470.0,1690.0,2159.0,2349.0,2452.0,3065.0,4075.0,6903.0,6693.0,3908.0,2850.0,2125.0,1370.0,403.0
WEEKDAY,EW22,EW21,,1776.0,5626.0,8027.0,6043.0,3639.0,2345.0,2108.0,2244.0,2318.0,2071.0,2161.0,2629.0,4833.0,4281.0,2181.0,1661.0,1216.0,711.0,110.0
WEEKDAY,EW22,EW23,,1520.0,4843.0,4525.0,2535.0,1612.0,1497.0,1710.0,2191.0,2377.0,2549.0,3184.0,4208.0,7045.0,6680.0,3893.0,2843.0,2115.0,1374.0,399.0
WEEKDAY,EW23,EW22,,1810.0,5802.0,8225.0,6098.0,3648.0,2325.0,2088.0,2251.0,2324.0,2031.0,2121.0,2580.0,4751.0,4305.0,2211.0,1687.0,1237.0,723.0,111.0
WEEKDAY,EW23,NS1,3.0,1295.0,4618.0,4418.0,2399.0,1548.0,1424.0,1640.0,2128.0,2445.0,2661.0,3335.0,4228.0,7031.0,6706.0,3932.0,2910.0,2154.0,1414.0,415.0
WEEKDAY,EW25,EW26,7.0,2185.0,6137.0,6317.0,2622.0,1310.0,984.0,1089.0,1381.0,1679.0,1740.0,2082.0,2602.0,4456.0,4527.0,2673.0,2093.0,1636.0,1061.0,309.0
WEEKDAY,EW25,NS1,,1362.0,4691.0,6077.0,4231.0,2414.0,1658.0,1554.0,1736.0,1742.0,1827.0,2050.0,2910.0,6227.0,5079.0,2574.0,1809.0,1003.0,603.0,92.0
WEEKDAY,EW26,EW25,,1272.0,4406.0,5645.0,3976.0,2260.0,1578.0,1502.0,1672.0,1689.0,1799.0,2008.0,2921.0,6330.0,5163.0,2633.0,1868.0,1016.0,610.0,95.0
WEEKDAY,EW26,EW27,5.0,2076.0,5862.0,6419.0,2572.0,1211.0,865.0,915.0,1166.0,1391.0,1509.0,1632.0,1946.0,3319.0,3383.0,2030.0,1512.0,1159.0,751.0,210.0
WEEKDAY,EW27,EW26,,892.0,3225.0,4237.0,2798.0,1530.0,1105.0,1095.0,1262.0,1287.0,1431.0,1704.0,2626.0,5832.0,4765.0,2473.0,1753.0,944.0,559.0,84.0
WEEKDAY,EW27,EW28,3.0,1541.0,4554.0,5322.0,1878.0,677.0,385.0,368.0,460.0,564.0,558.0,559.0,671.0,1218.0,1447.0,948.0,631.0,467.0,314.0,80.0
WEEKDAY,EW28,EW27,,444.0,1703.0,2338.0,1453.0,707.0,546.0,574.0,703.0,679.0,814.0,1055.0,1960.0,4963.0,3576.0,2002.0,1372.0,526.0,276.0,41.0
WEEKDAY,EW28,EW29,,1477.0,4374.0,5277.0,1661.0,490.0,234.0,184.0,206.0,248.0,200.0,114.0,138.0,300.0,519.0,404.0,131.0,103.0,83.0,6.0
WEEKDAY,EW29,EW28,,27.0,231.0,539.0,442.0,119.0,136.0,206.0,315.0,282.0,488.0,757.0,1564.0,4362.0,2945.0,1837.0,1255.0,466.0,235.0,32.0
WEEKDAY,EW29,EW30,,581.0,1871.0,2481.0,789.0,180.0,88.0,56.0,57.0,86.0,75.0,27.0,33.0,118.0,220.0,152.0,45.0,36.0,15.0,
WEEKDAY,EW3,EW2,2.0,51.0,480.0,581.0,414.0,296.0,335.0,348.0,418.0,489.0,569.0,563.0,576.0,784.0,751.0,399.0,272.0,215.0,134.0,48.0
WEEKDAY,EW3,EW4,,226.0,963.0,1194.0,871.0,584.0,453.0,431.0,488.0,508.0,565.0,520.0,558.0,772.0,776.0,449.0,350.0,335.0,190.0,26.0
WEEKDAY,EW30,EW29,,11.0,82.0,277.0,213.0,45.0,56.0,84.0,135.0,108.0,237.0,341.0,769.0,2119.0,1370.0,856.0,596.0,200.0,124.0,5.0
WEEKDAY,EW30,EW31,,410.0,1305.0,1748.0,546.0,138.0,69.0,43.0,44.0,75.0,63.0,23.0,20.0,76.0,165.0,107.0,36.0,30.0,5.0,
WEEKDAY,EW31,EW30,,6.0,58.0,166.0,160.0,35.0,45.0,69.0,110.0,84.0,198.0,253.0,550.0,1520.0,963.0,537.0,413.0,157.0,103.0,4.0
WEEKDAY,EW31,EW32,,276.0,791.0,1048.0,334.0,92.0,53.0,28.0,22.0,55.0,50.0,15.0,16.0,58.0,105.0,77.0,23.0,24.0,4.0,
WEEKDAY,EW32,EW31,,2.0,41.0,115.0,97.0,19.0,25.0,40.0,68.0,58.0,148.0,171.0,356.0,878.0,582.0,318.0,232.0,95.0,75.0,3.0
WEEKDAY,EW32,EW33,,112.0,259.0,322.0,144.0,44.0,17.0,17.0,11.0,24.0,17.0,10.0,11.0,32.0,48.0,26.0,9.0,13.0,1.0,
WEEKDAY,EW33,EW32,,,17.0,42.0,36.0,9.0,8.0,16.0,39.0,25.0,40.0,85.0,172.0,283.0,210.0,130.0,68.0,38.0,20.0,3.0
WEEKDAY,EW4,CG1,,137.0,584.0,796.0,573.0,312.0,184.0,176.0,192.0,204.0,158.0,114.0,110.0,169.0,243.0,159.0,93.0,62.0,19.0,
WEEKDAY,EW4,EW3,3.0,115.0,635.0,825.0,551.0,361.0,380.0,423.0,465.0,586.0,626.0,715.0,766.0,1146.0,1096.0,625.0,443.0,324.0,222.0,83.0
WEEKDAY,EW4,EW5,,316.0,1099.0,1446.0,1356.0,901.0,656.0,618.0,737.0,743.0,826.0,937.0,1018.0,1635.0,1670.0,953.0,807.0,602.0,436.0,43.0
WEEKDAY,EW5,EW4,3.0,267.0,1551.0,1903.0,1201.0,677.0,549.0,622.0,660.0,749.0,749.0,779.0,876.0,1399.0,1489.0,871.0,597.0,475.0,282.0,96.0
WEEKDAY,EW5,EW6,,596.0,1871.0,2562.0,2321.0,1508.0,1047.0,929.0,1012.0,1068.0,1040.0,1114.0,1209.0,1979.0,1999.0,1164.0,981.0,720.0,480.0,53.0
WEEKDAY,EW6,EW5,1.0,398.0,1866.0,2102.0,1382.0,862.0,741.0,832.0,900.0,979.0,998.0,1153.0,1433.0,2426.0,2509.0,1450.0,1079.0,855.0,538.0,159.0
WEEKDAY,EW6,EW7,,617.0,2026.0,2764.0,2527.0,1639.0,1135.0,973.0,1047.0,1075.0,1024.0,1107.0,1224.0,2040.0,2057.0,1149.0,958.0,695.0,465.0,60.0
WEEKDAY,EW7,EW6,1.0,459.0,1886.0,2139.0,1407.0,886.0,753.0,863.0,946.0,1066.0,1082.0,1287.0,1569.0,2652.0,2769.0,1631.0,1231.0,977.0,606.0,176.0
WEEKDAY,EW7,EW8,,702.0,2278.0,3059.0,2734.0,1848.0,1285.0,1099.0,1157.0,1164.0,1084.0,1145.0,1268.0,2132.0,2164.0,1203.0,952.0,667.0,439.0,57.0
WEEKDAY,EW8,CC10,2.0,290.0,1376.0,1814.0,1537.0,972.0,753.0,835.0,1069.0,1219.0,1503.0,1899.0,2071.0,3108.0,3296.0,1997.0,1775.0,1415.0,994.0,252.0
WEEKDAY,EW8,CC8,,143.0,932.0,1090.0,756.0,517.0,324.0,249.0,281.0,349.0,284.0,229.0,244.0,342.0,373.0,219.0,126.0,96.0,54.0,7.0
WEEKDAY,EW8,EW7,1.0,522.0,1943.0,2296.0,1524.0,940.0,803.0,943.0,1068.0,1203.0,1233.0,1476.0,1789.0,3024.0,3145.0,1902.0,1474.0,1165.0,721.0,206.0
WEEKDAY,EW8,EW9,,693.0,2203.0,3089.0,2964.0,2096.0,1478.0,1223.0,1318.0,1354.0,1254.0,1222.0,1259.0,1929.0,1947.0,1100.0,840.0,616.0,435.0,63.0
WEEKDAY,EW9,EW10,,761.0,2341.0,3171.0,3009.0,2217.0,1554.0,1273.0,1355.0,1482.0,1285.0,1237.0,1248.0,1927.0,1972.0,1058.0,790.0,556.0,369.0,62.0
WEEKDAY,EW9,EW8,1.0,365.0,1529.0,1681.0,1265.0,884.0,797.0,938.0,1146.0,1271.0,1366.0,1592.0,2015.0,3215.0,3327.0,2032.0,1645.0,1301.0,794.0,245.0
WEEKDAY,NE1,CC28,,181.0,532.0,629.0,459.0,188.0,102.0,108.0,176.0,196.0,167.0,183.0,233.0,392.0,427.0,275.0,250.0,195.0,122.0,37.0
WEEKDAY,NE1,EW16,,50.0,229.0,444.0,448.0,255.0,228.0,277.0,394.0,533.0,453.0,630.0,840.0,1381.0,1454.0,1066.0,854.0,650.0,451.0,132.0
WEEKDAY,NE10,NE11,,114.0,745.0,1104.0,972.0,668.0,788.0,1053.0,1353.0,1551.0,1830.0,2346.0,3119.0,5204.0,5525.0,3494.0,2722.0,2171.0,1380.0,460.0
WEEKDAY,NE10,NE9,,989.0,3525.0,6170.0,5436.0,3878.0,2583.0,1962.0,1770.0,1785.0,1546.0,1308.0,1157.0,1442.0,1502.0,835.0,478.0,388.0,225.0,37.0
WEEKDAY,NE11,NE10,,1029.0,3741.0,6484.0,5553.0,3874.0,2518.0,1891.0,1740.0,1779.0,1543.0,1321.0,1147.0,1448.0,1517.0,846.0,496.0,429.0,253.0,39.0
WEEKDAY,NE11,NE12,,109.0,756.0,1115.0,945.0,672.0,796.0,1053.0,1359.0,1571.0,1882.0,2430.0,3168.0,5316.0,5633.0,3513.0,2709.0,2156.0,1364.0,453.0
WEEKDAY,NE12,CC12,,712.0,2993.0,4294.0,3286.0,1677.0,942.0,758.0,835.0,940.0,857.0,833.0,922.0,1466.0,1376.0,766.0,507.0,495.0,297.0,36.0
WEEKDAY,NE12,CC14,,703.0,3128.0,3709.0,2185.0,1081.0,692.0,732.0,866.0,955.0,1050.0,1164.0,1377.0,2528.0,2845.0,1444.0,1046.0,777.0,554.0,98.0
WEEKDAY,NE12,NE11,,1049.0,3874.0,6617.0,5629.0,3886.0,2496.0,1865.0,1717.0,1754.0,1526.0,1241.0,1133.0,1440.0,1515.0,842.0,505.0,441.0,261.0,40.0
WEEKDAY,NE12,NE13,,150.0,967.0,1400.0,1229.0,918.0,992.0,1276.0,1709.0,2212.0,2691.0,3254.0,4091.0,7094.0,7281.0,4286.0,3205.0,2522.0,1571.0,454.0
WEEKDAY,NE13,NE12,,1546.0,6312.0,9126.0,6905.0,4386.0,2758.0,2126.0,1999.0,1995.0,1677.0,1316.0,1312.0,1752.0,1768.0,969.0,685.0,662.0,411.0,44.0
WEEKDAY,NE13,NE14,,132.0,961.0,1322.0,1078.0,879.0,964.0,1283.0,1706.0,2151.0,2597.0,3066.0,3843.0,6676.0,6851.0,4015.0,3025.0,2359.0,1456.0,420.0
WEEKDAY,NE14,NE13,,1489.0,6137.0,8697.0,6605.0,4159.0,2638.0,2024.0,1877.0,1882.0,1566.0,1229.0,1230.0,1608.0,1613.0,882.0,604.0,609.0,375.0,41.0
WEEKDAY,NE14,NE15,3.0,103.0,871.0,1181.0,970.0,805.0,873.0,1167.0,1542.0,1978.0,2347.0,2673.0,3290.0,5531.0,5679.0,3287.0,2451.0,1870.0,1120.0,334.0
WEEKDAY,NE15,NE14,,1286.0,5333.0,7428.0,5446.0,3361.0,2153.0,1687.0,1605.0,1625.0,1365.0,1091.0,1081.0,1449.0,1408.0,752.0,525.0,576.0,362.0,38.0
WEEKDAY,NE15,NE16,3.0,91.0,858.0,1165.0,935.0,769.0,821.0,1078.0,1423.0,1848.0,2115.0,2412.0,2945.0,4904.0,4998.0,2879.0,2136.0,1618.0,971.0,282.0
WEEKDAY,NE16,NE15,,1186.0,4779.0,6503.0,4699.0,2941.0,1880.0,1494.0,1463.0,1480.0,1273.0,1040.0,1036.0,1356.0,1329.0,728.0,519.0,579.0,355.0,35.0
WEEKDAY,NE16,NE17,3.0,86.0,581.0,813.0,627.0,517.0,554.0,687.0,889.0,1161.0,1317.0,1389.0,1610.0,2509.0,2498.0,1456.0,1047.0,750.0,472.0,123.0
WEEKDAY,NE16,SE1,,8.0,139.0,245.0,107.0,75.0,87.0,129.0,208.0,252.0,281.0,305.0,338.0,524.0,569.0,380.0,307.0,231.0,121.0,41.0
WEEKDAY,NE16,SE5,,6.0,172.0,183.0,61.0,37.0,42.0,72.0,101.0,126.0,129.0,134.0,158.0,233.0,244.0,163.0,119.0,86.0,46.0,16.0
WEEKDAY,NE16,SW1,,17.0,159.0,224.0,144.0,88.0,84.0,127.0,166.0,186.0,171.0,159.0,199.0,292.0,281.0,182.0,141.0,87.0,47.0,6.0
WEEKDAY,NE16,SW8,,21.0,275.0,277.0,147.0,114.0,112.0,176.0,228.0,286.0,295.0,318.0,347.0,537.0,567.0,357.0,266.0,222.0,128.0,25.0
WEEKDAY,NE17,NE16,,576.0,2669.0,3351.0,2234.0,1448.0,976.0,858.0,914.0,938.0,805.0,739.0,749.0,876.0,844.0,543.0,420.0,406.0,258.0,23.0
WEEKDAY,NE17,PE1,1.0,12.0,180.0,197.0,112.0,72.0,81.0,125.0,213.0,298.0,289.0,318.0,361.0,535.0,528.0,343.0,243.0,183.0,100.0,28.0
WEEKDAY,NE17,PE7,,16.0,144.0,257.0,205.0,153.0,120.0,171.0,242.0,340.0,352.0,356.0,378.0,581.0,595.0,370.0,274.0,192.0,99.0,22.0
WEEKDAY,NE17,PW1,,1.0,15.0,56.0,47.0,12.0,10.0,30.0,9.0,10.0,10.0,12.0,24.0,21.0,11.0,4.0,3.0,,2.0,1.0
WEEKDAY,NE17,PW7,,13.0,66.0,73.0,65.0,61.0,60.0,71.0,94.0,142.0,130.0,128.0,155.0,245.0,235.0,149.0,102.0,74.0,48.0,10.0
WEEKDAY,NE4,DT18,,114.0,445.0,813.0,913.0,628.0,307.0,221.0,261.0,287.0,197.0,169.0,168.0,200.0,201.0,119.0,61.0,40.0,24.0,6.0
WEEKDAY,NE4,DT20,,263.0,858.0,1217.0,952.0,543.0,460.0,553.0,654.0,691.0,706.0,908.0,1269.0,2379.0,2374.0,1398.0,1001.0,735.0,466.0,127.0
WEEKDAY,NE4,EW16,,1189.0,3796.0,5094.0,3299.0,2051.0,1344.0,1320.0,1461.0,1471.0,1255.0,1214.0,1372.0,2025.0,2234.0,1321.0,906.0,691.0,459.0,78.0
WEEKDAY,NE4,NE5,,119.0,569.0,932.0,927.0,700.0,763.0,984.0,1173.0,1227.0,1305.0,1669.0,2209.0,3688.0,3774.0,2278.0,1727.0,1366.0,878.0,298.0
WEEKDAY,NE5,NE4,,741.0,2625.0,4220.0,3291.0,2382.0,1693.0,1451.0,1378.0,1383.0,1200.0,1074.0,1047.0,1347.0,1301.0,810.0,529.0,434.0,262.0,50.0
WEEKDAY,NE5,NS24,,110.0,558.0,916.0,883.0,659.0,759.0,995.0,1202.0,1259.0,1372.0,1765.0,2373.0,3993.0,4237.0,2567.0,1943.0,1548.0,1042.0,380.0
WEEKDAY,NE7,DT13,,641.0,2268.0,3310.0,3102.0,2276.0,1702.0,1449.0,1550.0,1634.0,1611.0,1613.0,1855.0,2726.0,2580.0,1548.0,1321.0,1039.0,590.0,114.0
WEEKDAY,NE7,NE8,,119.0,515.0,1022.0,1008.0,685.0,825.0,1084.0,1367.0,1525.0,1781.0,2263.0,3052.0,4995.0,5327.0,3461.0,2857.0,2285.0,1479.0,477.0
WEEKDAY,NE7,NS21,,820.0,2725.0,2935.0,2011.0,1244.0,1141.0,1448.0,1902.0,2066.0,2174.0,2942.0,3794.0,6274.0,6547.0,4208.0,3448.0,2813.0,1909.0,605.0
WEEKDAY,NE7,NS24,,1623.0,5079.0,8712.0,8146.0,6285.0,4089.0,3069.0,2880.0,2845.0,2372.0,2020.0,1834.0,2299.0,2313.0,1311.0,710.0,555.0,276.0,37.0
WEEKDAY,NE8,NE7,,917.0,3474.0,5988.0,5214.0,3913.0,2634.0,2016.0,1848.0,1843.0,1541.0,1343.0,1198.0,1493.0,1519.0,927.0,501.0,420.0,219.0,40.0
WEEKDAY,NE8,NE9,,116.0,539.0,1003.0,918.0,607.0,747.0,1014.0,1328.0,1517.0,1723.0,2227.0,3030.0,5030.0,5323.0,3450.0,2847.0,2354.0,1519.0,487.0
WEEKDAY,NE9,NE10,,109.0,685.0,1152.0,946.0,649.0,779.0,1047.0,1351.0,1536.0,1727.0,2269.0,3013.0,5105.0,5445.0,3504.0,2762.0,2227.0,1418.0,463.0
WEEKDAY,NE9,NE8,,930.0,3463.0,6152.0,5439.0,4035.0,2733.0,2106.0,1920.0,1877.0,1617.0,1367.0,1206.0,1484.0,1542.0,915.0,475.0,361.0,184.0,32.0
WEEKDAY,NS1,EW23,,2000.0,6288.0,8542.0,6031.0,3549.0,2285.0,2063.0,2224.0,2271.0,1969.0,2042.0,2532.0,4765.0,4220.0,2124.0,1635.0,1177.0,683.0,98.0
WEEKDAY,NS1,EW25,7.0,2085.0,5972.0,6057.0,2512.0,1305.0,995.0,1111.0,1420.0,1725.0,1817.0,2195.0,2753.0,4714.0,4760.0,2805.0,2204.0,1721.0,1103.0,321.0
WEEKDAY,NS1,NS2,9.0,418.0,1801.0,2118.0,1656.0,1006.0,909.0,1127.0,1562.0,1758.0,2124.0,2848.0,4025.0,7740.0,7213.0,4049.0,3354.0,2278.0,1441.0,353.0
WEEKDAY,NS10,NS11,18.0,1276.0,4272.0,5781.0,3586.0,2361.0,1611.0,1511.0,1757.0,1789.0,1746.0,1787.0,2105.0,3660.0,3514.0,1914.0,1465.0,1160.0,669.0,222.0
WEEKDAY,NS10,NS9,22.0,1468.0,4913.0,4985.0,2582.0,1539.0,1249.0,1296.0,1546.0,1656.0,1680.0,1819.0,2128.0,3580.0,3474.0,2131.0,1441.0,1053.0,695.0,311.0
WEEKDAY,NS11,NS10,29.0,1192.0,4013.0,4107.0,2241.0,1318.0,1101.0,1227.0,1571.0,1750.0,1948.0,2257.0,2698.0,4506.0,4356.0,2638.0,1972.0,1564.0,1039.0,441.0
WEEKDAY,NS11,NS12,19.0,1577.0,5426.0,7221.0,4610.0,2970.0,1953.0,1747.0,1927.0,1926.0,1769.0,1737.0,2015.0,3467.0,3443.0,1961.0,1434.0,1071.0,621.0,197.0
WEEKDAY,NS12,NS11,34.0,1083.0,3713.0,3897.0,2232.0,1286.0,1108.0,1270.0,1762.0,2044.0,2385.0,2753.0,3283.0,5395.0,5401.0,3267.0,2534.0,1994.0,1324.0,548.0
WEEKDAY,NS12,NS13,18.0,1662.0,5855.0,7732.0,4929.0,3158.0,2073.0,1831.0,2001.0,1948.0,1747.0,1734.0,2031.0,3464.0,3446.0,1971.0,1405.0,1036.0,607.0,194.0
WEEKDAY,NS13,NS12,36.0,1035.0,3517.0,3740.0,2187.0,1269.0,1098.0,1276.0,1790.0,2130.0,2521.0,2873.0,3422.0,5646.0,5649.0,3400.0,2666.0,2118.0,1397.0,572.0
WEEKDAY,NS13,NS14,18.0,2030.0,6757.0,9140.0,6163.0,3923.0,2415.0,1994.0,2177.0,2103.0,1720.0,1611.0,1777.0,2931.0,3054.0,1768.0,1266.0,1006.0,598.0,162.0
WEEKDAY,NS14,NS13,22.0,787.0,2901.0,3352.0,2125.0,1238.0,1175.0,1390.0,2008.0,2330.0,2906.0,3405.0,4177.0,6858.0,6880.0,4130.0,3215.0,2530.0,1678.0,668.0
WEEKDAY,NS14,NS15,15.0,2275.0,7430.0,10242.0,7167.0,4652.0,2841.0,2230.0,2388.0,2280.0,1813.0,1605.0,1651.0,2637.0,2801.0,1616.0,1118.0,904.0,550.0,144.0
WEEKDAY,NS15,NS14,17.0,607.0,2302.0,2756.0,1877.0,1077.0,1114.0,1387.0,1999.0,2348.0,2951.0,3720.0,4641.0,7688.0,7599.0,4599.0,3697.0,2942.0,1935.0,717.0
WEEKDAY,NS15,NS16,14.0,2255.0,7118.0,9439.0,6834.0,4601.0,2936.0,2303.0,2477.0,2396.0,1996.0,1824.0,1916.0,2949.0,3025.0,1703.0,1128.0,894.0,540.0,135.0
WEEKDAY,NS16,NS15,14.0,617.0,2483.0,3230.0,2172.0,1163.0,1117.0,1399.0,1870.0,2262.0,2703.0,3385.0,4284.0,7377.0,7404.0,4533.0,3750.0,3013.0,1957.0,696.0
WEEKDAY,NS16,NS17,,2459.0,7544.0,10405.0,7833.0,5365.0,3402.0,2611.0,2710.0,2638.0,2227.0,1942.0,1979.0,2848.0,2915.0,1682.0,1088.0,887.0,519.0,121.0
WEEKDAY,NS17,CC14,,655.0,2404.0,3537.0,2616.0,1403.0,915.0,808.0,1012.0,1230.0,1341.0,1303.0,1553.0,2826.0,2626.0,1346.0,878.0,730.0,386.0,51.0
WEEKDAY,NS17,CC16,,966.0,3271.0,3575.0,2016.0,1024.0,574.0,598.0,662.0,705.0,632.0,690.0,782.0,1290.0,1263.0,605.0,372.0,300.0,183.0,35.0
WEEKDAY,NS17,NS16,9.0,500.0,2335.0,3108.0,2235.0,1262.0,1289.0,1622.0,2124.0,2477.0,2893.0,3835.0,4960.0,8629.0,8518.0,5185.0,4443.0,3584.0,2307.0,757.0
WEEKDAY,NS17,NS18,,1607.0,5149.0,7745.0,6223.0,4597.0,3034.0,2264.0,2294.0,2235.0,1911.0,1602.0,1452.0,1920.0,2049.0,1210.0,806.0,618.0,361.0,83.0
WEEKDAY,NS18,NS17,8.0,299.0,1327.0,1806.0,1446.0,887.0,959.0,1264.0,1672.0,1952.0,2199.0,2944.0,3885.0,6448.0,6280.0,4024.0,3636.0,3027.0,1881.0,664.0
WEEKDAY,NS18,NS19,,1652.0,5205.0,7946.0,6457.0,4852.0,3201.0,2399.0,2430.0,2376.0,1985.0,1614.0,1447.0,1878.0,1989.0,1195.0,754.0,564.0,312.0,59.0
WEEKDAY,NS19,NS18,8.0,279.0,1133.0,1576.0,1349.0,828.0,941.0,1281.0,1668.0,1857.0,2189.0,3015.0,3971.0,6580.0,6413.0,4197.0,3851.0,3235.0,2021.0,712.0
WEEKDAY,NS19,NS20,,1573.0,5125.0,7877.0,6618.0,5087.0,3409.0,2564.0,2570.0,2440.0,1981.0,1551.0,1373.0,1682.0,1861.0,1124.0,661.0,468.0,239.0,29.0
WEEKDAY,NS2,NS1,6.0,2649.0,7818.0,9205.0,4705.0,2726.0,1852.0,1696.0,1799.0,1880.0,1567.0,1432.0,1509.0,2385.0,2457.0,1338.0,815.0,595.0,334.0,102.0
WEEKDAY,NS2,NS3,14.0,484.0,1950.0,2201.0,1583.0,960.0,864.0,1035.0,1447.0,1613.0,1951.0,2604.0,3645.0,7023.0,6697.0,3674.0,2984.0,2083.0,1314.0,333.0
WEEKDAY,NS20,NS19,4.0,243.0,836.0,1342.0,1301.0,788.0,957.0,1367.0,1764.0,1919.0,2210.0,3185.0,4202.0,6872.0,6476.0,4328.0,4129.0,3511.0,2178.0,753.0
WEEKDAY,NS20,NS21,,1306.0,3868.0,5705.0,5409.0,4453.0,3009.0,2199.0,2237.0,2172.0,1829.0,1671.0,1635.0,2257.0,2197.0,1174.0,760.0,601.0,301.0,41.0
WEEKDAY,NS21,DT10,1.0,719.0,2434.0,2443.0,1457.0,919.0,790.0,955.0,1266.0,1394.0,1386.0,1808.0,2301.0,3923.0,3895.0,2325.0,1855.0,1484.0,950.0,255.0
WEEKDAY,NS21,NE7,,1444.0,4433.0,6832.0,6354.0,4659.0,3157.0,2474.0,2500.0,2602.0,2413.0,2156.0,2297.0,3443.0,3238.0,1770.0,1223.0,901.0,512.0,69.0
WEEKDAY,NS21,NS20,4.0,320.0,1100.0,1813.0,1517.0,909.0,928.0,1232.0,1588.0,1773.0,1973.0,2571.0,3380.0,5171.0,5281.0,3719.0,3612.0,2862.0,1972.0,721.0
WEEKDAY,NS21,NS22,,305.0,990.0,1656.0,1759.0,1756.0,1309.0,963.0,936.0,857.0,761.0,656.0,610.0,696.0,688.0,383.0,208.0,156.0,75.0,17.0
WEEKDAY,NS22,NS21,2.0,27.0,236.0,305.0,281.0,200.0,270.0,433.0,604.0,658.0,710.0,946.0,1256.0,1766.0,1668.0,1314.0,1640.0,1239.0,812.0,262.0
WEEKDAY,NS22,NS23,,103.0,316.0,506.0,546.0,552.0,526.0,544.0,599.0,616.0,656.0,705.0,784.0,964.0,932.0,664.0,643.0,503.0,260.0,52.0
WEEKDAY,NS23,NS22,2.0,105.0,374.0,747.0,845.0,821.0,659.0,586.0,639.0,664.0,664.0,680.0,730.0,855.0,856.0,607.0,605.0,461.0,356.0,147.0
WEEKDAY,NS23,NS24,,10.0,95.0,177.0,227.0,182.0,236.0,356.0,457.0,512.0,576.0,719.0,848.0,1064.0,1027.0,831.0,918.0,751.0,435.0,105.0
WEEKDAY,NS24,CC2,,56.0,147.0,214.0,236.0,176.0,106.0,94.0,96.0,93.0,81.0,77.0,73.0,100.0,90.0,97.0,57.0,29.0,12.0,2.0
WEEKDAY,NS24,NE5,,776.0,2761.0,4576.0,3759.0,2749.0,1886.0,1540.0,1449.0,1463.0,1263.0,1112.0,1063.0,1344.0,1295.0,802.0,516.0,420.0,229.0,36.0
WEEKDAY,NS24,NE7,,193.0,787.0,1306.0,1287.0,864.0,1086.0,1573.0,1986.0,2176.0,2530.0,3425.0,4798.0,7678.0,8243.0,5522.0,4712.0,3786.0,2492.0,832.0
WEEKDAY,NS24,NS23,,142.0,493.0,950.0,1100.0,1126.0,886.0,748.0,764.0,750.0,728.0,673.0,598.0,701.0,690.0,414.0,230.0,115.0,64.0,21.0
WEEKDAY,NS24,NS25,,558.0,1429.0,2639.0,2890.0,1989.0,1108.0,745.0,744.0,777.0,598.0,482.0,427.0,530.0,561.0,272.0,180.0,150.0,54.0,3.0
WEEKDAY,NS25,EW12,,41.0,149.0,289.0,300.0,247.0,277.0,361.0,414.0,433.0,497.0,593.0,775.0,1156.0,1323.0,889.0,684.0,464.0,327.0,127.0
WEEKDAY,NS25,NS24,,35.0,157.0,266.0,255.0,186.0,296.0,448.0,578.0,605.0,745.0,983.0,1434.0,2302.0,2699.0,1820.0,1410.0,950.0,645.0,248.0
WEEKDAY,NS25,NS26,,606.0,1680.0,2944.0,3216.0,1958.0,998.0,700.0,757.0,843.0,647.0,546.0,521.0,665.0,741.0,444.0,317.0,231.0,124.0,33.0
WEEKDAY,NS26,EW15,,253.0,780.0,1215.0,1353.0,934.0,580.0,488.0,540.0,564.0,516.0,517.0,668.0,989.0,1096.0,720.0,507.0,321.0,208.0,76.0
WEEKDAY,NS26,NS25,,66.0,252.0,471.0,539.0,433.0,523.0,676.0,798.0,754.0,873.0,1080.0,1556.0,2587.0,3031.0,1929.0,1312.0,761.0,556.0,207.0
WEEKDAY,NS26,NS27,,59.0,155.0,224.0,184.0,73.0,35.0,24.0,37.0,37.0,36.0,25.0,23.0,37.0,56.0,22.0,25.0,8.0,8.0,1.0
WEEKDAY,NS27,CE1,,1.0,1.0,6.0,17.0,6.0,12.0,11.0,12.0,14.0,17.0,20.0,34.0,57.0,44.0,29.0,28.0,15.0,16.0,
WEEKDAY,NS27,NS26,,3.0,3.0,33.0,49.0,17.0,26.0,29.0,36.0,31.0,47.0,74.0,118.0,183.0,180.0,122.0,93.0,42.0,36.0,5.0
WEEKDAY,NS27,NS28,,12.0,63.0,97.0,46.0,19.0,12.0,12.0,22.0,17.0,10.0,7.0,8.0,9.0,24.0,8.0,9.0,1.0,,1.0
WEEKDAY,NS28,NS27,,,,11.0,41.0,9.0,15.0,15.0,16.0,18.0,26.0,34.0,39.0,71.0,36.0,33.0,33.0,15.0,28.0,
WEEKDAY,NS3,NS2,11.0,2479.0,7354.0,8569.0,4429.0,2553.0,1718.0,1596.0,1673.0,1764.0,1481.0,1392.0,1499.0,2368.0,2361.0,1304.0,817.0,609.0,341.0,120.0
WEEKDAY,NS3,NS4,15.0,569.0,2126.0,2405.0,1588.0,940.0,838.0,982.0,1344.0,1484.0,1773.0,2380.0,3251.0,6309.0,6014.0,3237.0,2625.0,1861.0,1165.0,304.0
WEEKDAY,NS4,BP2,,216.0,677.0,990.0,797.0,513.0,296.0,353.0,503.0,449.0,449.0,480.0,598.0,1113.0,1059.0,567.0,483.0,313.0,175.0,24.0
WEEKDAY,NS4,NS3,13.0,2224.0,6624.0,7621.0,3939.0,2279.0,1520.0,1401.0,1500.0,1587.0,1369.0,1308.0,1483.0,2415.0,2390.0,1285.0,838.0,608.0,357.0,131.0
WEEKDAY,NS4,NS5,17.0,700.0,2485.0,2847.0,1681.0,967.0,854.0,1009.0,1308.0,1387.0,1653.0,2150.0,2912.0,5433.0,5179.0,2701.0,2181.0,1614.0,1033.0,293.0
WEEKDAY,NS5,NS4,14.0,1927.0,6044.0,6793.0,3544.0,2084.0,1350.0,1273.0,1456.0,1500.0,1374.0,1296.0,1511.0,2603.0,2594.0,1450.0,980.0,707.0,422.0,173.0
WEEKDAY,NS5,NS7,13.0,773.0,2525.0,2913.0,1707.0,907.0,744.0,843.0,1055.0,1127.0,1305.0,1614.0,2280.0,4405.0,4230.0,2080.0,1710.0,1303.0,838.0,224.0
WEEKDAY,NS7,NS5,20.0,1541.0,4853.0,5223.0,2701.0,1593.0,1026.0,984.0,1144.0,1156.0,1058.0,1164.0,1424.0,2490.0,2531.0,1485.0,997.0,718.0,430.0,196.0
WEEKDAY,NS7,NS8,14.0,668.0,2334.0,2688.0,1599.0,924.0,756.0,856.0,1061.0,1127.0,1318.0,1657.0,2390.0,4669.0,4464.0,2187.0,1770.0,1371.0,853.0,237.0
WEEKDAY,NS8,NS7,28.0,1642.0,5160.0,5628.0,2888.0,1596.0,1028.0,996.0,1157.0,1178.0,1064.0,1126.0,1353.0,2385.0,2445.0,1396.0,953.0,679.0,429.0,192.0
WEEKDAY,NS8,NS9,19.0,864.0,2888.0,3427.0,2053.0,1370.0,1016.0,1105.0,1320.0,1405.0,1471.0,1838.0,2486.0,4614.0,4430.0,2284.0,1741.0,1420.0,800.0,251.0
WEEKDAY,NS9,NS10,21.0,881.0,2949.0,3858.0,2414.0,1646.0,1164.0,1204.0,1451.0,1519.0,1628.0,1850.0,2284.0,3961.0,3819.0,2045.0,1636.0,1388.0,795.0,253.0
WEEKDAY,NS9,NS8,30.0,1514.0,4922.0,5363.0,2755.0,1549.0,1075.0,1049.0,1244.0,1308.0,1255.0,1318.0,1572.0,2730.0,2737.0,1613.0,1130.0,799.0,530.0,244.0
WEEKDAY,NS9,TE1,,7.0,52.0,121.0,104.0,29.0,6.0,6.0,11.0,12.0,7.0,2.0,7.0,10.0,8.0,8.0,5.0,1.0,1.0,
WEEKDAY,NS9,TE3,,8.0,194.0,69.0,30.0,17.0,15.0,23.0,34.0,50.0,62.0,69.0,82.0,149.0,153.0,80.0,52.0,39.0,9.0,
WEEKDAY,PE1,NE17,,120.0,591.0,719.0,439.0,299.0,226.0,237.0,236.0,313.0,194.0,173.0,160.0,189.0,169.0,112.0,66.0,30.0,22.0,5.0
WEEKDAY,PE1,PE2,1.0,12.0,167.0,197.0,119.0,79.0,82.0,115.0,191.0,258.0,252.0,262.0,297.0,428.0,415.0,277.0,188.0,132.0,73.0,20.0
WEEKDAY,PE2,PE1,,97.0,469.0,590.0,343.0,236.0,187.0,194.0,212.0,273.0,175.0,162.0,146.0,175.0,146.0,107.0,61.0,32.0,26.0,7.0
WEEKDAY,PE2,PE3,1.0,11.0,87.0,163.0,120.0,87.0,81.0,98.0,139.0,251.0,168.0,170.0,195.0,267.0,253.0,160.0,100.0,65.0,35.0,9.0
WEEKDAY,PE3,PE2,,44.0,283.0,337.0,201.0,141.0,119.0,138.0,148.0,216.0,123.0,117.0,116.0,142.0,129.0,94.0,58.0,39.0,29.0,8.0
WEEKDAY,PE3,PE4,,5.0,51.0,146.0,93.0,67.0,62.0,74.0,84.0,190.0,88.0,72.0,78.0,84.0,78.0,51.0,31.0,16.0,9.0,3.0
WEEKDAY,PE4,PE3,,16.0,99.0,146.0,76.0,64.0,57.0,78.0,93.0,149.0,79.0,72.0,79.0,87.0,79.0,54.0,34.0,24.0,20.0,6.0
WEEKDAY,PE4,PE5,,20.0,106.0,235.0,142.0,90.0,87.0,98.0,103.0,207.0,112.0,88.0,96.0,102.0,103.0,66.0,38.0,23.0,14.0,6.0
WEEKDAY,PE5,PE4,,19.0,105.0,146.0,96.0,75.0,67.0,98.0,120.0,192.0,107.0,106.0,112.0,139.0,131.0,84.0,60.0,38.0,29.0,7.0
WEEKDAY,PE5,PE6,,84.0,341.0,462.0,312.0,198.0,162.0,167.0,152.0,255.0,139.0,113.0,133.0,167.0,155.0,90.0,53.0,25.0,18.0,4.0
WEEKDAY,PE6,PE5,,12.0,101.0,166.0,131.0,100.0,88.0,136.0,188.0,244.0,214.0,223.0,228.0,306.0,300.0,199.0,152.0,104.0,60.0,11.0
WEEKDAY,PE6,PE7,,127.0,518.0,678.0,411.0,261.0,201.0,209.0,196.0,252.0,158.0,156.0,196.0,241.0,184.0,110.0,89.0,80.0,39.0,7.0
WEEKDAY,PE7,NE17,,166.0,693.0,880.0,533.0,340.0,247.0,241.0,225.0,286.0,171.0,179.0,212.0,282.0,221.0,122.0,90.0,81.0,42.0,7.0
WEEKDAY,PE7,PE6,,16.0,136.0,234.0,187.0,141.0,111.0,153.0,203.0,302.0,285.0,284.0,304.0,435.0,461.0,286.0,206.0,138.0,72.0,16.0
WEEKDAY,PW1,NE17,,1.0,9.0,11.0,32.0,18.0,4.0,11.0,22.0,8.0,7.0,9.0,27.0,45.0,33.0,11.0,8.0,10.0,8.0,
WEEKDAY,PW1,PW3,,1.0,10.0,41.0,30.0,3.0,3.0,24.0,4.0,5.0,4.0,7.0,17.0,10.0,6.0,2.0,2.0,,2.0,1.0
WEEKDAY,PW3,PW1,,1.0,9.0,12.0,26.0,12.0,3.0,7.0,17.0,3.0,4.0,5.0,17.0,32.0,20.0,5.0,2.0,2.0,3.0,
WEEKDAY,PW3,PW4,,,5.0,25.0,17.0,1.0,3.0,23.0,2.0,2.0,3.0,7.0,9.0,6.0,4.0,1.0,2.0,,1.0,
WEEKDAY,PW4,PW3,,1.0,6.0,14.0,18.0,10.0,2.0,5.0,15.0,1.0,2.0,4.0,11.0,14.0,7.0,3.0,2.0,1.0,2.0,
WEEKDAY,PW4,PW5,,1.0,2.0,3.0,6.0,6.0,1.0,7.0,9.0,1.0,2.0,2.0,9.0,9.0,5.0,1.0,,,,
WEEKDAY,PW5,PW4,,,,16.0,17.0,5.0,1.0,15.0,4.0,1.0,1.0,6.0,8.0,5.0,4.0,4.0,2.0,1.0,,
WEEKDAY,PW5,PW6,,40.0,122.0,172.0,100.0,65.0,46.0,50.0,58.0,157.0,42.0,36.0,56.0,71.0,63.0,34.0,16.0,6.0,3.0,1.0
WEEKDAY,PW6,PW5,1.0,9.0,87.0,114.0,55.0,38.0,36.0,58.0,62.0,74.0,58.0,65.0,90.0,108.0,108.0,74.0,47.0,33.0,25.0,7.0
WEEKDAY,PW6,PW7,,52.0,206.0,248.0,150.0,96.0,66.0,65.0,82.0,165.0,52.0,46.0,70.0,86.0,77.0,42.0,20.0,9.0,5.0,2.0
WEEKDAY,PW7,NE17,,69.0,253.0,297.0,195.0,128.0,84.0,74.0,87.0,120.0,65.0,50.0,73.0,81.0,82.0,44.0,18.0,7.0,5.0,1.0
WEEKDAY,PW7,PW6,1.0,9.0,90.0,118.0,65.0,51.0,48.0,74.0,77.0,110.0,92.0,98.0,124.0,161.0,172.0,107.0,66.0,50.0,32.0,10.0
WEEKDAY,SE1,NE16,,180.0,701.0,781.0,510.0,341.0,239.0,228.0,260.0,262.0,212.0,212.0,163.0,187.0,200.0,119.0,59.0,33.0,21.0,2.0
WEEKDAY,SE1,SE2,,3.0,60.0,102.0,90.0,69.0,75.0,97.0,159.0,196.0,210.0,247.0,255.0,396.0,411.0,270.0,222.0,168.0,91.0,30.0
WEEKDAY,SE2,SE1,,156.0,542.0,660.0,380.0,261.0,182.0,168.0,166.0,205.0,131.0,96.0,109.0,127.0,125.0,77.0,41.0,28.0,19.0,2.0
WEEKDAY,SE2,SE3,,13.0,79.0,136.0,55.0,42.0,49.0,51.0,87.0,123.0,100.0,113.0,117.0,168.0,173.0,114.0,89.0,76.0,36.0,12.0
WEEKDAY,SE3,SE2,1.0,59.0,228.0,306.0,182.0,119.0,90.0,96.0,101.0,152.0,99.0,62.0,68.0,84.0,79.0,48.0,26.0,17.0,10.0,2.0
WEEKDAY,SE3,SE4,,18.0,65.0,108.0,44.0,35.0,34.0,28.0,32.0,58.0,25.0,27.0,28.0,29.0,31.0,22.0,14.0,8.0,4.0,1.0
WEEKDAY,SE4,SE3,1.0,9.0,42.0,78.0,47.0,39.0,38.0,44.0,53.0,61.0,64.0,38.0,45.0,49.0,52.0,31.0,17.0,14.0,10.0,3.0
WEEKDAY,SE4,SE5,,59.0,193.0,241.0,131.0,76.0,66.0,61.0,69.0,78.0,53.0,44.0,48.0,47.0,51.0,33.0,27.0,19.0,3.0,
WEEKDAY,SE5,NE16,,68.0,251.0,290.0,201.0,122.0,101.0,99.0,150.0,139.0,189.0,72.0,76.0,86.0,78.0,45.0,30.0,21.0,3.0,
WEEKDAY,SE5,SE4,,,31.0,58.0,46.0,34.0,38.0,49.0,73.0,105.0,110.0,95.0,112.0,153.0,175.0,108.0,70.0,49.0,32.0,8.0
WEEKDAY,SW1,NE16,,78.0,316.0,434.0,268.0,158.0,126.0,126.0,131.0,133.0,99.0,92.0,125.0,181.0,151.0,85.0,61.0,46.0,26.0,5.0
WEEKDAY,SW1,SW2,,12.0,59.0,82.0,77.0,68.0,65.0,86.0,117.0,143.0,151.0,156.0,199.0,292.0,283.0,175.0,133.0,94.0,58.0,9.0
WEEKDAY,SW2,SW1,,77.0,321.0,439.0,268.0,150.0,122.0,117.0,116.0,130.0,87.0,71.0,87.0,106.0,96.0,58.0,41.0,22.0,16.0,6.0
WEEKDAY,SW2,SW3,,7.0,49.0,100.0,65.0,51.0,45.0,68.0,86.0,108.0,96.0,112.0,143.0,199.0,197.0,126.0,91.0,58.0,39.0,13.0
WEEKDAY,SW3,SW2,,53.0,191.0,288.0,188.0,98.0,84.0,74.0,94.0,108.0,67.0,56.0,68.0,90.0,81.0,47.0,38.0,22.0,6.0,6.0
WEEKDAY,SW3,SW4,,6.0,49.0,97.0,53.0,46.0,36.0,58.0,73.0,112.0,54.0,63.0,86.0,113.0,116.0,67.0,39.0,25.0,18.0,8.0
WEEKDAY,SW4,SW3,,15.0,86.0,159.0,108.0,53.0,46.0,52.0,80.0,103.0,60.0,48.0,56.0,72.0,71.0,43.0,35.0,23.0,8.0,5.0
WEEKDAY,SW4,SW5,,7.0,52.0,108.0,44.0,41.0,36.0,53.0,64.0,91.0,35.0,45.0,66.0,77.0,76.0,43.0,25.0,16.0,13.0,7.0
WEEKDAY,SW5,SW4,,7.0,45.0,95.0,68.0,35.0,33.0,44.0,75.0,108.0,67.0,50.0,46.0,66.0,62.0,43.0,36.0,25.0,8.0,4.0
WEEKDAY,SW5,SW6,,103.0,391.0,503.0,285.0,183.0,138.0,142.0,159.0,212.0,154.0,134.0,134.0,163.0,138.0,96.0,75.0,72.0,55.0,13.0
WEEKDAY,SW6,SW5,,10.0,104.0,159.0,118.0,101.0,106.0,140.0,167.0,201.0,187.0,198.0,215.0,324.0,321.0,193.0,143.0,112.0,63.0,15.0
WEEKDAY,SW6,SW7,,145.0,564.0,670.0,407.0,248.0,192.0,187.0,236.0,265.0,249.0,188.0,160.0,196.0,162.0,111.0,82.0,73.0,54.0,14.0
WEEKDAY,SW7,SW6,,13.0,223.0,238.0,125.0,114.0,116.0,160.0,194.0,265.0,242.0,262.0,282.0,443.0,450.0,272.0,203.0,164.0,89.0,18.0
WEEKDAY,SW7,SW8,,180.0,687.0,792.0,498.0,308.0,232.0,211.0,258.0,282.0,258.0,200.0,169.0,224.0,184.0,117.0,81.0,75.0,57.0,11.0
WEEKDAY,SW8,NE16,,193.0,697.0,840.0,531.0,335.0,267.0,232.0,267.0,287.0,269.0,210.0,180.0,277.0,207.0,117.0,76.0,66.0,59.0,9.0
WEEKDAY,SW8,SW7,,17.0,240.0,246.0,139.0,115.0,117.0,177.0,220.0,262.0,278.0,300.0,329.0,508.0,530.0,328.0,246.0,200.0,111.0,21.0
WEEKDAY,TE1,NS9,,,1.0,12.0,15.0,7.0,5.0,6.0,14.0,10.0,12.0,19.0,29.0,103.0,88.0,44.0,20.0,5.0,1.0,
WEEKDAY,TE3,NS9,,35.0,178.0,189.0,108.0,57.0,40.0,39.0,127.0,136.0,162.0,134.0,55.0,62.0,56.0,30.0,12.0,4.0,1.0,
WEEKENDS/HOLIDAY,BP10,BP11,,64.0,100.0,97.0,103.0,121.0,122.0,128.0,116.0,103.0,82.0,87.0,73.0,100.0,83.0,62.0,54.0,37.0,33.0,14.0
WEEKENDS/HOLIDAY,BP10,BP9,,6.0,4.0,5.0,11.0,10.0,8.0,10.0,10.0,8.0,11.0,7.0,6.0,8.0,4.0,5.0,2.0,1.0,4.0,
WEEKENDS/HOLIDAY,BP11,BP10,,5.0,2.0,6.0,9.0,8.0,6.0,9.0,6.0,6.0,7.0,3.0,4.0,6.0,2.0,2.0,,,1.0,
WEEKENDS/HOLIDAY,BP11,BP12,,119.0,183.0,158.0,159.0,193.0,189.0,198.0,183.0,165.0,142.0,142.0,125.0,155.0,142.0,95.0,70.0,50.0,43.0,16.0
WEEKENDS/HOLIDAY,BP12,BP11,,7.0,10.0,27.0,38.0,33.0,25.0,35.0,53.0,53.0,54.0,54.0,57.0,74.0,78.0,64.0,69.0,63.0,47.0,10.0
WEEKENDS/HOLIDAY,BP12,BP13,,145.0,228.0,195.0,190.0,213.0,218.0,227.0,221.0,202.0,173.0,171.0,154.0,185.0,168.0,117.0,81.0,56.0,48.0,16.0
WEEKENDS/HOLIDAY,BP13,BP12,,6.0,15.0,36.0,54.0,45.0,40.0,54.0,79.0,84.0,81.0,87.0,84.0,102.0,106.0,90.0,99.0,90.0,65.0,14.0
WEEKENDS/HOLIDAY,BP13,DT1,,164.0,260.0,222.0,219.0,242.0,243.0,255.0,246.0,226.0,200.0,196.0,167.0,208.0,186.0,129.0,85.0,66.0,51.0,17.0
WEEKENDS/HOLIDAY,BP2,BP3,,104.0,217.0,308.0,384.0,405.0,355.0,382.0,438.0,443.0,427.0,448.0,408.0,471.0,387.0,350.0,385.0,305.0,198.0,29.0
WEEKENDS/HOLIDAY,BP2,NS4,,183.0,428.0,328.0,316.0,354.0,377.0,399.0,450.0,440.0,420.0,420.0,416.0,466.0,415.0,366.0,302.0,271.0,192.0,47.0
WEEKENDS/HOLIDAY,BP3,BP2,,175.0,400.0,302.0,301.0,342.0,362.0,385.0,437.0,435.0,427.0,430.0,426.0,469.0,431.0,377.0,329.0,309.0,226.0,54.0
WEEKENDS/HOLIDAY,BP3,BP4,,128.0,232.0,338.0,414.0,439.0,375.0,397.0,437.0,434.0,413.0,436.0,393.0,450.0,376.0,318.0,351.0,269.0,176.0,25.0
WEEKENDS/HOLIDAY,BP4,BP3,,144.0,341.0,269.0,273.0,298.0,320.0,343.0,417.0,412.0,417.0,429.0,428.0,459.0,430.0,393.0,357.0,329.0,243.0,60.0
WEEKENDS/HOLIDAY,BP4,BP5,,134.0,251.0,348.0,433.0,459.0,390.0,411.0,443.0,442.0,416.0,439.0,398.0,452.0,374.0,311.0,338.0,260.0,169.0,23.0
WEEKENDS/HOLIDAY,BP5,BP4,,139.0,319.0,261.0,265.0,288.0,311.0,334.0,416.0,407.0,411.0,437.0,431.0,459.0,440.0,406.0,373.0,352.0,262.0,63.0
WEEKENDS/HOLIDAY,BP5,DT1,,139.0,254.0,364.0,451.0,485.0,411.0,442.0,466.0,464.0,438.0,452.0,416.0,474.0,395.0,325.0,339.0,264.0,176.0,26.0
WEEKENDS/HOLIDAY,BP7,BP8,,29.0,59.0,107.0,127.0,121.0,124.0,128.0,156.0,158.0,161.0,169.0,176.0,199.0,168.0,165.0,166.0,140.0,110.0,28.0
WEEKENDS/HOLIDAY,BP7,DT1,,58.0,70.0,54.0,74.0,95.0,105.0,95.0,95.0,90.0,82.0,82.0,66.0,81.0,78.0,62.0,44.0,29.0,12.0,2.0
WEEKENDS/HOLIDAY,BP8,BP7,,48.0,64.0,53.0,69.0,85.0,99.0,90.0,83.0,79.0,78.0,76.0,59.0,78.0,66.0,56.0,39.0,25.0,13.0,2.0
WEEKENDS/HOLIDAY,BP8,BP9,,16.0,47.0,86.0,109.0,113.0,119.0,115.0,139.0,138.0,140.0,151.0,157.0,180.0,152.0,153.0,154.0,122.0,94.0,29.0
WEEKENDS/HOLIDAY,BP9,BP10,,14.0,44.0,78.0,98.0,106.0,118.0,110.0,121.0,109.0,107.0,119.0,116.0,145.0,127.0,122.0,123.0,97.0,68.0,20.0
WEEKENDS/HOLIDAY,BP9,BP8,,28.0,44.0,35.0,51.0,64.0,72.0,67.0,61.0,50.0,54.0,52.0,40.0,52.0,43.0,38.0,27.0,12.0,11.0,1.0
WEEKENDS/HOLIDAY,CC10,CC11,1.0,119.0,487.0,621.0,658.0,575.0,520.0,556.0,662.0,726.0,693.0,755.0,764.0,913.0,852.0,785.0,843.0,767.0,587.0,119.0
WEEKENDS/HOLIDAY,CC10,DT25,,265.0,730.0,800.0,808.0,894.0,890.0,829.0,846.0,863.0,782.0,767.0,737.0,879.0,781.0,574.0,505.0,417.0,304.0,57.0
WEEKENDS/HOLIDAY,CC10,DT27,4.0,110.0,538.0,736.0,773.0,637.0,620.0,730.0,1025.0,1140.0,1175.0,1348.0,1362.0,1507.0,1445.0,1444.0,1532.0,1402.0,1063.0,340.0
WEEKENDS/HOLIDAY,CC10,EW8,,272.0,1072.0,1334.0,1401.0,1799.0,1656.0,1514.0,1480.0,1527.0,1392.0,1285.0,1238.0,1368.0,1190.0,910.0,746.0,604.0,445.0,78.0
WEEKENDS/HOLIDAY,CC11,CC10,,177.0,681.0,921.0,956.0,1027.0,914.0,816.0,805.0,837.0,752.0,752.0,718.0,836.0,732.0,590.0,508.0,469.0,337.0,52.0
WEEKENDS/HOLIDAY,CC11,CC12,,96.0,438.0,545.0,627.0,558.0,505.0,558.0,691.0,756.0,740.0,841.0,855.0,1039.0,957.0,841.0,903.0,802.0,606.0,133.0
WEEKENDS/HOLIDAY,CC12,CC11,,277.0,900.0,1096.0,1082.0,1117.0,963.0,843.0,805.0,842.0,735.0,702.0,673.0,767.0,678.0,563.0,480.0,472.0,337.0,46.0
WEEKENDS/HOLIDAY,CC12,NE12,,96.0,441.0,542.0,642.0,579.0,532.0,574.0,712.0,767.0,748.0,851.0,856.0,1044.0,954.0,829.0,889.0,789.0,598.0,133.0
WEEKENDS/HOLIDAY,CC14,NE12,1.0,271.0,782.0,1013.0,1042.0,1062.0,930.0,872.0,930.0,972.0,856.0,840.0,854.0,977.0,867.0,772.0,720.0,693.0,448.0,61.0
WEEKENDS/HOLIDAY,CC14,NS17,,197.0,772.0,870.0,921.0,820.0,740.0,780.0,862.0,865.0,824.0,890.0,916.0,1072.0,946.0,817.0,881.0,810.0,586.0,109.0
WEEKENDS/HOLIDAY,CC16,CC17,,323.0,840.0,757.0,702.0,676.0,533.0,517.0,559.0,535.0,509.0,495.0,495.0,581.0,538.0,386.0,332.0,302.0,197.0,37.0
WEEKENDS/HOLIDAY,CC16,NS17,2.0,104.0,283.0,400.0,475.0,389.0,375.0,423.0,517.0,519.0,497.0,562.0,580.0,649.0,548.0,634.0,628.0,577.0,407.0,64.0
WEEKENDS/HOLIDAY,CC17,CC16,2.0,100.0,268.0,409.0,476.0,377.0,351.0,399.0,503.0,503.0,488.0,553.0,574.0,632.0,532.0,628.0,633.0,611.0,412.0,65.0
WEEKENDS/HOLIDAY,CC17,CC19,,330.0,882.0,777.0,713.0,708.0,568.0,540.0,584.0,568.0,526.0,506.0,519.0,602.0,575.0,399.0,335.0,311.0,201.0,35.0
WEEKENDS/HOLIDAY,CC19,CC17,2.0,99.0,271.0,431.0,499.0,396.0,356.0,417.0,528.0,524.0,507.0,572.0,591.0,662.0,563.0,653.0,669.0,645.0,436.0,70.0
WEEKENDS/HOLIDAY,CC19,CC20,1.0,523.0,1580.0,1285.0,1134.0,1094.0,976.0,1105.0,1326.0,1390.0,1321.0,1379.0,1480.0,1683.0,1644.0,1365.0,1375.0,1281.0,837.0,197.0
WEEKENDS/HOLIDAY,CC19,DT10,,321.0,1032.0,1361.0,1677.0,1985.0,2008.0,2023.0,2074.0,1915.0,1759.0,1638.0,1562.0,1709.0,1376.0,1020.0,814.0,678.0,436.0,72.0
WEEKENDS/HOLIDAY,CC19,DT8,4.0,31.0,320.0,419.0,473.0,387.0,403.0,480.0,642.0,733.0,743.0,817.0,883.0,910.0,866.0,852.0,889.0,794.0,593.0,170.0
WEEKENDS/HOLIDAY,CC2,CC3,,19.0,76.0,63.0,73.0,115.0,100.0,91.0,114.0,95.0,98.0,104.0,103.0,113.0,98.0,70.0,56.0,35.0,16.0,2.0
WEEKENDS/HOLIDAY,CC2,NS24,,23.0,34.0,32.0,39.0,39.0,56.0,70.0,87.0,100.0,109.0,142.0,171.0,191.0,160.0,162.0,157.0,136.0,123.0,34.0
WEEKENDS/HOLIDAY,CC20,CC19,1.0,265.0,830.0,1224.0,1471.0,1430.0,1416.0,1444.0,1669.0,1578.0,1504.0,1537.0,1505.0,1667.0,1319.0,1241.0,1183.0,1024.0,675.0,113.0
WEEKENDS/HOLIDAY,CC20,CC21,1.0,513.0,1563.0,1258.0,1126.0,1097.0,975.0,1113.0,1340.0,1395.0,1328.0,1380.0,1481.0,1685.0,1624.0,1363.0,1378.0,1274.0,831.0,196.0
WEEKENDS/HOLIDAY,CC21,CC20,1.0,265.0,833.0,1227.0,1457.0,1416.0,1409.0,1434.0,1656.0,1580.0,1509.0,1535.0,1501.0,1671.0,1318.0,1253.0,1184.0,1042.0,683.0,115.0
WEEKENDS/HOLIDAY,CC21,EW21,1.0,508.0,1538.0,1228.0,1047.0,993.0,917.0,1065.0,1306.0,1370.0,1300.0,1358.0,1458.0,1650.0,1597.0,1368.0,1381.0,1291.0,860.0,210.0
WEEKENDS/HOLIDAY,CC23,CC24,,256.0,795.0,526.0,319.0,272.0,241.0,297.0,346.0,308.0,257.0,209.0,202.0,306.0,376.0,210.0,127.0,80.0,32.0,6.0
WEEKENDS/HOLIDAY,CC23,EW21,,16.0,93.0,380.0,343.0,126.0,134.0,177.0,290.0,279.0,327.0,410.0,403.0,437.0,380.0,665.0,634.0,438.0,282.0,63.0
WEEKENDS/HOLIDAY,CC24,CC23,,17.0,82.0,361.0,311.0,122.0,120.0,159.0,239.0,244.0,284.0,381.0,357.0,383.0,331.0,602.0,568.0,406.0,256.0,62.0
WEEKENDS/HOLIDAY,CC24,CC25,,180.0,456.0,279.0,207.0,197.0,178.0,175.0,220.0,235.0,214.0,200.0,196.0,267.0,268.0,147.0,137.0,97.0,35.0,6.0
WEEKENDS/HOLIDAY,CC25,CC24,,25.0,141.0,276.0,212.0,104.0,97.0,119.0,155.0,160.0,165.0,227.0,216.0,264.0,267.0,462.0,340.0,230.0,212.0,57.0
WEEKENDS/HOLIDAY,CC25,CC26,,118.0,294.0,211.0,184.0,189.0,191.0,192.0,223.0,221.0,211.0,209.0,207.0,243.0,210.0,147.0,119.0,67.0,26.0,2.0
WEEKENDS/HOLIDAY,CC26,CC25,,31.0,156.0,218.0,149.0,74.0,72.0,95.0,125.0,138.0,148.0,185.0,203.0,240.0,254.0,384.0,281.0,236.0,183.0,53.0
WEEKENDS/HOLIDAY,CC26,CC27,,50.0,118.0,234.0,180.0,191.0,206.0,197.0,228.0,223.0,227.0,227.0,216.0,220.0,175.0,227.0,121.0,62.0,35.0,6.0
WEEKENDS/HOLIDAY,CC27,CC26,,68.0,238.0,155.0,124.0,68.0,67.0,94.0,126.0,147.0,153.0,172.0,207.0,260.0,301.0,259.0,264.0,238.0,161.0,46.0
WEEKENDS/HOLIDAY,CC27,CC28,,48.0,109.0,215.0,165.0,175.0,202.0,197.0,229.0,224.0,229.0,228.0,212.0,219.0,173.0,238.0,134.0,73.0,41.0,7.0
WEEKENDS/HOLIDAY,CC28,CC27,,68.0,251.0,167.0,134.0,78.0,73.0,97.0,127.0,149.0,159.0,178.0,209.0,259.0,303.0,248.0,251.0,226.0,154.0,46.0
WEEKENDS/HOLIDAY,CC28,NE1,,61.0,127.0,214.0,174.0,210.0,240.0,251.0,265.0,259.0,266.0,262.0,254.0,253.0,203.0,257.0,130.0,67.0,36.0,5.0
WEEKENDS/HOLIDAY,CC3,CC2,,1.0,12.0,22.0,35.0,38.0,50.0,61.0,72.0,90.0,102.0,128.0,143.0,134.0,130.0,137.0,133.0,131.0,111.0,26.0
WEEKENDS/HOLIDAY,CC3,CC4,,1.0,14.0,12.0,13.0,14.0,25.0,47.0,70.0,87.0,91.0,118.0,123.0,134.0,117.0,111.0,126.0,85.0,67.0,14.0
WEEKENDS/HOLIDAY,CC4,CC3,,8.0,50.0,38.0,46.0,84.0,98.0,90.0,90.0,86.0,102.0,105.0,107.0,100.0,91.0,66.0,34.0,14.0,8.0,2.0
WEEKENDS/HOLIDAY,CC4,CC5,,6.0,66.0,96.0,118.0,124.0,127.0,152.0,179.0,233.0,239.0,290.0,303.0,328.0,317.0,318.0,360.0,277.0,235.0,71.0
WEEKENDS/HOLIDAY,CC4,CE1,,38.0,284.0,272.0,227.0,311.0,300.0,222.0,230.0,269.0,249.0,233.0,257.0,261.0,261.0,210.0,167.0,111.0,68.0,8.0
WEEKENDS/HOLIDAY,CC4,EW12,,4.0,41.0,99.0,135.0,87.0,102.0,146.0,179.0,217.0,262.0,375.0,386.0,397.0,417.0,416.0,553.0,464.0,392.0,133.0
WEEKENDS/HOLIDAY,CC5,CC4,,26.0,194.0,203.0,191.0,285.0,287.0,273.0,254.0,265.0,244.0,218.0,257.0,263.0,239.0,169.0,138.0,102.0,98.0,22.0
WEEKENDS/HOLIDAY,CC5,CC6,,1.0,56.0,81.0,97.0,97.0,104.0,117.0,156.0,216.0,220.0,272.0,294.0,296.0,293.0,308.0,354.0,280.0,242.0,71.0
WEEKENDS/HOLIDAY,CC6,CC5,,25.0,197.0,201.0,192.0,292.0,285.0,280.0,254.0,252.0,240.0,201.0,239.0,240.0,210.0,153.0,121.0,79.0,87.0,17.0
WEEKENDS/HOLIDAY,CC6,CC7,1.0,1.0,22.0,54.0,95.0,93.0,95.0,135.0,167.0,211.0,240.0,313.0,342.0,342.0,363.0,378.0,470.0,390.0,382.0,108.0
WEEKENDS/HOLIDAY,CC7,CC6,,40.0,293.0,293.0,253.0,356.0,342.0,325.0,294.0,333.0,301.0,231.0,270.0,256.0,242.0,156.0,84.0,43.0,23.0,3.0
WEEKENDS/HOLIDAY,CC7,CC8,,9.0,38.0,73.0,115.0,115.0,111.0,142.0,167.0,200.0,234.0,307.0,327.0,333.0,344.0,353.0,431.0,363.0,371.0,109.0
WEEKENDS/HOLIDAY,CC8,CC7,,49.0,300.0,314.0,263.0,352.0,314.0,299.0,291.0,340.0,312.0,244.0,281.0,270.0,246.0,169.0,108.0,69.0,34.0,7.0
WEEKENDS/HOLIDAY,CC8,EW8,1.0,9.0,64.0,110.0,149.0,147.0,144.0,170.0,198.0,213.0,256.0,321.0,341.0,345.0,358.0,373.0,452.0,369.0,359.0,118.0
WEEKENDS/HOLIDAY,CE1,CC4,,2.0,35.0,103.0,146.0,97.0,105.0,139.0,174.0,196.0,237.0,349.0,306.0,328.0,357.0,381.0,486.0,301.0,283.0,130.0
WEEKENDS/HOLIDAY,CE1,DT17,,6.0,103.0,99.0,105.0,135.0,121.0,128.0,126.0,126.0,139.0,153.0,172.0,181.0,187.0,164.0,134.0,81.0,87.0,18.0
WEEKENDS/HOLIDAY,CE1,NS27,,3.0,22.0,25.0,19.0,8.0,8.0,13.0,16.0,18.0,11.0,15.0,15.0,16.0,20.0,13.0,8.0,4.0,,1.0
WEEKENDS/HOLIDAY,CG1,CG2,,43.0,198.0,169.0,162.0,178.0,153.0,156.0,198.0,232.0,185.0,157.0,165.0,184.0,206.0,169.0,110.0,70.0,23.0,1.0
WEEKENDS/HOLIDAY,CG1,DT34,,4.0,16.0,48.0,79.0,40.0,52.0,75.0,109.0,130.0,159.0,185.0,173.0,191.0,203.0,223.0,267.0,193.0,155.0,40.0
WEEKENDS/HOLIDAY,CG1,EW4,,12.0,35.0,95.0,195.0,132.0,84.0,80.0,125.0,146.0,177.0,279.0,237.0,285.0,263.0,285.0,408.0,349.0,347.0,52.0
WEEKENDS/HOLIDAY,CG2,CG1,,4.0,26.0,74.0,133.0,122.0,65.0,40.0,68.0,91.0,138.0,244.0,190.0,213.0,213.0,201.0,295.0,293.0,321.0,55.0
WEEKENDS/HOLIDAY,DT1,BP13,,5.0,18.0,47.0,65.0,58.0,59.0,67.0,94.0,98.0,92.0,104.0,96.0,115.0,121.0,104.0,110.0,99.0,71.0,15.0
WEEKENDS/HOLIDAY,DT1,BP5,,132.0,309.0,254.0,267.0,291.0,310.0,341.0,422.0,408.0,425.0,445.0,431.0,465.0,447.0,415.0,380.0,366.0,274.0,67.0
WEEKENDS/HOLIDAY,DT1,BP7,,24.0,53.0,99.0,128.0,123.0,122.0,135.0,172.0,170.0,178.0,188.0,190.0,222.0,191.0,188.0,196.0,163.0,130.0,31.0
WEEKENDS/HOLIDAY,DT1,DT2,,186.0,528.0,605.0,660.0,786.0,707.0,699.0,660.0,640.0,560.0,487.0,465.0,485.0,433.0,306.0,236.0,213.0,124.0,21.0
WEEKENDS/HOLIDAY,DT10,CC19,5.0,217.0,981.0,897.0,897.0,795.0,802.0,1013.0,1347.0,1519.0,1535.0,1696.0,1841.0,1933.0,1846.0,1721.0,1861.0,1744.0,1207.0,323.0
WEEKENDS/HOLIDAY,DT10,NS21,,320.0,1052.0,1378.0,1708.0,2016.0,2052.0,2066.0,2123.0,1953.0,1788.0,1672.0,1586.0,1739.0,1399.0,1046.0,829.0,683.0,448.0,75.0
WEEKENDS/HOLIDAY,DT13,EW12,,233.0,939.0,1155.0,1308.0,1589.0,1668.0,1697.0,1888.0,1864.0,1767.0,1776.0,1761.0,1876.0,1627.0,1338.0,1320.0,1127.0,699.0,147.0
WEEKENDS/HOLIDAY,DT13,NE7,4.0,264.0,953.0,1024.0,1186.0,1285.0,1203.0,1302.0,1537.0,1690.0,1702.0,1880.0,1882.0,2028.0,1864.0,1665.0,1728.0,1664.0,1230.0,364.0
WEEKENDS/HOLIDAY,DT17,CE1,,6.0,40.0,66.0,68.0,87.0,102.0,113.0,150.0,173.0,186.0,190.0,180.0,177.0,186.0,182.0,142.0,95.0,75.0,29.0
WEEKENDS/HOLIDAY,DT17,DT18,,1.0,16.0,34.0,49.0,72.0,89.0,117.0,115.0,117.0,126.0,157.0,177.0,175.0,151.0,149.0,137.0,88.0,89.0,21.0
WEEKENDS/HOLIDAY,DT18,DT17,,6.0,54.0,59.0,60.0,92.0,100.0,103.0,145.0,156.0,168.0,162.0,150.0,151.0,136.0,115.0,86.0,49.0,39.0,13.0
WEEKENDS/HOLIDAY,DT18,NE4,,1.0,18.0,46.0,65.0,73.0,98.0,133.0,154.0,163.0,181.0,207.0,229.0,222.0,190.0,197.0,191.0,162.0,202.0,67.0
WEEKENDS/HOLIDAY,DT2,DT1,4.0,17.0,168.0,237.0,271.0,215.0,273.0,362.0,507.0,555.0,546.0,597.0,643.0,682.0,649.0,686.0,726.0,644.0,475.0,136.0
WEEKENDS/HOLIDAY,DT2,DT3,,188.0,529.0,615.0,675.0,804.0,724.0,719.0,677.0,649.0,567.0,493.0,476.0,497.0,442.0,311.0,239.0,214.0,126.0,21.0
WEEKENDS/HOLIDAY,DT20,DT21,,91.0,333.0,441.0,454.0,379.0,393.0,473.0,627.0,650.0,641.0,712.0,736.0,798.0,727.0,766.0,793.0,721.0,584.0,187.0
WEEKENDS/HOLIDAY,DT20,NE4,,243.0,680.0,661.0,639.0,725.0,732.0,703.0,729.0,720.0,658.0,646.0,631.0,714.0,636.0,460.0,374.0,316.0,251.0,57.0
WEEKENDS/HOLIDAY,DT21,DT20,,249.0,697.0,699.0,665.0,756.0,758.0,713.0,725.0,726.0,658.0,642.0,615.0,707.0,626.0,455.0,363.0,309.0,220.0,40.0
WEEKENDS/HOLIDAY,DT21,DT22,,90.0,336.0,465.0,462.0,384.0,400.0,479.0,646.0,675.0,668.0,754.0,775.0,839.0,779.0,837.0,878.0,787.0,632.0,202.0
WEEKENDS/HOLIDAY,DT22,DT21,,256.0,719.0,745.0,720.0,817.0,811.0,753.0,758.0,767.0,692.0,663.0,637.0,732.0,636.0,466.0,374.0,309.0,224.0,42.0
WEEKENDS/HOLIDAY,DT22,DT23,2.0,92.0,363.0,519.0,500.0,414.0,422.0,492.0,677.0,722.0,712.0,787.0,819.0,897.0,845.0,907.0,937.0,845.0,662.0,226.0
WEEKENDS/HOLIDAY,DT23,DT22,,258.0,727.0,788.0,784.0,890.0,890.0,830.0,822.0,835.0,756.0,726.0,704.0,826.0,724.0,522.0,424.0,337.0,243.0,42.0
WEEKENDS/HOLIDAY,DT23,DT24,3.0,91.0,369.0,535.0,509.0,415.0,427.0,499.0,686.0,741.0,728.0,798.0,835.0,913.0,863.0,924.0,952.0,852.0,680.0,225.0
WEEKENDS/HOLIDAY,DT24,DT23,,263.0,741.0,804.0,809.0,916.0,910.0,843.0,831.0,847.0,768.0,741.0,712.0,837.0,731.0,535.0,433.0,348.0,249.0,43.0
WEEKENDS/HOLIDAY,DT24,DT25,3.0,95.0,414.0,586.0,555.0,454.0,455.0,521.0,702.0,768.0,739.0,803.0,838.0,928.0,875.0,929.0,935.0,829.0,663.0,209.0
WEEKENDS/HOLIDAY,DT25,CC10,2.0,97.0,433.0,598.0,575.0,472.0,469.0,527.0,710.0,780.0,747.0,805.0,834.0,930.0,873.0,924.0,913.0,812.0,653.0,205.0
WEEKENDS/HOLIDAY,DT25,DT24,,263.0,743.0,791.0,805.0,902.0,900.0,835.0,841.0,856.0,782.0,763.0,736.0,869.0,769.0,570.0,479.0,394.0,281.0,55.0
WEEKENDS/HOLIDAY,DT27,CC10,,373.0,1092.0,1257.0,1314.0,1572.0,1450.0,1342.0,1353.0,1384.0,1270.0,1157.0,1105.0,1271.0,1084.0,764.0,652.0,537.0,368.0,56.0
WEEKENDS/HOLIDAY,DT27,DT28,4.0,105.0,504.0,660.0,719.0,613.0,607.0,714.0,1018.0,1122.0,1156.0,1315.0,1335.0,1478.0,1416.0,1405.0,1491.0,1357.0,1030.0,330.0
WEEKENDS/HOLIDAY,DT28,DT27,,378.0,1069.0,1264.0,1314.0,1539.0,1407.0,1298.0,1308.0,1327.0,1222.0,1112.0,1058.0,1210.0,1039.0,730.0,641.0,526.0,364.0,54.0
WEEKENDS/HOLIDAY,DT28,DT29,4.0,95.0,485.0,607.0,667.0,603.0,598.0,715.0,1000.0,1108.0,1137.0,1279.0,1305.0,1442.0,1374.0,1346.0,1415.0,1268.0,973.0,309.0
WEEKENDS/HOLIDAY,DT29,DT28,,377.0,1028.0,1230.0,1275.0,1470.0,1334.0,1222.0,1225.0,1243.0,1151.0,1060.0,1007.0,1136.0,982.0,703.0,646.0,545.0,382.0,62.0
WEEKENDS/HOLIDAY,DT29,DT30,4.0,96.0,508.0,631.0,678.0,636.0,626.0,728.0,1003.0,1105.0,1131.0,1245.0,1274.0,1410.0,1336.0,1291.0,1335.0,1184.0,905.0,287.0
WEEKENDS/HOLIDAY,DT3,DT2,4.0,17.0,171.0,243.0,272.0,215.0,277.0,365.0,510.0,559.0,555.0,605.0,652.0,692.0,667.0,701.0,739.0,652.0,484.0,140.0
WEEKENDS/HOLIDAY,DT3,DT5,,193.0,563.0,663.0,753.0,907.0,832.0,828.0,788.0,736.0,637.0,563.0,553.0,577.0,515.0,340.0,274.0,227.0,142.0,20.0
WEEKENDS/HOLIDAY,DT30,DT29,,367.0,966.0,1138.0,1201.0,1384.0,1260.0,1168.0,1180.0,1199.0,1126.0,1045.0,999.0,1121.0,975.0,721.0,675.0,586.0,412.0,71.0
WEEKENDS/HOLIDAY,DT30,DT31,4.0,94.0,515.0,632.0,670.0,644.0,637.0,742.0,992.0,1087.0,1100.0,1219.0,1238.0,1355.0,1280.0,1226.0,1264.0,1100.0,839.0,267.0
WEEKENDS/HOLIDAY,DT31,DT30,,357.0,913.0,1057.0,1111.0,1298.0,1194.0,1108.0,1139.0,1141.0,1082.0,1022.0,985.0,1095.0,968.0,725.0,689.0,596.0,432.0,76.0
WEEKENDS/HOLIDAY,DT31,EW2,5.0,92.0,509.0,626.0,651.0,647.0,655.0,763.0,988.0,1090.0,1102.0,1207.0,1232.0,1326.0,1246.0,1186.0,1194.0,1034.0,776.0,251.0
WEEKENDS/HOLIDAY,DT33,DT34,2.0,8.0,162.0,206.0,130.0,137.0,140.0,144.0,150.0,179.0,197.0,158.0,163.0,168.0,185.0,160.0,72.0,45.0,20.0,6.0
WEEKENDS/HOLIDAY,DT33,EW2,,97.0,241.0,323.0,345.0,329.0,331.0,344.0,358.0,361.0,363.0,376.0,354.0,418.0,391.0,326.0,299.0,190.0,164.0,43.0
WEEKENDS/HOLIDAY,DT34,CG1,2.0,11.0,136.0,182.0,132.0,145.0,154.0,167.0,161.0,192.0,208.0,173.0,174.0,183.0,189.0,162.0,72.0,35.0,10.0,10.0
WEEKENDS/HOLIDAY,DT34,DT33,,17.0,12.0,54.0,92.0,49.0,62.0,82.0,105.0,129.0,155.0,185.0,175.0,199.0,205.0,208.0,251.0,177.0,149.0,41.0
WEEKENDS/HOLIDAY,DT5,DT3,4.0,17.0,197.0,280.0,311.0,244.0,300.0,399.0,553.0,623.0,624.0,672.0,716.0,764.0,728.0,765.0,799.0,708.0,521.0,149.0
WEEKENDS/HOLIDAY,DT5,DT6,,194.0,588.0,690.0,778.0,971.0,919.0,941.0,883.0,848.0,738.0,652.0,620.0,655.0,575.0,394.0,319.0,278.0,167.0,26.0
WEEKENDS/HOLIDAY,DT6,DT5,4.0,25.0,255.0,360.0,409.0,328.0,364.0,443.0,616.0,677.0,690.0,746.0,809.0,856.0,811.0,818.0,839.0,760.0,577.0,174.0
WEEKENDS/HOLIDAY,DT6,DT7,,192.0,595.0,700.0,802.0,1011.0,959.0,986.0,926.0,874.0,761.0,683.0,659.0,694.0,598.0,410.0,328.0,283.0,176.0,25.0
WEEKENDS/HOLIDAY,DT7,DT6,4.0,27.0,270.0,382.0,424.0,348.0,372.0,455.0,625.0,703.0,715.0,772.0,850.0,879.0,833.0,845.0,862.0,781.0,592.0,175.0
WEEKENDS/HOLIDAY,DT7,DT8,,191.0,589.0,693.0,800.0,1019.0,970.0,1003.0,947.0,890.0,778.0,702.0,665.0,714.0,618.0,427.0,343.0,292.0,191.0,28.0
WEEKENDS/HOLIDAY,DT8,CC19,,189.0,576.0,682.0,798.0,1025.0,984.0,1022.0,966.0,900.0,794.0,718.0,683.0,734.0,627.0,430.0,348.0,298.0,200.0,31.0
WEEKENDS/HOLIDAY,DT8,DT7,4.0,30.0,296.0,407.0,465.0,378.0,394.0,470.0,638.0,721.0,734.0,801.0,871.0,902.0,858.0,855.0,881.0,789.0,593.0,174.0
WEEKENDS/HOLIDAY,EW1,EW2,,170.0,405.0,477.0,534.0,682.0,698.0,705.0,681.0,694.0,668.0,590.0,591.0,618.0,546.0,386.0,304.0,253.0,181.0,23.0
WEEKENDS/HOLIDAY,EW10,EW11,,286.0,1096.0,1228.0,1489.0,1861.0,1742.0,1628.0,1621.0,1653.0,1557.0,1434.0,1386.0,1409.0,1211.0,880.0,727.0,550.0,378.0,78.0
WEEKENDS/HOLIDAY,EW10,EW9,2.0,131.0,581.0,689.0,743.0,764.0,820.0,1026.0,1247.0,1370.0,1389.0,1535.0,1595.0,1787.0,1674.0,1566.0,1692.0,1556.0,1087.0,326.0
WEEKENDS/HOLIDAY,EW11,EW10,2.0,129.0,532.0,643.0,716.0,725.0,786.0,1012.0,1260.0,1383.0,1402.0,1583.0,1633.0,1836.0,1708.0,1622.0,1783.0,1658.0,1158.0,332.0
WEEKENDS/HOLIDAY,EW11,EW12,,315.0,1194.0,1258.0,1510.0,1938.0,1858.0,1782.0,1809.0,1869.0,1687.0,1537.0,1476.0,1511.0,1295.0,979.0,754.0,579.0,397.0,84.0
WEEKENDS/HOLIDAY,EW12,CC4,,41.0,297.0,319.0,323.0,451.0,420.0,327.0,333.0,349.0,313.0,288.0,308.0,314.0,279.0,201.0,131.0,91.0,44.0,3.0
WEEKENDS/HOLIDAY,EW12,DT13,4.0,261.0,919.0,977.0,1149.0,1258.0,1181.0,1259.0,1469.0,1612.0,1611.0,1760.0,1743.0,1897.0,1748.0,1562.0,1612.0,1607.0,1197.0,342.0
WEEKENDS/HOLIDAY,EW12,EW11,2.0,154.0,568.0,786.0,858.0,827.0,890.0,1096.0,1351.0,1450.0,1499.0,1684.0,1759.0,1944.0,1764.0,1681.0,1869.0,1731.0,1237.0,346.0
WEEKENDS/HOLIDAY,EW12,NS25,,55.0,295.0,330.0,385.0,526.0,491.0,466.0,456.0,476.0,451.0,435.0,427.0,438.0,404.0,295.0,187.0,157.0,94.0,22.0
WEEKENDS/HOLIDAY,EW15,EW16,,18.0,160.0,189.0,183.0,168.0,185.0,265.0,350.0,391.0,395.0,438.0,457.0,460.0,443.0,425.0,432.0,381.0,336.0,126.0
WEEKENDS/HOLIDAY,EW15,NS26,,47.0,242.0,325.0,305.0,346.0,363.0,387.0,451.0,497.0,510.0,504.0,503.0,516.0,471.0,424.0,387.0,311.0,307.0,103.0
WEEKENDS/HOLIDAY,EW16,EW15,,91.0,342.0,402.0,387.0,468.0,457.0,440.0,428.0,439.0,406.0,383.0,398.0,423.0,372.0,275.0,198.0,157.0,109.0,27.0
WEEKENDS/HOLIDAY,EW16,EW17,,178.0,539.0,604.0,626.0,618.0,610.0,693.0,922.0,982.0,985.0,1125.0,1150.0,1199.0,1122.0,1082.0,1142.0,1024.0,787.0,226.0
WEEKENDS/HOLIDAY,EW16,NE1,,208.0,653.0,587.0,562.0,627.0,614.0,617.0,644.0,717.0,694.0,655.0,667.0,671.0,615.0,384.0,286.0,199.0,94.0,18.0
WEEKENDS/HOLIDAY,EW16,NE4,,137.0,538.0,796.0,958.0,932.0,967.0,1102.0,1310.0,1336.0,1374.0,1506.0,1604.0,1684.0,1477.0,1448.0,1485.0,1455.0,1054.0,272.0
WEEKENDS/HOLIDAY,EW17,EW16,,218.0,824.0,935.0,959.0,1108.0,1090.0,1132.0,1126.0,1097.0,1027.0,960.0,942.0,1058.0,896.0,705.0,528.0,471.0,346.0,65.0
WEEKENDS/HOLIDAY,EW17,EW18,,169.0,616.0,579.0,551.0,511.0,546.0,668.0,914.0,955.0,951.0,1040.0,1075.0,1124.0,1087.0,1026.0,1022.0,895.0,714.0,211.0
WEEKENDS/HOLIDAY,EW18,EW17,,225.0,746.0,918.0,1011.0,1071.0,1072.0,1124.0,1111.0,1051.0,948.0,919.0,921.0,1038.0,873.0,676.0,524.0,433.0,305.0,57.0
WEEKENDS/HOLIDAY,EW18,EW19,2.0,150.0,639.0,577.0,558.0,521.0,579.0,680.0,914.0,943.0,944.0,1011.0,1062.0,1117.0,1066.0,1005.0,982.0,852.0,686.0,209.0
WEEKENDS/HOLIDAY,EW19,EW18,,251.0,804.0,1010.0,1067.0,1084.0,1035.0,1076.0,1053.0,994.0,908.0,883.0,898.0,1005.0,854.0,666.0,554.0,463.0,330.0,66.0
WEEKENDS/HOLIDAY,EW19,EW20,2.0,145.0,703.0,632.0,605.0,561.0,630.0,735.0,961.0,989.0,958.0,1059.0,1089.0,1150.0,1105.0,1018.0,970.0,836.0,674.0,214.0
WEEKENDS/HOLIDAY,EW2,DT31,,345.0,863.0,984.0,1063.0,1230.0,1137.0,1080.0,1138.0,1137.0,1093.0,1039.0,1002.0,1120.0,995.0,755.0,737.0,630.0,443.0,79.0
WEEKENDS/HOLIDAY,EW2,DT33,5.0,17.0,218.0,272.0,223.0,190.0,194.0,232.0,299.0,359.0,373.0,356.0,378.0,424.0,444.0,428.0,370.0,321.0,236.0,91.0
WEEKENDS/HOLIDAY,EW2,EW1,7.0,40.0,218.0,261.0,299.0,297.0,315.0,425.0,514.0,576.0,600.0,652.0,668.0,727.0,685.0,644.0,687.0,579.0,411.0,123.0
WEEKENDS/HOLIDAY,EW2,EW3,,44.0,204.0,230.0,257.0,305.0,310.0,373.0,395.0,410.0,417.0,410.0,423.0,451.0,398.0,339.0,300.0,275.0,181.0,26.0
WEEKENDS/HOLIDAY,EW20,EW19,,272.0,833.0,1050.0,1069.0,1078.0,1017.0,1069.0,1065.0,1010.0,932.0,908.0,933.0,1034.0,883.0,703.0,622.0,529.0,362.0,68.0
WEEKENDS/HOLIDAY,EW20,EW21,2.0,148.0,815.0,759.0,732.0,682.0,759.0,862.0,1088.0,1125.0,1062.0,1173.0,1187.0,1259.0,1197.0,1103.0,994.0,849.0,670.0,232.0
WEEKENDS/HOLIDAY,EW21,CC21,1.0,266.0,841.0,1236.0,1481.0,1438.0,1412.0,1437.0,1636.0,1568.0,1496.0,1495.0,1451.0,1635.0,1286.0,1209.0,1154.0,982.0,612.0,104.0
WEEKENDS/HOLIDAY,EW21,CC23,,282.0,907.0,625.0,388.0,326.0,284.0,324.0,377.0,342.0,279.0,224.0,209.0,318.0,412.0,226.0,130.0,80.0,34.0,7.0
WEEKENDS/HOLIDAY,EW21,EW20,,309.0,910.0,1104.0,1113.0,1104.0,1033.0,1122.0,1145.0,1069.0,1005.0,996.0,1042.0,1157.0,989.0,813.0,764.0,646.0,429.0,82.0
WEEKENDS/HOLIDAY,EW21,EW22,3.0,471.0,1721.0,1587.0,1494.0,1328.0,1355.0,1606.0,2111.0,2221.0,2165.0,2431.0,2565.0,2720.0,2546.0,2503.0,2518.0,2228.0,1630.0,477.0
WEEKENDS/HOLIDAY,EW22,EW21,1.0,690.0,2005.0,2285.0,2437.0,2511.0,2358.0,2426.0,2580.0,2431.0,2246.0,2167.0,2168.0,2473.0,2045.0,1546.0,1457.0,1250.0,788.0,130.0
WEEKENDS/HOLIDAY,EW22,EW23,3.0,471.0,1730.0,1605.0,1504.0,1336.0,1375.0,1623.0,2114.0,2221.0,2166.0,2443.0,2555.0,2730.0,2543.0,2509.0,2500.0,2210.0,1622.0,472.0
WEEKENDS/HOLIDAY,EW23,EW22,1.0,699.0,2027.0,2296.0,2443.0,2492.0,2341.0,2421.0,2579.0,2440.0,2260.0,2184.0,2185.0,2498.0,2068.0,1567.0,1489.0,1283.0,804.0,130.0
WEEKENDS/HOLIDAY,EW23,NS1,5.0,378.0,1612.0,1533.0,1429.0,1290.0,1359.0,1647.0,2144.0,2247.0,2183.0,2485.0,2551.0,2763.0,2628.0,2547.0,2539.0,2218.0,1643.0,499.0
WEEKENDS/HOLIDAY,EW25,EW26,10.0,641.0,2078.0,1816.0,1139.0,972.0,970.0,1143.0,1458.0,1606.0,1611.0,1816.0,1890.0,2157.0,2125.0,2019.0,2035.0,1818.0,1257.0,375.0
WEEKENDS/HOLIDAY,EW25,NS1,,508.0,1680.0,1950.0,1982.0,1951.0,1881.0,2062.0,2368.0,2164.0,1953.0,1940.0,1982.0,2468.0,1892.0,1554.0,1366.0,920.0,609.0,92.0
WEEKENDS/HOLIDAY,EW26,EW25,,484.0,1598.0,1862.0,1919.0,1858.0,1801.0,1997.0,2304.0,2111.0,1884.0,1885.0,1946.0,2464.0,1861.0,1545.0,1371.0,906.0,598.0,89.0
WEEKENDS/HOLIDAY,EW26,EW27,7.0,622.0,2030.0,1853.0,1002.0,824.0,837.0,955.0,1183.0,1295.0,1279.0,1414.0,1447.0,1653.0,1691.0,1574.0,1494.0,1299.0,876.0,249.0
WEEKENDS/HOLIDAY,EW27,EW26,,357.0,1142.0,1382.0,1421.0,1261.0,1237.0,1444.0,1776.0,1634.0,1468.0,1523.0,1602.0,2093.0,1522.0,1311.0,1165.0,781.0,518.0,74.0
WEEKENDS/HOLIDAY,EW27,EW28,3.0,469.0,1727.0,1600.0,612.0,326.0,318.0,357.0,470.0,505.0,515.0,514.0,538.0,715.0,861.0,759.0,637.0,530.0,352.0,94.0
WEEKENDS/HOLIDAY,EW28,EW27,,201.0,650.0,894.0,860.0,592.0,624.0,788.0,1035.0,882.0,799.0,850.0,972.0,1453.0,929.0,868.0,766.0,318.0,201.0,28.0
WEEKENDS/HOLIDAY,EW28,EW29,,456.0,1715.0,1702.0,502.0,193.0,161.0,148.0,173.0,187.0,196.0,162.0,158.0,301.0,458.0,341.0,140.0,102.0,67.0,3.0
WEEKENDS/HOLIDAY,EW29,EW28,,26.0,193.0,455.0,428.0,90.0,116.0,250.0,541.0,400.0,388.0,486.0,602.0,1110.0,577.0,688.0,607.0,211.0,140.0,16.0
WEEKENDS/HOLIDAY,EW29,EW30,,186.0,736.0,788.0,243.0,66.0,49.0,35.0,33.0,39.0,49.0,32.0,32.0,111.0,201.0,115.0,41.0,43.0,13.0,
WEEKENDS/HOLIDAY,EW3,EW2,4.0,22.0,113.0,178.0,220.0,276.0,335.0,387.0,420.0,440.0,453.0,445.0,413.0,453.0,404.0,327.0,277.0,216.0,166.0,48.0
WEEKENDS/HOLIDAY,EW3,EW4,,101.0,293.0,354.0,412.0,475.0,451.0,486.0,478.0,523.0,515.0,496.0,482.0,520.0,452.0,390.0,360.0,362.0,225.0,28.0
WEEKENDS/HOLIDAY,EW30,EW29,,13.0,83.0,232.0,177.0,40.0,50.0,114.0,243.0,167.0,171.0,192.0,250.0,464.0,253.0,317.0,262.0,61.0,61.0,3.0
WEEKENDS/HOLIDAY,EW30,EW31,,129.0,536.0,586.0,169.0,51.0,40.0,29.0,29.0,37.0,41.0,27.0,25.0,72.0,154.0,90.0,34.0,39.0,8.0,
WEEKENDS/HOLIDAY,EW31,EW30,,10.0,65.0,149.0,137.0,36.0,40.0,92.0,184.0,131.0,131.0,144.0,186.0,355.0,193.0,199.0,205.0,53.0,49.0,3.0
WEEKENDS/HOLIDAY,EW31,EW32,,88.0,352.0,348.0,108.0,34.0,28.0,20.0,22.0,30.0,34.0,19.0,18.0,51.0,97.0,60.0,21.0,33.0,5.0,
WEEKENDS/HOLIDAY,EW32,EW31,,6.0,42.0,96.0,71.0,18.0,21.0,66.0,114.0,78.0,96.0,93.0,115.0,199.0,135.0,128.0,101.0,29.0,38.0,3.0
WEEKENDS/HOLIDAY,EW32,EW33,,34.0,131.0,112.0,54.0,15.0,6.0,9.0,14.0,17.0,13.0,14.0,14.0,26.0,53.0,25.0,10.0,11.0,2.0,
WEEKENDS/HOLIDAY,EW33,EW32,,,23.0,29.0,27.0,10.0,9.0,23.0,51.0,41.0,36.0,45.0,52.0,68.0,51.0,57.0,44.0,18.0,9.0,3.0
WEEKENDS/HOLIDAY,EW4,CG1,,53.0,340.0,288.0,226.0,220.0,201.0,202.0,238.0,274.0,212.0,177.0,174.0,215.0,260.0,188.0,111.0,75.0,27.0,1.0
WEEKENDS/HOLIDAY,EW4,EW3,6.0,34.0,169.0,284.0,319.0,333.0,379.0,450.0,482.0,503.0,491.0,528.0,520.0,569.0,521.0,445.0,422.0,335.0,266.0,81.0
WEEKENDS/HOLIDAY,EW4,EW5,,120.0,357.0,491.0,705.0,720.0,665.0,678.0,693.0,720.0,729.0,813.0,761.0,860.0,738.0,670.0,740.0,630.0,522.0,59.0
WEEKENDS/HOLIDAY,EW5,EW4,6.0,77.0,553.0,629.0,558.0,502.0,539.0,639.0,712.0,767.0,689.0,715.0,703.0,795.0,803.0,663.0,588.0,501.0,343.0,94.0
WEEKENDS/HOLIDAY,EW5,EW6,,223.0,701.0,875.0,1106.0,1162.0,1083.0,1016.0,1044.0,1067.0,1023.0,1046.0,1009.0,1120.0,1011.0,877.0,922.0,791.0,566.0,76.0
WEEKENDS/HOLIDAY,EW6,EW5,4.0,127.0,702.0,760.0,721.0,718.0,731.0,857.0,964.0,1069.0,984.0,1055.0,1074.0,1214.0,1161.0,1029.0,1017.0,896.0,620.0,189.0
WEEKENDS/HOLIDAY,EW6,EW7,,228.0,753.0,925.0,1163.0,1262.0,1178.0,1087.0,1118.0,1116.0,1070.0,1084.0,1041.0,1157.0,1034.0,849.0,904.0,763.0,552.0,74.0
WEEKENDS/HOLIDAY,EW7,EW6,4.0,145.0,725.0,782.0,747.0,741.0,731.0,874.0,1010.0,1129.0,1032.0,1131.0,1164.0,1296.0,1243.0,1137.0,1132.0,1011.0,691.0,213.0
WEEKENDS/HOLIDAY,EW7,EW8,,259.0,858.0,1019.0,1250.0,1417.0,1345.0,1246.0,1272.0,1260.0,1183.0,1186.0,1136.0,1265.0,1129.0,905.0,898.0,738.0,524.0,73.0
WEEKENDS/HOLIDAY,EW8,CC10,3.0,114.0,527.0,677.0,787.0,745.0,729.0,868.0,1067.0,1172.0,1238.0,1421.0,1421.0,1601.0,1544.0,1476.0,1700.0,1548.0,1172.0,315.0
WEEKENDS/HOLIDAY,EW8,CC8,,57.0,294.0,332.0,288.0,377.0,323.0,314.0,301.0,344.0,320.0,256.0,296.0,311.0,275.0,198.0,133.0,104.0,61.0,9.0
WEEKENDS/HOLIDAY,EW8,EW7,3.0,169.0,766.0,859.0,810.0,776.0,774.0,935.0,1109.0,1232.0,1155.0,1263.0,1302.0,1461.0,1397.0,1314.0,1361.0,1204.0,832.0,247.0
WEEKENDS/HOLIDAY,EW8,EW9,,267.0,886.0,1056.0,1329.0,1633.0,1568.0,1504.0,1546.0,1589.0,1506.0,1432.0,1351.0,1444.0,1245.0,926.0,847.0,676.0,501.0,74.0
WEEKENDS/HOLIDAY,EW9,EW10,,280.0,1026.0,1147.0,1416.0,1769.0,1663.0,1573.0,1604.0,1635.0,1530.0,1423.0,1371.0,1412.0,1217.0,897.0,785.0,606.0,438.0,80.0
WEEKENDS/HOLIDAY,EW9,EW8,2.0,128.0,649.0,723.0,747.0,818.0,864.0,1035.0,1228.0,1358.0,1352.0,1501.0,1530.0,1705.0,1601.0,1476.0,1545.0,1417.0,973.0,304.0
WEEKENDS/HOLIDAY,NE1,CC28,,65.0,228.0,150.0,127.0,79.0,81.0,112.0,144.0,171.0,183.0,214.0,255.0,296.0,337.0,290.0,300.0,271.0,187.0,53.0
WEEKENDS/HOLIDAY,NE1,EW16,,29.0,102.0,244.0,252.0,216.0,241.0,316.0,397.0,463.0,535.0,679.0,753.0,886.0,801.0,865.0,925.0,865.0,659.0,169.0
WEEKENDS/HOLIDAY,NE10,NE11,,36.0,308.0,596.0,709.0,611.0,752.0,1024.0,1411.0,1611.0,1682.0,1973.0,2038.0,2217.0,2192.0,2246.0,2447.0,2384.0,1684.0,546.0
WEEKENDS/HOLIDAY,NE10,NE9,,402.0,1545.0,1861.0,2193.0,2826.0,2664.0,2398.0,2146.0,1971.0,1821.0,1582.0,1520.0,1525.0,1421.0,888.0,533.0,451.0,269.0,46.0
WEEKENDS/HOLIDAY,NE11,NE10,,419.0,1520.0,1883.0,2206.0,2794.0,2587.0,2321.0,2075.0,1962.0,1819.0,1580.0,1512.0,1506.0,1403.0,889.0,558.0,499.0,301.0,50.0
WEEKENDS/HOLIDAY,NE11,NE12,,33.0,313.0,605.0,714.0,622.0,767.0,1031.0,1412.0,1616.0,1675.0,1966.0,2036.0,2216.0,2188.0,2232.0,2429.0,2360.0,1660.0,535.0
WEEKENDS/HOLIDAY,NE12,CC12,1.0,276.0,897.0,1096.0,1083.0,1104.0,952.0,833.0,805.0,848.0,737.0,707.0,677.0,773.0,680.0,579.0,493.0,491.0,348.0,47.0
WEEKENDS/HOLIDAY,NE12,CC14,,196.0,771.0,853.0,895.0,789.0,715.0,759.0,861.0,859.0,825.0,901.0,927.0,1068.0,968.0,834.0,898.0,839.0,598.0,110.0
WEEKENDS/HOLIDAY,NE12,NE11,,426.0,1529.0,1888.0,2202.0,2772.0,2554.0,2295.0,2055.0,1944.0,1810.0,1570.0,1499.0,1493.0,1389.0,892.0,568.0,511.0,313.0,52.0
WEEKENDS/HOLIDAY,NE12,NE13,1.0,53.0,429.0,778.0,982.0,930.0,994.0,1269.0,1738.0,1925.0,1983.0,2279.0,2345.0,2588.0,2494.0,2579.0,2786.0,2688.0,1864.0,532.0
WEEKENDS/HOLIDAY,NE13,NE12,,539.0,1883.0,2277.0,2574.0,3173.0,2912.0,2644.0,2389.0,2250.0,2054.0,1835.0,1757.0,1764.0,1589.0,1081.0,784.0,765.0,501.0,65.0
WEEKENDS/HOLIDAY,NE13,NE14,2.0,42.0,421.0,756.0,929.0,932.0,1016.0,1310.0,1721.0,1886.0,1894.0,2154.0,2214.0,2412.0,2351.0,2429.0,2623.0,2500.0,1722.0,486.0
WEEKENDS/HOLIDAY,NE14,NE13,,559.0,1844.0,2258.0,2556.0,3089.0,2808.0,2521.0,2244.0,2110.0,1890.0,1702.0,1654.0,1659.0,1461.0,981.0,707.0,704.0,459.0,58.0
WEEKENDS/HOLIDAY,NE14,NE15,4.0,33.0,359.0,622.0,816.0,842.0,930.0,1218.0,1513.0,1637.0,1653.0,1836.0,1897.0,2057.0,1962.0,2005.0,2144.0,1981.0,1336.0,375.0
WEEKENDS/HOLIDAY,NE15,NE14,,499.0,1436.0,1865.0,2099.0,2542.0,2343.0,2131.0,1927.0,1799.0,1642.0,1483.0,1431.0,1452.0,1224.0,832.0,629.0,681.0,450.0,51.0
WEEKENDS/HOLIDAY,NE15,NE16,3.0,27.0,326.0,571.0,753.0,796.0,894.0,1152.0,1383.0,1493.0,1500.0,1671.0,1728.0,1871.0,1752.0,1769.0,1879.0,1697.0,1157.0,328.0
WEEKENDS/HOLIDAY,NE16,NE15,,461.0,1260.0,1639.0,1834.0,2204.0,2026.0,1872.0,1721.0,1606.0,1491.0,1352.0,1310.0,1330.0,1145.0,790.0,645.0,683.0,444.0,45.0
WEEKENDS/HOLIDAY,NE16,NE17,3.0,29.0,206.0,324.0,473.0,547.0,620.0,728.0,855.0,928.0,946.0,1029.0,1032.0,1103.0,996.0,972.0,969.0,830.0,560.0,154.0
WEEKENDS/HOLIDAY,NE16,SE1,2.0,5.0,28.0,58.0,78.0,75.0,94.0,155.0,198.0,212.0,210.0,215.0,220.0,240.0,249.0,260.0,260.0,234.0,143.0,46.0
WEEKENDS/HOLIDAY,NE16,SE5,1.0,,18.0,31.0,45.0,42.0,54.0,77.0,105.0,108.0,101.0,107.0,116.0,117.0,121.0,116.0,111.0,100.0,56.0,14.0
WEEKENDS/HOLIDAY,NE16,SW1,,7.0,80.0,61.0,58.0,52.0,68.0,111.0,139.0,118.0,105.0,109.0,123.0,136.0,130.0,133.0,132.0,109.0,63.0,11.0
WEEKENDS/HOLIDAY,NE16,SW8,1.0,5.0,48.0,66.0,100.0,111.0,128.0,164.0,194.0,203.0,218.0,227.0,248.0,245.0,252.0,235.0,234.0,230.0,148.0,38.0
WEEKENDS/HOLIDAY,NE17,NE16,,215.0,616.0,790.0,891.0,1128.0,1081.0,1083.0,1019.0,962.0,906.0,883.0,859.0,901.0,790.0,601.0,516.0,503.0,326.0,39.0
WEEKENDS/HOLIDAY,NE17,PE1,1.0,4.0,31.0,49.0,78.0,66.0,96.0,143.0,182.0,203.0,209.0,218.0,217.0,243.0,247.0,248.0,239.0,209.0,122.0,31.0
WEEKENDS/HOLIDAY,NE17,PE7,,7.0,54.0,79.0,109.0,133.0,124.0,179.0,225.0,232.0,240.0,239.0,259.0,274.0,269.0,243.0,267.0,221.0,124.0,31.0
WEEKENDS/HOLIDAY,NE17,PW1,,,6.0,12.0,16.0,18.0,20.0,20.0,18.0,18.0,23.0,14.0,18.0,14.0,9.0,8.0,5.0,1.0,1.0,1.0
WEEKENDS/HOLIDAY,NE17,PW7,2.0,2.0,19.0,22.0,36.0,46.0,55.0,70.0,86.0,97.0,88.0,93.0,85.0,107.0,99.0,94.0,103.0,86.0,60.0,12.0
WEEKENDS/HOLIDAY,NE4,DT18,,17.0,114.0,146.0,153.0,223.0,192.0,170.0,192.0,192.0,202.0,198.0,176.0,194.0,188.0,142.0,84.0,51.0,27.0,9.0
WEEKENDS/HOLIDAY,NE4,DT20,,92.0,356.0,457.0,468.0,408.0,417.0,494.0,648.0,658.0,652.0,722.0,741.0,799.0,733.0,751.0,762.0,697.0,510.0,159.0
WEEKENDS/HOLIDAY,NE4,EW16,,506.0,1445.0,1391.0,1200.0,1285.0,1195.0,1308.0,1385.0,1384.0,1323.0,1369.0,1383.0,1459.0,1400.0,1149.0,980.0,799.0,554.0,118.0
WEEKENDS/HOLIDAY,NE4,NE5,,39.0,253.0,476.0,596.0,591.0,700.0,927.0,1185.0,1264.0,1381.0,1536.0,1633.0,1646.0,1544.0,1514.0,1570.0,1466.0,1071.0,328.0
WEEKENDS/HOLIDAY,NE5,NE4,,346.0,1144.0,1242.0,1248.0,1572.0,1589.0,1584.0,1492.0,1428.0,1343.0,1293.0,1254.0,1249.0,1148.0,836.0,596.0,499.0,325.0,81.0
WEEKENDS/HOLIDAY,NE5,NS24,,38.0,255.0,494.0,610.0,579.0,688.0,936.0,1197.0,1302.0,1426.0,1618.0,1713.0,1728.0,1649.0,1632.0,1717.0,1639.0,1289.0,446.0
WEEKENDS/HOLIDAY,NE7,DT13,,235.0,953.0,1181.0,1374.0,1722.0,1864.0,1871.0,2035.0,2016.0,1919.0,1903.0,1861.0,1951.0,1682.0,1361.0,1344.0,1154.0,721.0,152.0
WEEKENDS/HOLIDAY,NE7,NE8,,40.0,226.0,541.0,698.0,615.0,727.0,1057.0,1437.0,1612.0,1771.0,2049.0,2152.0,2319.0,2251.0,2324.0,2606.0,2504.0,1802.0,564.0
WEEKENDS/HOLIDAY,NE7,NS21,5.0,269.0,1178.0,1248.0,1226.0,1009.0,1039.0,1373.0,1856.0,2134.0,2222.0,2577.0,2804.0,3031.0,2911.0,2847.0,3167.0,3067.0,2360.0,756.0
WEEKENDS/HOLIDAY,NE7,NS24,,660.0,2279.0,2792.0,3278.0,4525.0,4146.0,3633.0,3439.0,3239.0,2961.0,2672.0,2456.0,2373.0,2120.0,1365.0,782.0,620.0,326.0,61.0
WEEKENDS/HOLIDAY,NE8,NE7,,351.0,1542.0,1850.0,2064.0,2805.0,2715.0,2430.0,2213.0,2039.0,1903.0,1706.0,1605.0,1579.0,1427.0,981.0,572.0,483.0,279.0,59.0
WEEKENDS/HOLIDAY,NE8,NE9,,41.0,213.0,511.0,635.0,532.0,659.0,962.0,1387.0,1590.0,1717.0,2038.0,2149.0,2334.0,2272.0,2340.0,2650.0,2603.0,1862.0,594.0
WEEKENDS/HOLIDAY,NE9,NE10,,35.0,287.0,603.0,708.0,596.0,743.0,1003.0,1411.0,1613.0,1707.0,1976.0,2082.0,2240.0,2203.0,2294.0,2498.0,2453.0,1747.0,562.0
WEEKENDS/HOLIDAY,NE9,NE8,,364.0,1555.0,1900.0,2214.0,2967.0,2858.0,2578.0,2321.0,2120.0,1951.0,1701.0,1615.0,1611.0,1458.0,970.0,528.0,399.0,219.0,40.0
WEEKENDS/HOLIDAY,NS1,EW23,1.0,778.0,2117.0,2404.0,2523.0,2537.0,2346.0,2372.0,2528.0,2431.0,2260.0,2153.0,2169.0,2486.0,2033.0,1576.0,1486.0,1242.0,767.0,115.0
WEEKENDS/HOLIDAY,NS1,EW25,9.0,605.0,2016.0,1739.0,1139.0,1000.0,997.0,1181.0,1512.0,1677.0,1674.0,1894.0,1993.0,2248.0,2198.0,2095.0,2107.0,1907.0,1314.0,395.0
WEEKENDS/HOLIDAY,NS1,NS2,14.0,182.0,648.0,1028.0,1236.0,893.0,877.0,1163.0,1754.0,1855.0,1844.0,2171.0,2238.0,2578.0,2225.0,2350.0,2646.0,2243.0,1502.0,378.0
WEEKENDS/HOLIDAY,NS10,NS11,28.0,607.0,1363.0,1758.0,1761.0,1904.0,1666.0,1702.0,1929.0,1887.0,1697.0,1735.0,1654.0,1918.0,1680.0,1496.0,1335.0,1216.0,770.0,250.0
WEEKENDS/HOLIDAY,NS10,NS9,33.0,586.0,1577.0,1675.0,1363.0,1350.0,1388.0,1450.0,1595.0,1674.0,1625.0,1616.0,1618.0,1852.0,1700.0,1619.0,1384.0,1129.0,828.0,361.0
WEEKENDS/HOLIDAY,NS11,NS10,45.0,476.0,1353.0,1424.0,1228.0,1151.0,1176.0,1299.0,1550.0,1716.0,1673.0,1768.0,1766.0,2083.0,1955.0,1851.0,1870.0,1692.0,1246.0,525.0
WEEKENDS/HOLIDAY,NS11,NS12,24.0,770.0,1700.0,2120.0,2168.0,2360.0,2052.0,1985.0,2122.0,2069.0,1832.0,1853.0,1767.0,2033.0,1808.0,1509.0,1266.0,1095.0,723.0,225.0
WEEKENDS/HOLIDAY,NS12,NS11,54.0,420.0,1409.0,1469.0,1267.0,1130.0,1115.0,1287.0,1618.0,1861.0,1793.0,1987.0,2007.0,2368.0,2248.0,2184.0,2343.0,2131.0,1551.0,638.0
WEEKENDS/HOLIDAY,NS12,NS13,23.0,815.0,1809.0,2234.0,2293.0,2497.0,2169.0,2091.0,2213.0,2132.0,1886.0,1904.0,1814.0,2116.0,1852.0,1512.0,1241.0,1062.0,698.0,222.0
WEEKENDS/HOLIDAY,NS13,NS12,58.0,403.0,1387.0,1448.0,1256.0,1115.0,1099.0,1276.0,1632.0,1895.0,1826.0,2041.0,2059.0,2407.0,2308.0,2262.0,2474.0,2254.0,1626.0,669.0
WEEKENDS/HOLIDAY,NS13,NS14,15.0,982.0,2240.0,2648.0,2720.0,2940.0,2440.0,2187.0,2286.0,2208.0,1922.0,1882.0,1789.0,2003.0,1826.0,1392.0,1181.0,1055.0,677.0,195.0
WEEKENDS/HOLIDAY,NS14,NS13,45.0,322.0,1237.0,1430.0,1327.0,1112.0,1160.0,1359.0,1769.0,2018.0,1923.0,2299.0,2297.0,2687.0,2581.0,2626.0,2855.0,2617.0,1910.0,768.0
WEEKENDS/HOLIDAY,NS14,NS15,12.0,1092.0,2559.0,3001.0,3076.0,3447.0,2813.0,2447.0,2453.0,2352.0,2038.0,1930.0,1788.0,1984.0,1832.0,1334.0,1060.0,969.0,631.0,179.0
WEEKENDS/HOLIDAY,NS15,NS14,30.0,246.0,1057.0,1306.0,1272.0,971.0,1070.0,1311.0,1779.0,2076.0,2004.0,2423.0,2452.0,2820.0,2737.0,2880.0,3237.0,3011.0,2181.0,814.0
WEEKENDS/HOLIDAY,NS15,NS16,12.0,1075.0,2528.0,2985.0,3130.0,3625.0,2950.0,2533.0,2536.0,2422.0,2109.0,1991.0,1825.0,2014.0,1843.0,1347.0,1051.0,934.0,613.0,170.0
WEEKENDS/HOLIDAY,NS16,NS15,28.0,232.0,1048.0,1266.0,1257.0,937.0,1034.0,1315.0,1792.0,2088.0,2022.0,2452.0,2480.0,2857.0,2776.0,2912.0,3312.0,3111.0,2249.0,801.0
WEEKENDS/HOLIDAY,NS16,NS17,,1132.0,2881.0,3334.0,3475.0,4147.0,3373.0,2843.0,2786.0,2629.0,2301.0,2150.0,1942.0,2117.0,1945.0,1392.0,1049.0,934.0,600.0,129.0
WEEKENDS/HOLIDAY,NS17,CC14,1.0,274.0,789.0,1003.0,1028.0,1034.0,902.0,838.0,926.0,958.0,861.0,840.0,860.0,974.0,872.0,787.0,736.0,712.0,464.0,62.0
WEEKENDS/HOLIDAY,NS17,CC16,,318.0,848.0,801.0,754.0,685.0,532.0,518.0,558.0,534.0,519.0,509.0,515.0,597.0,542.0,394.0,366.0,313.0,215.0,38.0
WEEKENDS/HOLIDAY,NS17,NS16,19.0,151.0,900.0,1251.0,1375.0,1037.0,1149.0,1475.0,2056.0,2335.0,2301.0,2843.0,2887.0,3284.0,3141.0,3321.0,3888.0,3675.0,2690.0,918.0
WEEKENDS/HOLIDAY,NS17,NS18,,755.0,2151.0,2569.0,2849.0,3575.0,3004.0,2546.0,2421.0,2232.0,1989.0,1835.0,1613.0,1663.0,1489.0,1062.0,769.0,668.0,421.0,93.0
WEEKENDS/HOLIDAY,NS18,NS17,15.0,88.0,608.0,880.0,985.0,716.0,822.0,1120.0,1623.0,1899.0,1890.0,2320.0,2366.0,2604.0,2544.0,2705.0,3240.0,3108.0,2254.0,821.0
WEEKENDS/HOLIDAY,NS18,NS19,,773.0,2316.0,2670.0,2970.0,3793.0,3183.0,2701.0,2573.0,2334.0,2081.0,1880.0,1678.0,1701.0,1541.0,1088.0,733.0,606.0,353.0,70.0
WEEKENDS/HOLIDAY,NS19,NS18,15.0,83.0,533.0,828.0,964.0,666.0,784.0,1111.0,1640.0,1927.0,1918.0,2387.0,2457.0,2687.0,2632.0,2838.0,3448.0,3340.0,2423.0,887.0
WEEKENDS/HOLIDAY,NS19,NS20,,714.0,2430.0,2743.0,3021.0,3919.0,3360.0,2867.0,2721.0,2442.0,2178.0,1920.0,1720.0,1722.0,1589.0,1100.0,676.0,504.0,261.0,27.0
WEEKENDS/HOLIDAY,NS2,NS1,13.0,949.0,2668.0,2410.0,1847.0,2029.0,2022.0,2006.0,2032.0,1997.0,1819.0,1695.0,1623.0,1828.0,1743.0,1240.0,860.0,674.0,410.0,128.0
WEEKENDS/HOLIDAY,NS2,NS3,19.0,228.0,674.0,1001.0,1151.0,859.0,857.0,1090.0,1635.0,1737.0,1671.0,1957.0,2048.0,2334.0,2027.0,2121.0,2371.0,2038.0,1354.0,366.0
WEEKENDS/HOLIDAY,NS20,NS19,6.0,84.0,435.0,783.0,989.0,627.0,760.0,1125.0,1716.0,1991.0,1997.0,2547.0,2604.0,2826.0,2748.0,3041.0,3737.0,3625.0,2624.0,928.0
WEEKENDS/HOLIDAY,NS20,NS21,,574.0,1860.0,2240.0,2686.0,3608.0,3091.0,2553.0,2511.0,2439.0,2191.0,1986.0,1750.0,1675.0,1507.0,1013.0,705.0,592.0,315.0,36.0
WEEKENDS/HOLIDAY,NS21,DT10,5.0,218.0,996.0,926.0,919.0,810.0,808.0,1020.0,1354.0,1535.0,1550.0,1712.0,1855.0,1948.0,1870.0,1748.0,1883.0,1766.0,1226.0,328.0
WEEKENDS/HOLIDAY,NS21,NE7,,562.0,1859.0,2260.0,2641.0,3339.0,3256.0,3026.0,3075.0,2881.0,2627.0,2416.0,2253.0,2373.0,2030.0,1448.0,1109.0,890.0,559.0,91.0
WEEKENDS/HOLIDAY,NS21,NS20,6.0,120.0,524.0,783.0,874.0,684.0,809.0,1135.0,1525.0,1771.0,1778.0,2217.0,2349.0,2674.0,2608.0,2756.0,3374.0,3116.0,2427.0,896.0
WEEKENDS/HOLIDAY,NS21,NS22,,180.0,642.0,901.0,1271.0,1824.0,1567.0,1310.0,1232.0,1181.0,1114.0,1013.0,856.0,776.0,621.0,422.0,207.0,161.0,82.0,11.0
WEEKENDS/HOLIDAY,NS22,NS21,3.0,12.0,130.0,184.0,224.0,190.0,301.0,481.0,698.0,866.0,865.0,1067.0,1165.0,1310.0,1319.0,1416.0,1833.0,1553.0,1077.0,333.0
WEEKENDS/HOLIDAY,NS22,NS23,,56.0,214.0,279.0,341.0,522.0,610.0,735.0,850.0,913.0,946.0,963.0,979.0,1017.0,907.0,808.0,776.0,656.0,337.0,66.0
WEEKENDS/HOLIDAY,NS23,NS22,3.0,52.0,254.0,454.0,680.0,929.0,826.0,774.0,816.0,887.0,899.0,942.0,934.0,912.0,794.0,716.0,719.0,589.0,482.0,191.0
WEEKENDS/HOLIDAY,NS23,NS24,,4.0,61.0,103.0,114.0,148.0,253.0,411.0,604.0,722.0,770.0,919.0,1013.0,1105.0,1040.0,980.0,1125.0,984.0,571.0,145.0
WEEKENDS/HOLIDAY,NS24,CC2,,26.0,86.0,113.0,112.0,137.0,119.0,106.0,128.0,114.0,112.0,116.0,107.0,123.0,101.0,100.0,76.0,44.0,22.0,1.0
WEEKENDS/HOLIDAY,NS24,NE5,,355.0,1192.0,1330.0,1363.0,1741.0,1754.0,1704.0,1574.0,1508.0,1418.0,1352.0,1323.0,1313.0,1222.0,886.0,606.0,491.0,279.0,56.0
WEEKENDS/HOLIDAY,NS24,NE7,1.0,78.0,432.0,777.0,889.0,722.0,943.0,1453.0,2081.0,2396.0,2642.0,3175.0,3503.0,3740.0,3595.0,3668.0,4262.0,4087.0,3026.0,1007.0
WEEKENDS/HOLIDAY,NS24,NS23,,79.0,320.0,555.0,821.0,1225.0,1106.0,998.0,1000.0,1049.0,1073.0,1027.0,942.0,840.0,682.0,478.0,266.0,138.0,68.0,19.0
WEEKENDS/HOLIDAY,NS24,NS25,,164.0,566.0,660.0,778.0,1122.0,968.0,784.0,787.0,759.0,683.0,602.0,572.0,580.0,526.0,312.0,190.0,175.0,68.0,5.0
WEEKENDS/HOLIDAY,NS25,EW12,,17.0,76.0,138.0,161.0,153.0,217.0,317.0,390.0,448.0,497.0,550.0,557.0,579.0,513.0,519.0,504.0,432.0,361.0,134.0
WEEKENDS/HOLIDAY,NS25,NS24,1.0,13.0,108.0,194.0,181.0,133.0,220.0,332.0,509.0,617.0,701.0,846.0,918.0,937.0,879.0,888.0,974.0,842.0,686.0,266.0
WEEKENDS/HOLIDAY,NS25,NS26,,137.0,550.0,644.0,587.0,678.0,546.0,512.0,532.0,532.0,515.0,497.0,531.0,585.0,604.0,452.0,339.0,285.0,164.0,38.0
WEEKENDS/HOLIDAY,NS26,EW15,,74.0,288.0,345.0,363.0,407.0,365.0,385.0,440.0,444.0,421.0,445.0,481.0,527.0,495.0,431.0,376.0,304.0,225.0,72.0
WEEKENDS/HOLIDAY,NS26,NS25,1.0,27.0,141.0,259.0,295.0,301.0,395.0,472.0,607.0,652.0,662.0,697.0,706.0,715.0,631.0,636.0,607.0,473.0,508.0,191.0
WEEKENDS/HOLIDAY,NS26,NS27,,16.0,82.0,87.0,45.0,30.0,26.0,25.0,34.0,34.0,36.0,37.0,32.0,33.0,58.0,27.0,15.0,11.0,8.0,1.0
WEEKENDS/HOLIDAY,NS27,CE1,,,,6.0,16.0,5.0,10.0,11.0,16.0,19.0,22.0,16.0,22.0,21.0,20.0,25.0,26.0,12.0,19.0,1.0
WEEKENDS/HOLIDAY,NS27,NS26,,,3.0,20.0,37.0,9.0,19.0,20.0,33.0,34.0,36.0,47.0,61.0,52.0,50.0,76.0,60.0,25.0,37.0,9.0
WEEKENDS/HOLIDAY,NS27,NS28,,9.0,64.0,76.0,26.0,16.0,14.0,19.0,23.0,21.0,17.0,19.0,15.0,13.0,31.0,8.0,7.0,3.0,1.0,1.0
WEEKENDS/HOLIDAY,NS28,NS27,,,,14.0,39.0,8.0,17.0,17.0,24.0,23.0,31.0,35.0,41.0,42.0,36.0,45.0,41.0,11.0,37.0,1.0
WEEKENDS/HOLIDAY,NS3,NS2,17.0,901.0,2448.0,2274.0,1789.0,1955.0,1861.0,1844.0,1860.0,1828.0,1666.0,1572.0,1509.0,1717.0,1599.0,1161.0,831.0,694.0,429.0,146.0
WEEKENDS/HOLIDAY,NS3,NS4,20.0,261.0,723.0,972.0,1072.0,826.0,843.0,1053.0,1517.0,1580.0,1526.0,1779.0,1830.0,2129.0,1830.0,1874.0,2092.0,1816.0,1215.0,332.0
WEEKENDS/HOLIDAY,NS4,BP2,,90.0,189.0,281.0,350.0,367.0,329.0,359.0,425.0,434.0,419.0,445.0,402.0,460.0,391.0,358.0,404.0,325.0,207.0,27.0
WEEKENDS/HOLIDAY,NS4,NS3,20.0,828.0,2184.0,2079.0,1681.0,1800.0,1688.0,1625.0,1672.0,1630.0,1482.0,1405.0,1383.0,1560.0,1453.0,1102.0,840.0,705.0,461.0,161.0
WEEKENDS/HOLIDAY,NS4,NS5,24.0,334.0,883.0,1059.0,1077.0,874.0,877.0,1061.0,1415.0,1455.0,1413.0,1566.0,1643.0,1944.0,1679.0,1695.0,1801.0,1593.0,1100.0,310.0
WEEKENDS/HOLIDAY,NS5,NS4,22.0,701.0,1887.0,1891.0,1568.0,1696.0,1534.0,1447.0,1528.0,1509.0,1410.0,1345.0,1326.0,1522.0,1447.0,1176.0,1009.0,811.0,547.0,211.0
WEEKENDS/HOLIDAY,NS5,NS7,18.0,368.0,938.0,1022.0,1011.0,787.0,790.0,908.0,1167.0,1179.0,1129.0,1249.0,1294.0,1603.0,1380.0,1310.0,1414.0,1295.0,891.0,252.0
WEEKENDS/HOLIDAY,NS7,NS5,29.0,542.0,1491.0,1532.0,1252.0,1345.0,1132.0,1079.0,1208.0,1209.0,1154.0,1142.0,1114.0,1300.0,1243.0,1138.0,1016.0,813.0,544.0,228.0
WEEKENDS/HOLIDAY,NS7,NS8,18.0,311.0,823.0,982.0,979.0,816.0,791.0,918.0,1203.0,1198.0,1144.0,1290.0,1324.0,1658.0,1432.0,1389.0,1458.0,1349.0,907.0,262.0
WEEKENDS/HOLIDAY,NS8,NS7,34.0,601.0,1652.0,1640.0,1293.0,1325.0,1135.0,1083.0,1190.0,1204.0,1147.0,1126.0,1109.0,1298.0,1249.0,1078.0,974.0,781.0,542.0,229.0
WEEKENDS/HOLIDAY,NS8,NS9,24.0,409.0,995.0,1184.0,1169.0,1166.0,1054.0,1160.0,1442.0,1399.0,1317.0,1428.0,1430.0,1777.0,1583.0,1524.0,1479.0,1403.0,874.0,291.0
WEEKENDS/HOLIDAY,NS9,NS10,33.0,420.0,1025.0,1217.0,1264.0,1366.0,1187.0,1309.0,1621.0,1611.0,1496.0,1632.0,1576.0,1895.0,1706.0,1553.0,1480.0,1439.0,895.0,289.0
WEEKENDS/HOLIDAY,NS9,NS8,38.0,574.0,1549.0,1612.0,1315.0,1296.0,1176.0,1143.0,1275.0,1305.0,1250.0,1275.0,1250.0,1480.0,1390.0,1249.0,1135.0,929.0,645.0,285.0
WEEKENDS/HOLIDAY,NS9,TE1,,,21.0,32.0,21.0,5.0,4.0,4.0,4.0,4.0,4.0,2.0,7.0,11.0,11.0,9.0,6.0,1.0,,
WEEKENDS/HOLIDAY,NS9,TE3,,,4.0,8.0,15.0,14.0,16.0,24.0,31.0,44.0,41.0,46.0,47.0,49.0,53.0,53.0,64.0,28.0,,
WEEKENDS/HOLIDAY,PE1,NE17,,48.0,141.0,167.0,169.0,265.0,264.0,272.0,245.0,223.0,202.0,192.0,187.0,199.0,172.0,122.0,79.0,34.0,23.0,5.0
WEEKENDS/HOLIDAY,PE1,PE2,1.0,4.0,36.0,50.0,80.0,72.0,95.0,137.0,160.0,172.0,180.0,177.0,180.0,203.0,200.0,201.0,189.0,151.0,89.0,22.0
WEEKENDS/HOLIDAY,PE2,PE1,,37.0,104.0,142.0,141.0,212.0,224.0,225.0,211.0,193.0,171.0,160.0,162.0,169.0,145.0,112.0,75.0,37.0,26.0,8.0
WEEKENDS/HOLIDAY,PE2,PE3,1.0,5.0,38.0,51.0,82.0,79.0,94.0,125.0,127.0,118.0,126.0,119.0,122.0,131.0,127.0,121.0,102.0,71.0,41.0,11.0
WEEKENDS/HOLIDAY,PE3,PE2,1.0,17.0,54.0,73.0,80.0,131.0,151.0,148.0,145.0,144.0,120.0,112.0,107.0,121.0,114.0,96.0,65.0,40.0,28.0,8.0
WEEKENDS/HOLIDAY,PE3,PE4,,1.0,20.0,32.0,48.0,65.0,63.0,75.0,71.0,63.0,61.0,60.0,57.0,61.0,58.0,52.0,32.0,16.0,13.0,7.0
WEEKENDS/HOLIDAY,PE4,PE3,1.0,6.0,16.0,31.0,47.0,52.0,69.0,72.0,74.0,73.0,68.0,50.0,53.0,64.0,65.0,56.0,43.0,30.0,24.0,8.0
WEEKENDS/HOLIDAY,PE4,PE5,,5.0,27.0,47.0,65.0,86.0,89.0,107.0,96.0,97.0,83.0,78.0,81.0,83.0,83.0,69.0,47.0,28.0,21.0,10.0
WEEKENDS/HOLIDAY,PE5,PE4,1.0,9.0,19.0,34.0,62.0,64.0,81.0,95.0,100.0,100.0,96.0,83.0,84.0,102.0,98.0,89.0,70.0,52.0,34.0,13.0
WEEKENDS/HOLIDAY,PE5,PE6,,24.0,72.0,107.0,134.0,181.0,176.0,194.0,180.0,157.0,149.0,129.0,141.0,143.0,142.0,96.0,66.0,35.0,23.0,8.0
WEEKENDS/HOLIDAY,PE6,PE5,,7.0,23.0,43.0,69.0,78.0,105.0,137.0,168.0,173.0,154.0,154.0,153.0,177.0,183.0,175.0,163.0,128.0,78.0,19.0
WEEKENDS/HOLIDAY,PE6,PE7,,36.0,94.0,130.0,164.0,225.0,221.0,238.0,238.0,202.0,189.0,177.0,183.0,174.0,169.0,122.0,110.0,101.0,48.0,7.0
WEEKENDS/HOLIDAY,PE7,NE17,,50.0,129.0,171.0,206.0,286.0,285.0,291.0,273.0,249.0,226.0,213.0,211.0,204.0,194.0,136.0,109.0,102.0,53.0,6.0
WEEKENDS/HOLIDAY,PE7,PE6,,8.0,53.0,78.0,110.0,130.0,120.0,171.0,193.0,204.0,189.0,192.0,213.0,226.0,221.0,197.0,198.0,157.0,97.0,24.0
WEEKENDS/HOLIDAY,PW1,NE17,,,3.0,3.0,6.0,6.0,13.0,20.0,19.0,19.0,20.0,20.0,20.0,22.0,24.0,19.0,11.0,13.0,12.0,1.0
WEEKENDS/HOLIDAY,PW1,PW3,,,3.0,5.0,3.0,2.0,3.0,7.0,7.0,6.0,9.0,4.0,6.0,8.0,5.0,5.0,3.0,1.0,1.0,1.0
WEEKENDS/HOLIDAY,PW3,PW1,,,3.0,3.0,4.0,4.0,5.0,7.0,4.0,6.0,6.0,7.0,8.0,8.0,9.0,7.0,4.0,2.0,6.0,
WEEKENDS/HOLIDAY,PW3,PW4,,,,1.0,2.0,3.0,2.0,6.0,5.0,4.0,7.0,3.0,4.0,6.0,2.0,3.0,2.0,2.0,1.0,
WEEKENDS/HOLIDAY,PW4,PW3,,,1.0,3.0,4.0,5.0,5.0,5.0,4.0,4.0,4.0,6.0,6.0,8.0,6.0,5.0,4.0,2.0,6.0,
WEEKENDS/HOLIDAY,PW4,PW5,,,,1.0,,2.0,,2.0,4.0,1.0,2.0,2.0,,3.0,1.0,3.0,2.0,1.0,,
WEEKENDS/HOLIDAY,PW5,PW4,,,,3.0,2.0,5.0,4.0,4.0,4.0,3.0,1.0,2.0,2.0,4.0,1.0,3.0,1.0,,,
WEEKENDS/HOLIDAY,PW5,PW6,,17.0,37.0,50.0,36.0,45.0,57.0,55.0,53.0,41.0,35.0,31.0,35.0,43.0,37.0,33.0,15.0,12.0,4.0,4.0
WEEKENDS/HOLIDAY,PW6,PW5,1.0,1.0,15.0,15.0,23.0,31.0,28.0,33.0,41.0,40.0,42.0,47.0,41.0,53.0,45.0,48.0,45.0,37.0,32.0,12.0
WEEKENDS/HOLIDAY,PW6,PW7,,22.0,52.0,62.0,56.0,67.0,84.0,83.0,81.0,69.0,56.0,48.0,52.0,61.0,50.0,41.0,20.0,14.0,9.0,5.0
WEEKENDS/HOLIDAY,PW7,NE17,,25.0,56.0,66.0,74.0,95.0,112.0,112.0,104.0,84.0,69.0,59.0,63.0,77.0,58.0,48.0,19.0,12.0,7.0,4.0
WEEKENDS/HOLIDAY,PW7,PW6,1.0,1.0,17.0,22.0,31.0,39.0,44.0,51.0,63.0,62.0,65.0,67.0,57.0,72.0,65.0,63.0,68.0,51.0,44.0,12.0
WEEKENDS/HOLIDAY,SE1,NE16,,76.0,182.0,204.0,199.0,268.0,264.0,285.0,254.0,235.0,214.0,183.0,200.0,223.0,200.0,135.0,84.0,45.0,29.0,3.0
WEEKENDS/HOLIDAY,SE1,SE2,1.0,4.0,22.0,54.0,75.0,71.0,76.0,115.0,144.0,150.0,155.0,168.0,166.0,175.0,179.0,178.0,193.0,166.0,109.0,33.0
WEEKENDS/HOLIDAY,SE2,SE1,,69.0,131.0,165.0,160.0,197.0,204.0,219.0,187.0,179.0,159.0,134.0,144.0,162.0,141.0,98.0,66.0,41.0,27.0,4.0
WEEKENDS/HOLIDAY,SE2,SE3,,8.0,25.0,47.0,53.0,60.0,64.0,74.0,84.0,79.0,72.0,76.0,80.0,81.0,75.0,87.0,71.0,71.0,42.0,14.0
WEEKENDS/HOLIDAY,SE3,SE2,,26.0,59.0,77.0,89.0,106.0,120.0,130.0,114.0,95.0,80.0,69.0,82.0,85.0,80.0,49.0,34.0,17.0,13.0,5.0
WEEKENDS/HOLIDAY,SE3,SE4,,7.0,28.0,41.0,42.0,49.0,51.0,49.0,34.0,30.0,24.0,23.0,26.0,25.0,21.0,19.0,12.0,10.0,4.0,3.0
WEEKENDS/HOLIDAY,SE4,SE3,,4.0,16.0,31.0,42.0,52.0,59.0,61.0,58.0,45.0,36.0,30.0,32.0,31.0,31.0,27.0,20.0,13.0,10.0,5.0
WEEKENDS/HOLIDAY,SE4,SE5,,16.0,47.0,49.0,53.0,65.0,82.0,88.0,81.0,66.0,60.0,52.0,56.0,59.0,52.0,44.0,28.0,21.0,8.0,2.0
WEEKENDS/HOLIDAY,SE5,NE16,,25.0,64.0,77.0,74.0,100.0,125.0,131.0,123.0,107.0,95.0,79.0,89.0,85.0,86.0,60.0,35.0,21.0,10.0,1.0
WEEKENDS/HOLIDAY,SE5,SE4,,,17.0,35.0,39.0,40.0,47.0,58.0,65.0,68.0,62.0,65.0,75.0,71.0,70.0,69.0,62.0,56.0,32.0,8.0
WEEKENDS/HOLIDAY,SW1,NE16,,20.0,59.0,95.0,113.0,124.0,134.0,134.0,134.0,130.0,112.0,108.0,119.0,116.0,99.0,70.0,71.0,45.0,27.0,7.0
WEEKENDS/HOLIDAY,SW1,SW2,,4.0,16.0,38.0,58.0,55.0,61.0,80.0,109.0,104.0,106.0,108.0,124.0,123.0,119.0,122.0,125.0,112.0,72.0,14.0
WEEKENDS/HOLIDAY,SW2,SW1,,19.0,72.0,91.0,111.0,119.0,130.0,135.0,133.0,124.0,97.0,94.0,99.0,111.0,99.0,57.0,55.0,24.0,21.0,9.0
WEEKENDS/HOLIDAY,SW2,SW3,,3.0,11.0,27.0,49.0,46.0,50.0,63.0,75.0,75.0,66.0,76.0,84.0,92.0,89.0,82.0,81.0,71.0,47.0,15.0
WEEKENDS/HOLIDAY,SW3,SW2,,15.0,53.0,62.0,71.0,78.0,80.0,79.0,86.0,79.0,68.0,64.0,65.0,73.0,72.0,47.0,50.0,26.0,11.0,8.0
WEEKENDS/HOLIDAY,SW3,SW4,,1.0,6.0,16.0,34.0,41.0,44.0,61.0,53.0,55.0,44.0,54.0,59.0,61.0,56.0,51.0,41.0,32.0,22.0,9.0
WEEKENDS/HOLIDAY,SW4,SW3,,4.0,24.0,27.0,27.0,38.0,39.0,45.0,61.0,55.0,50.0,47.0,43.0,55.0,55.0,46.0,45.0,29.0,14.0,7.0
WEEKENDS/HOLIDAY,SW4,SW5,,1.0,7.0,16.0,30.0,39.0,46.0,54.0,50.0,49.0,42.0,47.0,50.0,54.0,42.0,36.0,27.0,17.0,17.0,9.0
WEEKENDS/HOLIDAY,SW5,SW4,,3.0,18.0,15.0,19.0,27.0,31.0,44.0,53.0,48.0,49.0,42.0,38.0,50.0,46.0,43.0,47.0,28.0,12.0,6.0
WEEKENDS/HOLIDAY,SW5,SW6,,42.0,85.0,105.0,136.0,168.0,158.0,150.0,168.0,168.0,146.0,147.0,130.0,160.0,128.0,100.0,92.0,95.0,77.0,15.0
WEEKENDS/HOLIDAY,SW6,SW5,1.0,5.0,37.0,47.0,86.0,104.0,115.0,142.0,142.0,143.0,149.0,146.0,163.0,157.0,164.0,139.0,133.0,118.0,76.0,22.0
WEEKENDS/HOLIDAY,SW6,SW7,,59.0,125.0,154.0,188.0,232.0,222.0,195.0,216.0,197.0,189.0,180.0,168.0,212.0,167.0,119.0,99.0,100.0,77.0,18.0
WEEKENDS/HOLIDAY,SW7,SW6,1.0,4.0,45.0,59.0,99.0,117.0,132.0,156.0,167.0,171.0,190.0,192.0,206.0,210.0,214.0,197.0,187.0,168.0,103.0,28.0
WEEKENDS/HOLIDAY,SW7,SW8,,73.0,157.0,193.0,224.0,273.0,261.0,222.0,240.0,222.0,207.0,200.0,180.0,222.0,185.0,122.0,94.0,99.0,74.0,15.0
WEEKENDS/HOLIDAY,SW8,NE16,,80.0,173.0,208.0,240.0,290.0,294.0,241.0,259.0,246.0,220.0,215.0,189.0,225.0,185.0,122.0,88.0,87.0,69.0,12.0
WEEKENDS/HOLIDAY,SW8,SW7,1.0,4.0,50.0,66.0,105.0,117.0,130.0,162.0,179.0,189.0,204.0,214.0,234.0,234.0,237.0,223.0,221.0,209.0,130.0,32.0
WEEKENDS/HOLIDAY,TE1,NS9,,,,6.0,13.0,9.0,4.0,3.0,9.0,9.0,5.0,7.0,7.0,14.0,19.0,26.0,19.0,2.0,,
WEEKENDS/HOLIDAY,TE3,NS9,,,33.0,47.0,40.0,52.0,58.0,54.0,59.0,52.0,47.0,41.0,44.0,51.0,41.0,33.0,15.0,5.0,,
