DAY_TYPE,ORIGIN_PT_CODE,DESTINATION_PT_CODE,TOTAL_TRIPS
WEEKDAY,BP10,BP11,3302.0
WEEKDAY,BP10,BP9,769.0
WEEKDAY,BP11,BP10,540.0
WEEKDAY,BP11,BP12,5761.0
WEEKDAY,BP12,BP11,2372.0
WEEKDAY,BP12,BP13,7714.0
WEEKDAY,BP13,BP12,3679.0
WEEKDAY,BP13,DT1,8650.0
WEEKDAY,BP2,BP3,16114.0
WEEKDAY,BP2,NS4,16476.0
WEEKDAY,BP3,BP2,16373.0
WEEKDAY,BP3,BP4,16110.0
WEEKDAY,BP4,BP3,15763.0
WEEKDAY,BP4,BP5,15781.0
WEEKDAY,BP5,BP4,15305.0
WEEKDAY,BP5,DT1,16380.0
WEEKDAY,BP7,BP8,5399.0
WEEKDAY,BP7,DT1,3309.0
WEEKDAY,BP8,BP7,2787.0
WEEKDAY,BP8,BP9,4978.0
WEEKDAY,BP9,BP10,3744.0
WEEKDAY,BP9,BP8,2148.0
WEEKDAY,CC10,CC11,35897.0
WEEKDAY,CC10,DT25,38668.0
WEEKDAY,CC10,DT27,57422.0
WEEKDAY,CC10,EW8,54139.0
WEEKDAY,CC11,CC10,38154.0
WEEKDAY,CC11,CC12,38306.0
WEEKDAY,CC12,CC11,41168.0
WEEKDAY,CC12,NE12,39659.0
WEEKDAY,CC14,NE12,48617.0
WEEKDAY,CC14,NS17,47609.0
WEEKDAY,CC16,CC17,34823.0
WEEKDAY,CC16,NS17,32136.0
WEEKDAY,CC17,CC16,31963.0
WEEKDAY,CC17,CC19,35989.0
WEEKDAY,CC19,CC17,33022.0
WEEKDAY,CC19,CC20,66701.0
WEEKDAY,CC19,DT10,67682.0
WEEKDAY,CC19,DT8,37386.0
WEEKDAY,CC2,CC3,3621.0
WEEKDAY,CC2,NS24,5359.0
WEEKDAY,CC20,CC19,66105.0
WEEKDAY,CC20,CC21,66142.0
WEEKDAY,CC21,CC20,65726.0
WEEKDAY,CC21,EW21,65328.0
WEEKDAY,CC23,CC24,21491.0
WEEKDAY,CC23,EW21,26450.0
WEEKDAY,CC24,CC23,20780.0
WEEKDAY,CC24,CC25,12468.0
WEEKDAY,CC25,CC24,11802.0
WEEKDAY,CC25,CC26,10984.0
WEEKDAY,CC26,CC25,10057.0
WEEKDAY,CC26,CC27,10153.0
WEEKDAY,CC27,CC26,9507.0
WEEKDAY,CC27,CC28,10196.0
WEEKDAY,CC28,CC27,9728.0
WEEKDAY,CC28,NE1,10725.0
WEEKDAY,CC3,CC2,3769.0
WEEKDAY,CC3,CC4,3152.0
WEEKDAY,CC4,CC3,3070.0
WEEKDAY,CC4,CC5,14086.0
WEEKDAY,CC4,CE1,20964.0
WEEKDAY,CC4,EW12,20460.0
WEEKDAY,CC5,CC4,13888.0
WEEKDAY,CC5,CC6,12940.0
WEEKDAY,CC6,CC5,12906.0
WEEKDAY,CC6,CC7,13374.0
WEEKDAY,CC7,CC6,13546.0
WEEKDAY,CC7,CC8,14317.0
WEEKDAY,CC8,CC7,14701.0
WEEKDAY,CC8,EW8,16020.0
WEEKDAY,CE1,CC4,20543.0
WEEKDAY,CE1,DT17,12521.0
WEEKDAY,CE1,NS27,1035.0
WEEKDAY,CG1,CG2,4635.0
WEEKDAY,CG1,DT34,4663.0
WEEKDAY,CG1,EW4,8002.0
WEEKDAY,CG2,CG1,4599.0
WEEKDAY,DT1,BP13,4113.0
WEEKDAY,DT1,BP5,15473.0
WEEKDAY,DT1,BP7,5926.0
WEEKDAY,DT1,DT2,24230.0
WEEKDAY,DT10,CC19,64009.0
WEEKDAY,DT10,NS21,69431.0
WEEKDAY,DT13,EW12,66762.0
WEEKDAY,DT13,NE7,67411.0
WEEKDAY,DT17,CE1,12354.0
WEEKDAY,DT17,DT18,8092.0
WEEKDAY,DT18,DT17,7937.0
WEEKDAY,DT18,NE4,13872.0
WEEKDAY,DT2,DT1,23613.0
WEEKDAY,DT2,DT3,25420.0
WEEKDAY,DT20,DT21,31740.0
WEEKDAY,DT20,NE4,32154.0
WEEKDAY,DT21,DT20,32188.0
WEEKDAY,DT21,DT22,33871.0
WEEKDAY,DT22,DT21,34218.0
WEEKDAY,DT22,DT23,35347.0
WEEKDAY,DT23,DT22,36082.0
WEEKDAY,DT23,DT24,36368.0
WEEKDAY,DT24,DT23,37189.0
WEEKDAY,DT24,DT25,37086.0
WEEKDAY,DT25,CC10,37662.0
WEEKDAY,DT25,DT24,37878.0
WEEKDAY,DT27,CC10,57544.0
WEEKDAY,DT27,DT28,55410.0
WEEKDAY,DT28,DT27,55484.0
WEEKDAY,DT28,DT29,52634.0
WEEKDAY,DT29,DT28,52435.0
WEEKDAY,DT29,DT30,50983.0
WEEKDAY,DT3,DT2,24365.0
WEEKDAY,DT3,DT5,29773.0
WEEKDAY,DT30,DT29,50347.0
WEEKDAY,DT30,DT31,48277.0
WEEKDAY,DT31,DT30,47475.0
WEEKDAY,DT31,EW2,45647.0
WEEKDAY,DT33,DT34,5857.0
WEEKDAY,DT33,EW2,15414.0
WEEKDAY,DT34,CG1,5666.0
WEEKDAY,DT34,DT33,5072.0
WEEKDAY,DT5,DT3,28035.0
WEEKDAY,DT5,DT6,34279.0
WEEKDAY,DT6,DT5,32788.0
WEEKDAY,DT6,DT7,36434.0
WEEKDAY,DT7,DT6,34761.0
WEEKDAY,DT7,DT8,37516.0
WEEKDAY,DT8,CC19,39083.0
WEEKDAY,DT8,DT7,36105.0
WEEKDAY,EW1,EW2,22867.0
WEEKDAY,EW10,EW11,51799.0
WEEKDAY,EW10,EW9,51599.0
WEEKDAY,EW11,EW10,52473.0
WEEKDAY,EW11,EW12,55816.0
WEEKDAY,EW12,CC4,21570.0
WEEKDAY,EW12,DT13,64108.0
WEEKDAY,EW12,EW11,56963.0
WEEKDAY,EW12,NS25,18887.0
WEEKDAY,EW15,EW16,21232.0
WEEKDAY,EW15,NS26,26587.0
WEEKDAY,EW16,EW15,23147.0
WEEKDAY,EW16,EW17,45100.0
WEEKDAY,EW16,NE1,24365.0
WEEKDAY,EW16,NE4,58720.0
WEEKDAY,EW17,EW16,45703.0
WEEKDAY,EW17,EW18,42008.0
WEEKDAY,EW18,EW17,43729.0
WEEKDAY,EW18,EW19,41641.0
WEEKDAY,EW19,EW18,44059.0
WEEKDAY,EW19,EW20,43487.0
WEEKDAY,EW2,DT31,45263.0
WEEKDAY,EW2,DT33,15403.0
WEEKDAY,EW2,EW1,22024.0
WEEKDAY,EW2,EW3,12098.0
WEEKDAY,EW20,EW19,45407.0
WEEKDAY,EW20,EW21,47623.0
WEEKDAY,EW21,CC21,65436.0
WEEKDAY,EW21,CC23,27080.0
WEEKDAY,EW21,EW20,49094.0
WEEKDAY,EW21,EW22,96870.0
WEEKDAY,EW22,EW21,97827.0
WEEKDAY,EW22,EW23,96788.0
WEEKDAY,EW23,EW22,98068.0
WEEKDAY,EW23,NS1,95410.0
WEEKDAY,EW25,EW26,78847.0
WEEKDAY,EW25,NS1,84780.0
WEEKDAY,EW26,EW25,82211.0
WEEKDAY,EW26,EW27,66819.0
WEEKDAY,EW27,EW26,67452.0
WEEKDAY,EW27,EW28,36943.0
WEEKDAY,EW28,EW27,42977.0
WEEKDAY,EW28,EW29,24210.0
WEEKDAY,EW29,EW28,24758.0
WEEKDAY,EW29,EW30,10874.0
WEEKDAY,EW3,EW2,12209.0
WEEKDAY,EW3,EW4,17351.0
WEEKDAY,EW30,EW29,11971.0
WEEKDAY,EW30,EW31,7970.0
WEEKDAY,EW31,EW30,8716.0
WEEKDAY,EW31,EW32,5020.0
WEEKDAY,EW32,EW31,5338.0
WEEKDAY,EW32,EW33,2023.0
WEEKDAY,EW33,EW32,2078.0
WEEKDAY,EW4,CG1,7306.0
WEEKDAY,EW4,EW3,17407.0
WEEKDAY,EW4,EW5,28998.0
WEEKDAY,EW5,EW4,27339.0
WEEKDAY,EW5,EW6,41029.0
WEEKDAY,EW6,EW5,38998.0
WEEKDAY,EW6,EW7,43426.0
WEEKDAY,EW7,EW6,42883.0
WEEKDAY,EW7,EW8,47037.0
WEEKDAY,EW8,CC10,52459.0
WEEKDAY,EW8,CC8,15882.0
WEEKDAY,EW8,EW7,48209.0
WEEKDAY,EW8,EW9,49521.0
WEEKDAY,EW9,EW10,51081.0
WEEKDAY,EW9,EW8,50208.0
WEEKDAY,NE1,CC28,10234.0
WEEKDAY,NE1,EW16,23993.0
WEEKDAY,NE10,NE11,70911.0
WEEKDAY,NE10,NE9,73181.0
WEEKDAY,NE11,NE10,73819.0
WEEKDAY,NE11,NE12,71210.0
WEEKDAY,NE12,CC12,42053.0
WEEKDAY,NE12,CC14,47741.0
WEEKDAY,NE12,NE11,73680.0
WEEKDAY,NE12,NE13,88505.0
WEEKDAY,NE13,NE12,91008.0
WEEKDAY,NE13,NE14,82902.0
WEEKDAY,NE14,NE13,85672.0
WEEKDAY,NE14,NE15,71098.0
WEEKDAY,NE15,NE14,73402.0
WEEKDAY,NE15,NE16,63165.0
WEEKDAY,NE16,NE15,65078.0
WEEKDAY,NE16,NE17,34909.0
WEEKDAY,NE16,SE1,7469.0
WEEKDAY,NE16,SE5,3642.0
WEEKDAY,NE16,SW1,4868.0
WEEKDAY,NE16,SW8,8188.0
WEEKDAY,NE17,NE16,36514.0
WEEKDAY,NE17,PE1,7721.0
WEEKDAY,NE17,PE7,8833.0
WEEKDAY,NE17,PW1,1382.0
WEEKDAY,NE17,PW7,3118.0
WEEKDAY,NE4,DT18,14363.0
WEEKDAY,NE4,DT20,31940.0
WEEKDAY,NE4,EW16,59547.0
WEEKDAY,NE4,NE5,49651.0
WEEKDAY,NE5,NE4,50393.0
WEEKDAY,NE5,NS24,53259.0
WEEKDAY,NE7,DT13,70337.0
WEEKDAY,NE7,NE8,72099.0
WEEKDAY,NE7,NS21,101889.0
WEEKDAY,NE7,NS24,111789.0
WEEKDAY,NE8,NE7,74512.0
WEEKDAY,NE8,NE9,70703.0
WEEKDAY,NE9,NE10,70616.0
WEEKDAY,NE9,NE8,75089.0
WEEKDAY,NS1,EW23,98361.0
WEEKDAY,NS1,EW25,80957.0
WEEKDAY,NS1,NS2,77126.0
WEEKDAY,NS10,NS11,66794.0
WEEKDAY,NS10,NS9,60952.0
WEEKDAY,NS11,NS10,65188.0
WEEKDAY,NS11,NS12,74838.0
WEEKDAY,NS12,NS11,73432.0
WEEKDAY,NS12,NS13,77989.0
WEEKDAY,NS13,NS12,75635.0
WEEKDAY,NS13,NS14,84781.0
WEEKDAY,NS14,NS13,84727.0
WEEKDAY,NS14,NS15,91237.0
WEEKDAY,NS15,NS14,88626.0
WEEKDAY,NS15,NS16,93629.0
WEEKDAY,NS16,NS15,89978.0
WEEKDAY,NS16,NS17,103429.0
WEEKDAY,NS17,CC14,48280.0
WEEKDAY,NS17,CC16,35138.0
WEEKDAY,NS17,NS16,102621.0
WEEKDAY,NS17,NS18,81441.0
WEEKDAY,NS18,NS17,78537.0
WEEKDAY,NS18,NS19,83507.0
WEEKDAY,NS19,NS18,79492.0
WEEKDAY,NS19,NS20,85514.0
WEEKDAY,NS2,NS1,77056.0
WEEKDAY,NS2,NS3,70865.0
WEEKDAY,NS20,NS19,83137.0
WEEKDAY,NS20,NS21,79560.0
WEEKDAY,NS21,DT10,64966.0
WEEKDAY,NS21,NE7,106123.0
WEEKDAY,NS21,NS20,76969.0
WEEKDAY,NS21,NS22,26747.0
WEEKDAY,NS22,NS21,26538.0
WEEKDAY,NS22,NS23,21552.0
WEEKDAY,NS23,NS22,23674.0
WEEKDAY,NS23,NS24,20333.0
WEEKDAY,NS24,CC2,5617.0
WEEKDAY,NS24,NE5,54160.0
WEEKDAY,NS24,NE7,108916.0
WEEKDAY,NS24,NS23,23896.0
WEEKDAY,NS24,NS25,34639.0
WEEKDAY,NS25,EW12,19480.0
WEEKDAY,NS25,NS24,34919.0
WEEKDAY,NS25,NS26,38330.0
WEEKDAY,NS26,EW15,25858.0
WEEKDAY,NS26,NS25,39939.0
WEEKDAY,NS26,NS27,2901.0
WEEKDAY,NS27,CE1,1153.0
WEEKDAY,NS27,NS26,3038.0
WEEKDAY,NS27,NS28,973.0
WEEKDAY,NS28,NS27,1125.0
WEEKDAY,NS3,NS2,72016.0
WEEKDAY,NS3,NS4,65071.0
WEEKDAY,NS4,BP2,15518.0
WEEKDAY,NS4,NS3,65689.0
WEEKDAY,NS4,NS5,59595.0
WEEKDAY,NS5,NS4,61535.0
WEEKDAY,NS5,NS7,49899.0
WEEKDAY,NS7,NS5,50540.0
WEEKDAY,NS7,NS8,50475.0
WEEKDAY,NS8,NS7,51462.0
WEEKDAY,NS8,NS9,56467.0
WEEKDAY,NS9,NS10,57275.0
WEEKDAY,NS9,NS8,53353.0
WEEKDAY,NS9,TE1,992.0
WEEKDAY,NS9,TE3,2145.0
WEEKDAY,PE1,NE17,7898.0
WEEKDAY,PE1,PE2,6497.0
WEEKDAY,PE2,PE1,6676.0
WEEKDAY,PE2,PE3,4445.0
WEEKDAY,PE3,PE2,4428.0
WEEKDAY,PE3,PE4,1942.0
WEEKDAY,PE4,PE3,1989.0
WEEKDAY,PE4,PE5,2803.0
WEEKDAY,PE5,PE4,2828.0
WEEKDAY,PE5,PE6,5411.0
WEEKDAY,PE6,PE5,5131.0
WEEKDAY,PE6,PE7,7618.0
WEEKDAY,PE7,NE17,9429.0
WEEKDAY,PE7,PE6,7124.0
WEEKDAY,PW1,NE17,1404.0
WEEKDAY,PW1,PW3,955.0
WEEKDAY,PW3,PW1,978.0
WEEKDAY,PW3,PW4,747.0
WEEKDAY,PW4,PW3,822.0
WEEKDAY,PW4,PW5,251.0
WEEKDAY,PW5,PW4,294.0
WEEKDAY,PW5,PW6,1807.0
WEEKDAY,PW6,PW5,1815.0
WEEKDAY,PW6,PW7,2533.0
WEEKDAY,PW7,NE17,3005.0
WEEKDAY,PW7,PW6,2455.0
WEEKDAY,SE1,NE16,8107.0
WEEKDAY,SE1,SE2,5230.0
WEEKDAY,SE2,SE1,5879.0
WEEKDAY,SE2,SE3,2619.0
WEEKDAY,SE3,SE2,2927.0
WEEKDAY,SE3,SE4,874.0
WEEKDAY,SE4,SE3,1029.0
WEEKDAY,SE4,SE5,2226.0
WEEKDAY,SE5,NE16,3528.0
WEEKDAY,SE5,SE4,2298.0
WEEKDAY,SW1,NE16,5116.0
WEEKDAY,SW1,SW2,4040.0
WEEKDAY,SW2,SW1,4366.0
WEEKDAY,SW2,SW3,2782.0
WEEKDAY,SW3,SW2,2884.0
WEEKDAY,SW3,SW4,1942.0
WEEKDAY,SW4,SW3,1953.0
WEEKDAY,SW4,SW5,1408.0
WEEKDAY,SW5,SW4,1429.0
WEEKDAY,SW5,SW6,5339.0
WEEKDAY,SW6,SW5,4900.0
WEEKDAY,SW6,SW7,7264.0
WEEKDAY,SW7,SW6,6654.0
WEEKDAY,SW7,SW8,8440.0
WEEKDAY,SW8,NE16,8998.0
WEEKDAY,SW8,SW7,7640.0
WEEKDAY,TE1,NS9,939.0
WEEKDAY,TE3,NS9,2781.0
WEEKENDS/HOLIDAY,BP10,BP11,2530.0
WEEKENDS/HOLIDAY,BP10,BP9,150.0
WEEKENDS/HOLIDAY,BP11,BP10,105.0
WEEKENDS/HOLIDAY,BP11,BP12,4287.0
WEEKENDS/HOLIDAY,BP12,BP11,1480.0
WEEKENDS/HOLIDAY,BP12,BP13,5286.0
WEEKENDS/HOLIDAY,BP13,BP12,2117.0
WEEKENDS/HOLIDAY,BP13,DT1,6011.0
WEEKENDS/HOLIDAY,BP2,BP3,12427.0
WEEKENDS/HOLIDAY,BP2,NS4,12610.0
WEEKENDS/HOLIDAY,BP3,BP2,12660.0
WEEKENDS/HOLIDAY,BP3,BP4,12543.0
WEEKENDS/HOLIDAY,BP4,BP3,12336.0
WEEKENDS/HOLIDAY,BP4,BP5,12699.0
WEEKENDS/HOLIDAY,BP5,BP4,12366.0
WEEKENDS/HOLIDAY,BP5,DT1,13082.0
WEEKENDS/HOLIDAY,BP7,BP8,4110.0
WEEKENDS/HOLIDAY,BP7,DT1,1991.0
WEEKENDS/HOLIDAY,BP8,BP7,1861.0
WEEKENDS/HOLIDAY,BP8,BP9,3628.0
WEEKENDS/HOLIDAY,BP9,BP10,2864.0
WEEKENDS/HOLIDAY,BP9,BP8,1294.0
WEEKENDS/HOLIDAY,CC10,CC11,27411.0
WEEKENDS/HOLIDAY,CC10,DT25,27243.0
WEEKENDS/HOLIDAY,CC10,DT27,42489.0
WEEKENDS/HOLIDAY,CC10,EW8,49065.0
WEEKENDS/HOLIDAY,CC11,CC10,29613.0
WEEKENDS/HOLIDAY,CC11,CC12,27881.0
WEEKENDS/HOLIDAY,CC12,CC11,30177.0
WEEKENDS/HOLIDAY,CC12,NE12,28274.0
WEEKENDS/HOLIDAY,CC14,NE12,33041.0
WEEKENDS/HOLIDAY,CC14,NS17,31917.0
WEEKENDS/HOLIDAY,CC16,CC17,20145.0
WEEKENDS/HOLIDAY,CC16,NS17,18349.0
WEEKENDS/HOLIDAY,CC17,CC16,18098.0
WEEKENDS/HOLIDAY,CC17,CC19,20769.0
WEEKENDS/HOLIDAY,CC19,CC17,18870.0
WEEKENDS/HOLIDAY,CC19,CC20,50367.0
WEEKENDS/HOLIDAY,CC19,DT10,62656.0
WEEKENDS/HOLIDAY,CC19,DT8,30473.0
WEEKENDS/HOLIDAY,CC2,CC3,4415.0
WEEKENDS/HOLIDAY,CC2,NS24,5277.0
WEEKENDS/HOLIDAY,CC20,CC19,50374.0
WEEKENDS/HOLIDAY,CC20,CC21,49939.0
WEEKENDS/HOLIDAY,CC21,CC20,50019.0
WEEKENDS/HOLIDAY,CC21,EW21,48889.0
WEEKENDS/HOLIDAY,CC23,CC24,10779.0
WEEKENDS/HOLIDAY,CC23,EW21,12151.0
WEEKENDS/HOLIDAY,CC24,CC23,10579.0
WEEKENDS/HOLIDAY,CC24,CC25,8527.0
WEEKENDS/HOLIDAY,CC25,CC24,8393.0
WEEKENDS/HOLIDAY,CC25,CC26,8102.0
WEEKENDS/HOLIDAY,CC26,CC25,7633.0
WEEKENDS/HOLIDAY,CC26,CC27,8007.0
WEEKENDS/HOLIDAY,CC27,CC26,7661.0
WEEKENDS/HOLIDAY,CC27,CC28,7988.0
WEEKENDS/HOLIDAY,CC28,CC27,7842.0
WEEKENDS/HOLIDAY,CC28,NE1,8728.0
WEEKENDS/HOLIDAY,CC3,CC2,4575.0
WEEKENDS/HOLIDAY,CC3,CC4,4046.0
WEEKENDS/HOLIDAY,CC4,CC3,3821.0
WEEKENDS/HOLIDAY,CC4,CC5,13089.0
WEEKENDS/HOLIDAY,CC4,CE1,19461.0
WEEKENDS/HOLIDAY,CC4,EW12,18961.0
WEEKENDS/HOLIDAY,CC5,CC4,13172.0
WEEKENDS/HOLIDAY,CC5,CC6,12064.0
WEEKENDS/HOLIDAY,CC6,CC5,12390.0
WEEKENDS/HOLIDAY,CC6,CC7,12845.0
WEEKENDS/HOLIDAY,CC7,CC6,13105.0
WEEKENDS/HOLIDAY,CC7,CC8,12767.0
WEEKENDS/HOLIDAY,CC8,CC7,13418.0
WEEKENDS/HOLIDAY,CC8,EW8,13297.0
WEEKENDS/HOLIDAY,CE1,CC4,19353.0
WEEKENDS/HOLIDAY,CE1,DT17,7969.0
WEEKENDS/HOLIDAY,CE1,NS27,1187.0
WEEKENDS/HOLIDAY,CG1,CG2,6022.0
WEEKENDS/HOLIDAY,CG1,DT34,3765.0
WEEKENDS/HOLIDAY,CG1,EW4,7320.0
WEEKENDS/HOLIDAY,CG2,CG1,5976.0
WEEKENDS/HOLIDAY,DT1,BP13,2441.0
WEEKENDS/HOLIDAY,DT1,BP5,12473.0
WEEKENDS/HOLIDAY,DT1,BP7,4484.0
WEEKENDS/HOLIDAY,DT1,DT2,20454.0
WEEKENDS/HOLIDAY,DT10,CC19,60027.0
WEEKENDS/HOLIDAY,DT10,NS21,64066.0
WEEKENDS/HOLIDAY,DT13,EW12,64692.0
WEEKENDS/HOLIDAY,DT13,NE7,64966.0
WEEKENDS/HOLIDAY,DT17,CE1,7823.0
WEEKENDS/HOLIDAY,DT17,DT18,7071.0
WEEKENDS/HOLIDAY,DT18,DT17,6857.0
WEEKENDS/HOLIDAY,DT18,NE4,8594.0
WEEKENDS/HOLIDAY,DT2,DT1,19648.0
WEEKENDS/HOLIDAY,DT2,DT3,21083.0
WEEKENDS/HOLIDAY,DT20,DT21,21787.0
WEEKENDS/HOLIDAY,DT20,NE4,22277.0
WEEKENDS/HOLIDAY,DT21,DT20,22290.0
WEEKENDS/HOLIDAY,DT21,DT22,23195.0
WEEKENDS/HOLIDAY,DT22,DT21,23627.0
WEEKENDS/HOLIDAY,DT22,DT23,24989.0
WEEKENDS/HOLIDAY,DT23,DT22,26063.0
WEEKENDS/HOLIDAY,DT23,DT24,25449.0
WEEKENDS/HOLIDAY,DT24,DT23,26597.0
WEEKENDS/HOLIDAY,DT24,DT25,25780.0
WEEKENDS/HOLIDAY,DT25,CC10,26056.0
WEEKENDS/HOLIDAY,DT25,DT24,26924.0
WEEKENDS/HOLIDAY,DT27,CC10,43892.0
WEEKENDS/HOLIDAY,DT27,DT28,40955.0
WEEKENDS/HOLIDAY,DT28,DT27,42304.0
WEEKENDS/HOLIDAY,DT28,DT29,39140.0
WEEKENDS/HOLIDAY,DT29,DT28,40273.0
WEEKENDS/HOLIDAY,DT29,DT30,38022.0
WEEKENDS/HOLIDAY,DT3,DT2,20108.0
WEEKENDS/HOLIDAY,DT3,DT5,24698.0
WEEKENDS/HOLIDAY,DT30,DT29,38818.0
WEEKENDS/HOLIDAY,DT30,DT31,36301.0
WEEKENDS/HOLIDAY,DT31,DT30,36970.0
WEEKENDS/HOLIDAY,DT31,EW2,35047.0
WEEKENDS/HOLIDAY,DT33,DT34,4465.0
WEEKENDS/HOLIDAY,DT33,EW2,11262.0
WEEKENDS/HOLIDAY,DT34,CG1,4375.0
WEEKENDS/HOLIDAY,DT34,DT33,3956.0
WEEKENDS/HOLIDAY,DT5,DT3,23044.0
WEEKENDS/HOLIDAY,DT5,DT6,28684.0
WEEKENDS/HOLIDAY,DT6,DT5,26766.0
WEEKENDS/HOLIDAY,DT6,DT7,30229.0
WEEKENDS/HOLIDAY,DT7,DT6,28509.0
WEEKENDS/HOLIDAY,DT7,DT8,31158.0
WEEKENDS/HOLIDAY,DT8,CC19,31880.0
WEEKENDS/HOLIDAY,DT8,DT7,29755.0
WEEKENDS/HOLIDAY,EW1,EW2,18855.0
WEEKENDS/HOLIDAY,EW10,EW11,49009.0
WEEKENDS/HOLIDAY,EW10,EW9,47922.0
WEEKENDS/HOLIDAY,EW11,EW10,49023.0
WEEKENDS/HOLIDAY,EW11,EW12,51802.0
WEEKENDS/HOLIDAY,EW12,CC4,19538.0
WEEKENDS/HOLIDAY,EW12,DT13,62458.0
WEEKENDS/HOLIDAY,EW12,EW11,52398.0
WEEKENDS/HOLIDAY,EW12,NS25,14906.0
WEEKENDS/HOLIDAY,EW15,EW16,12234.0
WEEKENDS/HOLIDAY,EW15,NS26,15318.0
WEEKENDS/HOLIDAY,EW16,EW15,13425.0
WEEKENDS/HOLIDAY,EW16,EW17,31416.0
WEEKENDS/HOLIDAY,EW16,NE1,24702.0
WEEKENDS/HOLIDAY,EW16,NE4,46930.0
WEEKENDS/HOLIDAY,EW17,EW16,31491.0
WEEKENDS/HOLIDAY,EW17,EW18,28884.0
WEEKENDS/HOLIDAY,EW18,EW17,29917.0
WEEKENDS/HOLIDAY,EW18,EW19,28172.0
WEEKENDS/HOLIDAY,EW19,EW18,29580.0
WEEKENDS/HOLIDAY,EW19,EW20,28694.0
WEEKENDS/HOLIDAY,EW2,DT31,35980.0
WEEKENDS/HOLIDAY,EW2,DT33,10983.0
WEEKENDS/HOLIDAY,EW2,EW1,17974.0
WEEKENDS/HOLIDAY,EW2,EW3,10524.0
WEEKENDS/HOLIDAY,EW20,EW19,30190.0
WEEKENDS/HOLIDAY,EW20,EW21,31625.0
WEEKENDS/HOLIDAY,EW21,CC21,49210.0
WEEKENDS/HOLIDAY,EW21,CC23,12381.0
WEEKENDS/HOLIDAY,EW21,EW20,32925.0
WEEKENDS/HOLIDAY,EW21,EW22,72977.0
WEEKENDS/HOLIDAY,EW22,EW21,74332.0
WEEKENDS/HOLIDAY,EW22,EW23,72828.0
WEEKENDS/HOLIDAY,EW23,EW22,74666.0
WEEKENDS/HOLIDAY,EW23,NS1,71392.0
WEEKENDS/HOLIDAY,EW25,EW26,57718.0
WEEKENDS/HOLIDAY,EW25,NS1,61943.0
WEEKENDS/HOLIDAY,EW26,EW25,59650.0
WEEKENDS/HOLIDAY,EW26,EW27,45896.0
WEEKENDS/HOLIDAY,EW27,EW26,45457.0
WEEKENDS/HOLIDAY,EW27,EW28,14853.0
WEEKENDS/HOLIDAY,EW28,EW27,17590.0
WEEKENDS/HOLIDAY,EW28,EW29,8644.0
WEEKENDS/HOLIDAY,EW29,EW28,8888.0
WEEKENDS/HOLIDAY,EW29,EW30,3781.0
WEEKENDS/HOLIDAY,EW3,EW2,10215.0
WEEKENDS/HOLIDAY,EW3,EW4,14668.0
WEEKENDS/HOLIDAY,EW30,EW29,4131.0
WEEKENDS/HOLIDAY,EW30,EW31,2893.0
WEEKENDS/HOLIDAY,EW31,EW30,3120.0
WEEKENDS/HOLIDAY,EW31,EW32,1884.0
WEEKENDS/HOLIDAY,EW32,EW31,1978.0
WEEKENDS/HOLIDAY,EW32,EW33,910.0
WEEKENDS/HOLIDAY,EW33,EW32,946.0
WEEKENDS/HOLIDAY,EW4,CG1,6940.0
WEEKENDS/HOLIDAY,EW4,EW3,14273.0
WEEKENDS/HOLIDAY,EW4,EW5,24114.0
WEEKENDS/HOLIDAY,EW5,EW4,22706.0
WEEKENDS/HOLIDAY,EW5,EW6,34295.0
WEEKENDS/HOLIDAY,EW6,EW5,32575.0
WEEKENDS/HOLIDAY,EW6,EW7,36270.0
WEEKENDS/HOLIDAY,EW7,EW6,35363.0
WEEKENDS/HOLIDAY,EW7,EW8,39693.0
WEEKENDS/HOLIDAY,EW8,CC10,46336.0
WEEKENDS/HOLIDAY,EW8,CC8,13984.0
WEEKENDS/HOLIDAY,EW8,EW7,39671.0
WEEKENDS/HOLIDAY,EW8,EW9,47090.0
WEEKENDS/HOLIDAY,EW9,EW10,48219.0
WEEKENDS/HOLIDAY,EW9,EW8,46528.0
WEEKENDS/HOLIDAY,NE1,CC28,8480.0
WEEKENDS/HOLIDAY,NE1,EW16,24428.0
WEEKENDS/HOLIDAY,NE10,NE11,58835.0
WEEKENDS/HOLIDAY,NE10,NE9,62224.0
WEEKENDS/HOLIDAY,NE11,NE10,61656.0
WEEKENDS/HOLIDAY,NE11,NE12,58403.0
WEEKENDS/HOLIDAY,NE12,CC12,30402.0
WEEKENDS/HOLIDAY,NE12,CC14,32224.0
WEEKENDS/HOLIDAY,NE12,NE11,61133.0
WEEKENDS/HOLIDAY,NE12,NE13,68325.0
WEEKENDS/HOLIDAY,NE13,NE12,70950.0
WEEKENDS/HOLIDAY,NE13,NE14,64223.0
WEEKENDS/HOLIDAY,NE14,NE13,66575.0
WEEKENDS/HOLIDAY,NE14,NE15,55061.0
WEEKENDS/HOLIDAY,NE15,NE14,57044.0
WEEKENDS/HOLIDAY,NE15,NE16,49242.0
WEEKENDS/HOLIDAY,NE16,NE15,50889.0
WEEKENDS/HOLIDAY,NE16,NE17,28852.0
WEEKENDS/HOLIDAY,NE16,SE1,5979.0
WEEKENDS/HOLIDAY,NE16,SE5,2719.0
WEEKENDS/HOLIDAY,NE16,SW1,3703.0
WEEKENDS/HOLIDAY,NE16,SW8,6417.0
WEEKENDS/HOLIDAY,NE17,NE16,30447.0
WEEKENDS/HOLIDAY,NE17,PE1,5883.0
WEEKENDS/HOLIDAY,NE17,PE7,6912.0
WEEKENDS/HOLIDAY,NE17,PW1,1473.0
WEEKENDS/HOLIDAY,NE17,PW7,2721.0
WEEKENDS/HOLIDAY,NE4,DT18,8801.0
WEEKENDS/HOLIDAY,NE4,DT20,22082.0
WEEKENDS/HOLIDAY,NE4,EW16,47873.0
WEEKENDS/HOLIDAY,NE4,NE5,42377.0
WEEKENDS/HOLIDAY,NE5,NE4,43351.0
WEEKENDS/HOLIDAY,NE5,NS24,44866.0
WEEKENDS/HOLIDAY,NE7,DT13,67749.0
WEEKENDS/HOLIDAY,NE7,NE8,61693.0
WEEKENDS/HOLIDAY,NE7,NS21,88770.0
WEEKENDS/HOLIDAY,NE7,NS24,96511.0
WEEKENDS/HOLIDAY,NE8,NE7,64186.0
WEEKENDS/HOLIDAY,NE8,NE9,60704.0
WEEKENDS/HOLIDAY,NE9,NE10,59529.0
WEEKENDS/HOLIDAY,NE9,NE8,64792.0
WEEKENDS/HOLIDAY,NS1,EW23,73939.0
WEEKENDS/HOLIDAY,NS1,EW25,60126.0
WEEKENDS/HOLIDAY,NS1,NS2,54321.0
WEEKENDS/HOLIDAY,NS10,NS11,52687.0
WEEKENDS/HOLIDAY,NS10,NS9,47099.0
WEEKENDS/HOLIDAY,NS11,NS10,51139.0
WEEKENDS/HOLIDAY,NS11,NS12,59517.0
WEEKENDS/HOLIDAY,NS12,NS11,57494.0
WEEKENDS/HOLIDAY,NS12,NS13,61642.0
WEEKENDS/HOLIDAY,NS13,NS12,58991.0
WEEKENDS/HOLIDAY,NS13,NS14,66206.0
WEEKENDS/HOLIDAY,NS14,NS13,64624.0
WEEKENDS/HOLIDAY,NS14,NS15,70932.0
WEEKENDS/HOLIDAY,NS15,NS14,67375.0
WEEKENDS/HOLIDAY,NS15,NS16,73135.0
WEEKENDS/HOLIDAY,NS16,NS15,68768.0
WEEKENDS/HOLIDAY,NS16,NS17,81958.0
WEEKENDS/HOLIDAY,NS17,CC14,32653.0
WEEKENDS/HOLIDAY,NS17,CC16,20611.0
WEEKENDS/HOLIDAY,NS17,NS16,79213.0
WEEKENDS/HOLIDAY,NS17,NS18,66946.0
WEEKENDS/HOLIDAY,NS18,NS17,63327.0
WEEKENDS/HOLIDAY,NS18,NS19,69044.0
WEEKENDS/HOLIDAY,NS19,NS18,64836.0
WEEKENDS/HOLIDAY,NS19,NS20,72518.0
WEEKENDS/HOLIDAY,NS2,NS1,55181.0
WEEKENDS/HOLIDAY,NS2,NS3,49798.0
WEEKENDS/HOLIDAY,NS20,NS19,69194.0
WEEKENDS/HOLIDAY,NS20,NS21,69997.0
WEEKENDS/HOLIDAY,NS21,DT10,60925.0
WEEKENDS/HOLIDAY,NS21,NE7,93480.0
WEEKENDS/HOLIDAY,NS21,NS20,66594.0
WEEKENDS/HOLIDAY,NS21,NS22,31033.0
WEEKENDS/HOLIDAY,NS22,NS21,30345.0
WEEKENDS/HOLIDAY,NS22,NS23,27136.0
WEEKENDS/HOLIDAY,NS23,NS22,28608.0
WEEKENDS/HOLIDAY,NS23,NS24,25538.0
WEEKENDS/HOLIDAY,NS24,CC2,5301.0
WEEKENDS/HOLIDAY,NS24,NE5,46022.0
WEEKENDS/HOLIDAY,NS24,NE7,93590.0
WEEKENDS/HOLIDAY,NS24,NS23,28405.0
WEEKENDS/HOLIDAY,NS24,NS25,25043.0
WEEKENDS/HOLIDAY,NS25,EW12,15236.0
WEEKENDS/HOLIDAY,NS25,NS24,24813.0
WEEKENDS/HOLIDAY,NS25,NS26,19732.0
WEEKENDS/HOLIDAY,NS26,EW15,14860.0
WEEKENDS/HOLIDAY,NS26,NS25,20277.0
WEEKENDS/HOLIDAY,NS26,NS27,2584.0
WEEKENDS/HOLIDAY,NS27,CE1,1269.0
WEEKENDS/HOLIDAY,NS27,NS26,2480.0
WEEKENDS/HOLIDAY,NS27,NS28,1946.0
WEEKENDS/HOLIDAY,NS28,NS27,2163.0
WEEKENDS/HOLIDAY,NS3,NS2,51265.0
WEEKENDS/HOLIDAY,NS3,NS4,45363.0
WEEKENDS/HOLIDAY,NS4,BP2,11988.0
WEEKENDS/HOLIDAY,NS4,NS3,46466.0
WEEKENDS/HOLIDAY,NS4,NS5,42320.0
WEEKENDS/HOLIDAY,NS5,NS4,44136.0
WEEKENDS/HOLIDAY,NS5,NS7,35082.0
WEEKENDS/HOLIDAY,NS7,NS5,36340.0
WEEKENDS/HOLIDAY,NS7,NS8,35417.0
WEEKENDS/HOLIDAY,NS8,NS7,36782.0
WEEKENDS/HOLIDAY,NS8,NS9,40346.0
WEEKENDS/HOLIDAY,NS9,NS10,44652.0
WEEKENDS/HOLIDAY,NS9,NS8,39174.0
WEEKENDS/HOLIDAY,NS9,TE1,360.0
WEEKENDS/HOLIDAY,NS9,TE3,1180.0
WEEKENDS/HOLIDAY,PE1,NE17,6269.0
WEEKENDS/HOLIDAY,PE1,PE2,4989.0
WEEKENDS/HOLIDAY,PE2,PE1,5281.0
WEEKENDS/HOLIDAY,PE2,PE3,3417.0
WEEKENDS/HOLIDAY,PE3,PE2,3543.0
WEEKENDS/HOLIDAY,PE3,PE4,1407.0
WEEKENDS/HOLIDAY,PE4,PE3,1472.0
WEEKENDS/HOLIDAY,PE4,PE5,2276.0
WEEKENDS/HOLIDAY,PE5,PE4,2401.0
WEEKENDS/HOLIDAY,PE5,PE6,4345.0
WEEKENDS/HOLIDAY,PE6,PE5,4264.0
WEEKENDS/HOLIDAY,PE6,PE7,6048.0
WEEKENDS/HOLIDAY,PE7,NE17,7332.0
WEEKENDS/HOLIDAY,PE7,PE6,5702.0
WEEKENDS/HOLIDAY,PW1,NE17,1562.0
WEEKENDS/HOLIDAY,PW1,PW3,791.0
WEEKENDS/HOLIDAY,PW3,PW1,854.0
WEEKENDS/HOLIDAY,PW3,PW4,644.0
WEEKENDS/HOLIDAY,PW4,PW3,748.0
WEEKENDS/HOLIDAY,PW4,PW5,222.0
WEEKENDS/HOLIDAY,PW5,PW4,240.0
WEEKENDS/HOLIDAY,PW5,PW6,1423.0
WEEKENDS/HOLIDAY,PW6,PW5,1481.0
WEEKENDS/HOLIDAY,PW6,PW7,2012.0
WEEKENDS/HOLIDAY,PW7,NE17,2554.0
WEEKENDS/HOLIDAY,PW7,PW6,2017.0
WEEKENDS/HOLIDAY,SE1,NE16,6534.0
WEEKENDS/HOLIDAY,SE1,SE2,4384.0
WEEKENDS/HOLIDAY,SE2,SE1,4868.0
WEEKENDS/HOLIDAY,SE2,SE3,2174.0
WEEKENDS/HOLIDAY,SE3,SE2,2413.0
WEEKENDS/HOLIDAY,SE3,SE4,796.0
WEEKENDS/HOLIDAY,SE4,SE3,936.0
WEEKENDS/HOLIDAY,SE4,SE5,1880.0
WEEKENDS/HOLIDAY,SE5,NE16,2805.0
WEEKENDS/HOLIDAY,SE5,SE4,1821.0
WEEKENDS/HOLIDAY,SW1,NE16,3932.0
WEEKENDS/HOLIDAY,SW1,SW2,3345.0
WEEKENDS/HOLIDAY,SW2,SW1,3509.0
WEEKENDS/HOLIDAY,SW2,SW3,2223.0
WEEKENDS/HOLIDAY,SW3,SW2,2208.0
WEEKENDS/HOLIDAY,SW3,SW4,1531.0
WEEKENDS/HOLIDAY,SW4,SW3,1517.0
WEEKENDS/HOLIDAY,SW4,SW5,1117.0
WEEKENDS/HOLIDAY,SW5,SW4,1127.0
WEEKENDS/HOLIDAY,SW5,SW6,4470.0
WEEKENDS/HOLIDAY,SW6,SW5,4181.0
WEEKENDS/HOLIDAY,SW6,SW7,5835.0
WEEKENDS/HOLIDAY,SW7,SW6,5377.0
WEEKENDS/HOLIDAY,SW7,SW8,6671.0
WEEKENDS/HOLIDAY,SW8,NE16,7075.0
WEEKENDS/HOLIDAY,SW8,SW7,6067.0
WEEKENDS/HOLIDAY,TE1,NS9,393.0
WEEKENDS/HOLIDAY,TE3,NS9,1662.0
