DAY_TYPE,PT_CODE,TOTAL_TAP_IN_VOLUME,TOTAL_TAP_OUT_VOLUME
WEEKDAY,BP10,3101.0,3304.0
WEEKDAY,BP11,3294.0,2668.0
WEEKDAY,BP12,2700.0,2028.0
WEEKDAY,BP13,1428.0,927.0
WEEKDAY,BP2,2977.0,2274.0
WEEKDAY,BP3,3798.0,3188.0
WEEKDAY,BP4,2999.0,2856.0
WEEKDAY,BP5,1944.0,1529.0
WEEKDAY,BP6/DT1,28034.0,30270.0
WEEKDAY,BP7,1064.0,1082.0
WEEKDAY,BP8,1989.0,1777.0
WEEKDAY,BP9,2286.0,2162.0
WEEKDAY,CC10/DT26,12224.0,11718.0
WEEKDAY,CC11,12402.0,12574.0
WEEKDAY,CC12,4799.0,4122.0
WEEKDAY,CC14,6104.0,5787.0
WEEKDAY,CC16,7934.0,7824.0
WEEKDAY,CC17,3198.0,3050.0
WEEKDAY,CC19/DT9,4464.0,4855.0
WEEKDAY,CC2,3109.0,3475.0
WEEKDAY,CC20,4053.0,4134.0
WEEKDAY,CC21,5975.0,6378.0
WEEKDAY,CC22/EW21,17707.0,16073.0
WEEKDAY,CC23,7925.0,7730.0
WEEKDAY,CC24,14538.0,14288.0
WEEKDAY,CC25,5148.0,4771.0
WEEKDAY,CC26,3852.0,4085.0
WEEKDAY,CC27,2799.0,2943.0
WEEKDAY,CC28,2879.0,2866.0
WEEKDAY,CC3,3552.0,3218.0
WEEKDAY,CC4/DT15,10365.0,10841.0
WEEKDAY,CC5,3010.0,3108.0
WEEKDAY,CC6,4858.0,4976.0
WEEKDAY,CC7,5275.0,5415.0
WEEKDAY,CC8,6192.0,5509.0
WEEKDAY,CE1/DT16,13585.0,13872.0
WEEKDAY,CG1/DT35,7354.0,7551.0
WEEKDAY,CG2,4954.0,4915.0
WEEKDAY,DT10,3933.0,3135.0
WEEKDAY,DT13,6094.0,6381.0
WEEKDAY,DT17,8853.0,8834.0
WEEKDAY,DT18,8837.0,9468.0
WEEKDAY,DT2,2151.0,1726.0
WEEKDAY,DT20,3210.0,3426.0
WEEKDAY,DT21,4160.0,4047.0
WEEKDAY,DT22,3849.0,4217.0
WEEKDAY,DT23,2611.0,2641.0
WEEKDAY,DT24,3809.0,3770.0
WEEKDAY,DT25,3007.0,3223.0
WEEKDAY,DT27,6007.0,5901.0
WEEKDAY,DT28,7228.0,6879.0
WEEKDAY,DT29,5635.0,5132.0
WEEKDAY,DT3,5559.0,4883.0
WEEKDAY,DT30,5528.0,5356.0
WEEKDAY,DT31,5870.0,6274.0
WEEKDAY,DT33,13421.0,12530.0
WEEKDAY,DT34,3202.0,2938.0
WEEKDAY,DT5,8906.0,9104.0
WEEKDAY,DT6,4483.0,4277.0
WEEKDAY,DT7,2983.0,3202.0
WEEKDAY,DT8,3987.0,3631.0
WEEKDAY,EW1,23232.0,22332.0
WEEKDAY,EW10,7585.0,7716.0
WEEKDAY,EW11,11917.0,12309.0
WEEKDAY,EW12/DT14,29244.0,30159.0
WEEKDAY,EW13/NS25,22588.0,23250.0
WEEKDAY,EW14/NS26,26628.0,25803.0
WEEKDAY,EW15,23539.0,24650.0
WEEKDAY,EW16/NE3,22062.0,21154.0
WEEKDAY,EW17,19326.0,20442.0
WEEKDAY,EW18,13234.0,13944.0
WEEKDAY,EW19,10589.0,10045.0
WEEKDAY,EW2/DT32,38289.0,39486.0
WEEKDAY,EW20,11662.0,11186.0
WEEKDAY,EW22,6448.0,6735.0
WEEKDAY,EW23,33442.0,35056.0
WEEKDAY,EW24/NS1,53777.0,54443.0
WEEKDAY,EW25,7359.0,6914.0
WEEKDAY,EW26,27180.0,24408.0
WEEKDAY,EW27,36601.0,41968.0
WEEKDAY,EW28,24106.0,18533.0
WEEKDAY,EW29,13782.0,14307.0
WEEKDAY,EW3,13411.0,13324.0
WEEKDAY,EW30,3433.0,3045.0
WEEKDAY,EW31,3554.0,3107.0
WEEKDAY,EW32,3411.0,3166.0
WEEKDAY,EW33,2230.0,2172.0
WEEKDAY,EW4,11365.0,10280.0
WEEKDAY,EW5,24678.0,24208.0
WEEKDAY,EW6,7302.0,8836.0
WEEKDAY,EW7,10116.0,11817.0
WEEKDAY,EW8/CC9,30927.0,31697.0
WEEKDAY,EW9,14457.0,14207.0
WEEKDAY,NE1/CC29,23362.0,24135.0
WEEKDAY,NE10,10900.0,11278.0
WEEKDAY,NE11,4901.0,4479.0
WEEKDAY,NE12/CC13,21308.0,19754.0
WEEKDAY,NE13,15808.0,16109.0
WEEKDAY,NE14,23556.0,23149.0
WEEKDAY,NE15,13282.0,12939.0
WEEKDAY,NE16/STC,32103.0,33500.0
WEEKDAY,NE17/PTC,28792.0,27941.0
WEEKDAY,NE4/DT19,31458.0,30980.0
WEEKDAY,NE5,8003.0,8091.0
WEEKDAY,NE7/DT12,15597.0,16421.0
WEEKDAY,NE8,15020.0,17005.0
WEEKDAY,NE9,17223.0,15433.0
WEEKDAY,NS10,40397.0,34993.0
WEEKDAY,NS11,32489.0,32668.0
WEEKDAY,NS12,11391.0,10462.0
WEEKDAY,NS13,41431.0,43650.0
WEEKDAY,NS14,26741.0,24179.0
WEEKDAY,NS15,18894.0,17631.0
WEEKDAY,NS16,38464.0,41351.0
WEEKDAY,NS17/CC15,15898.0,9926.0
WEEKDAY,NS18,11942.0,10890.0
WEEKDAY,NS19,27598.0,29240.0
WEEKDAY,NS2,22157.0,23351.0
WEEKDAY,NS20,27499.0,26999.0
WEEKDAY,NS21/DT11,37806.0,40394.0
WEEKDAY,NS22,31993.0,34172.0
WEEKDAY,NS23,18912.0,20261.0
WEEKDAY,NS24/NE6/CC1,21079.0,19365.0
WEEKDAY,NS27/CE2,2437.0,2341.0
WEEKDAY,NS28,1254.0,1109.0
WEEKDAY,NS3,16078.0,15534.0
WEEKDAY,NS4/BP1,29929.0,32236.0
WEEKDAY,NS5,25392.0,24083.0
WEEKDAY,NS7,4679.0,5008.0
WEEKDAY,NS8,19379.0,15205.0
WEEKDAY,NS9/TE2,31911.0,39285.0
WEEKDAY,PE1,2682.0,2689.0
WEEKDAY,PE2,4338.0,4141.0
WEEKDAY,PE3,4436.0,4510.0
WEEKDAY,PE4,1268.0,1263.0
WEEKDAY,PE5,4406.0,4141.0
WEEKDAY,PE6,5141.0,4928.0
WEEKDAY,PE7,3198.0,3111.0
WEEKDAY,PW1,551.0,567.0
WEEKDAY,PW3,320.0,367.0
WEEKDAY,PW4,1109.0,1081.0
WEEKDAY,PW5,1925.0,1878.0
WEEKDAY,PW6,994.0,929.0
WEEKDAY,PW7,1696.0,1913.0
WEEKDAY,SE1,3510.0,3504.0
WEEKDAY,SE2,4449.0,4121.0
WEEKDAY,SE3,2477.0,2338.0
WEEKDAY,SE4,2754.0,2687.0
WEEKDAY,SE5,2355.0,2390.0
WEEKDAY,SW1,1908.0,1983.0
WEEKDAY,SW2,2850.0,2653.0
WEEKDAY,SW3,2058.0,1961.0
WEEKDAY,SW4,1073.0,1089.0
WEEKDAY,SW5,6054.0,5600.0
WEEKDAY,SW6,3128.0,2982.0
WEEKDAY,SW7,2311.0,2113.0
WEEKDAY,SW8,1795.0,1791.0
WEEKDAY,TE1,1051.0,1059.0
WEEKDAY,TE3,2916.0,2263.0
WEEKENDS/HOLIDAY,BP10,2186.0,2495.0
WEEKENDS/HOLIDAY,BP11,2277.0,1886.0
WEEKENDS/HOLIDAY,BP12,1455.0,1071.0
WEEKENDS/HOLIDAY,BP13,997.0,607.0
WEEKENDS/HOLIDAY,BP2,2240.0,1838.0
WEEKENDS/HOLIDAY,BP3,2973.0,2520.0
WEEKENDS/HOLIDAY,BP4,1289.0,1156.0
WEEKENDS/HOLIDAY,BP5,1466.0,1187.0
WEEKENDS/HOLIDAY,BP6/DT1,23516.0,24375.0
WEEKENDS/HOLIDAY,BP7,524.0,779.0
WEEKENDS/HOLIDAY,BP8,1234.0,1161.0
WEEKENDS/HOLIDAY,BP9,1792.0,1430.0
WEEKENDS/HOLIDAY,CC10/DT26,9056.0,8599.0
WEEKENDS/HOLIDAY,CC11,6008.0,5920.0
WEEKENDS/HOLIDAY,CC12,2846.0,2630.0
WEEKENDS/HOLIDAY,CC14,3688.0,3589.0
WEEKENDS/HOLIDAY,CC16,4938.0,5014.0
WEEKENDS/HOLIDAY,CC17,1623.0,1769.0
WEEKENDS/HOLIDAY,CC19/DT9,5537.0,6112.0
WEEKENDS/HOLIDAY,CC2,1976.0,2162.0
WEEKENDS/HOLIDAY,CC20,3046.0,3073.0
WEEKENDS/HOLIDAY,CC21,5536.0,5656.0
WEEKENDS/HOLIDAY,CC22/EW21,9850.0,9256.0
WEEKENDS/HOLIDAY,CC23,2344.0,2340.0
WEEKENDS/HOLIDAY,CC24,4063.0,4065.0
WEEKENDS/HOLIDAY,CC25,3594.0,3209.0
WEEKENDS/HOLIDAY,CC26,2234.0,2311.0
WEEKENDS/HOLIDAY,CC27,1248.0,1435.0
WEEKENDS/HOLIDAY,CC28,2394.0,2301.0
WEEKENDS/HOLIDAY,CC3,4300.0,3786.0
WEEKENDS/HOLIDAY,CC4/DT15,9299.0,9949.0
WEEKENDS/HOLIDAY,CC5,2908.0,3093.0
WEEKENDS/HOLIDAY,CC6,6040.0,5873.0
WEEKENDS/HOLIDAY,CC7,3918.0,4310.0
WEEKENDS/HOLIDAY,CC8,4276.0,4209.0
WEEKENDS/HOLIDAY,CE1/DT16,18914.0,18845.0
WEEKENDS/HOLIDAY,CG1/DT35,5042.0,5204.0
WEEKENDS/HOLIDAY,CG2,6374.0,6342.0
WEEKENDS/HOLIDAY,DT10,2426.0,1926.0
WEEKENDS/HOLIDAY,DT13,5050.0,5591.0
WEEKENDS/HOLIDAY,DT17,2258.0,2200.0
WEEKENDS/HOLIDAY,DT18,2792.0,3194.0
WEEKENDS/HOLIDAY,DT2,1089.0,917.0
WEEKENDS/HOLIDAY,DT20,2608.0,2928.0
WEEKENDS/HOLIDAY,DT21,2990.0,2918.0
WEEKENDS/HOLIDAY,DT22,4124.0,4735.0
WEEKENDS/HOLIDAY,DT23,1314.0,1347.0
WEEKENDS/HOLIDAY,DT24,2801.0,2770.0
WEEKENDS/HOLIDAY,DT25,2012.0,2074.0
WEEKENDS/HOLIDAY,DT27,3522.0,3433.0
WEEKENDS/HOLIDAY,DT28,4391.0,4161.0
WEEKENDS/HOLIDAY,DT29,4189.0,3847.0
WEEKENDS/HOLIDAY,DT3,5026.0,4384.0
WEEKENDS/HOLIDAY,DT30,4260.0,4081.0
WEEKENDS/HOLIDAY,DT31,4277.0,4540.0
WEEKENDS/HOLIDAY,DT33,9636.0,8779.0
WEEKENDS/HOLIDAY,DT34,2284.0,2167.0
WEEKENDS/HOLIDAY,DT5,9448.0,9122.0
WEEKENDS/HOLIDAY,DT6,3348.0,3533.0
WEEKENDS/HOLIDAY,DT7,2191.0,2474.0
WEEKENDS/HOLIDAY,DT8,1878.0,1860.0
WEEKENDS/HOLIDAY,EW1,19178.0,18275.0
WEEKENDS/HOLIDAY,EW10,8092.0,8395.0
WEEKENDS/HOLIDAY,EW11,9787.0,10357.0
WEEKENDS/HOLIDAY,EW12/DT14,33230.0,34559.0
WEEKENDS/HOLIDAY,EW13/NS25,27322.0,27718.0
WEEKENDS/HOLIDAY,EW14/NS26,8478.0,8258.0
WEEKENDS/HOLIDAY,EW15,11292.0,12005.0
WEEKENDS/HOLIDAY,EW16/NE3,10892.0,10400.0
WEEKENDS/HOLIDAY,EW17,15907.0,16893.0
WEEKENDS/HOLIDAY,EW18,9655.0,10018.0
WEEKENDS/HOLIDAY,EW19,8112.0,8185.0
WEEKENDS/HOLIDAY,EW2/DT32,34138.0,33940.0
WEEKENDS/HOLIDAY,EW20,8740.0,8525.0
WEEKENDS/HOLIDAY,EW22,2912.0,3384.0
WEEKENDS/HOLIDAY,EW23,27123.0,27752.0
WEEKENDS/HOLIDAY,EW24/NS1,49559.0,49605.0
WEEKENDS/HOLIDAY,EW25,5763.0,5866.0
WEEKENDS/HOLIDAY,EW26,21234.0,18843.0
WEEKENDS/HOLIDAY,EW27,34645.0,37763.0
WEEKENDS/HOLIDAY,EW28,11230.0,8711.0
WEEKENDS/HOLIDAY,EW29,5422.0,5483.0
WEEKENDS/HOLIDAY,EW3,11011.0,10878.0
WEEKENDS/HOLIDAY,EW30,1159.0,1017.0
WEEKENDS/HOLIDAY,EW31,1276.0,1121.0
WEEKENDS/HOLIDAY,EW32,1177.0,1101.0
WEEKENDS/HOLIDAY,EW33,1090.0,1066.0
WEEKENDS/HOLIDAY,EW4,8562.0,7898.0
WEEKENDS/HOLIDAY,EW5,22265.0,21844.0
WEEKENDS/HOLIDAY,EW6,6703.0,7554.0
WEEKENDS/HOLIDAY,EW7,9037.0,9938.0
WEEKENDS/HOLIDAY,EW8/CC9,35275.0,36240.0
WEEKENDS/HOLIDAY,EW9,13956.0,14136.0
WEEKENDS/HOLIDAY,NE1/CC29,27821.0,28200.0
WEEKENDS/HOLIDAY,NE10,8525.0,8629.0
WEEKENDS/HOLIDAY,NE11,3174.0,3097.0
WEEKENDS/HOLIDAY,NE12/CC13,19869.0,18433.0
WEEKENDS/HOLIDAY,NE13,15237.0,14952.0
WEEKENDS/HOLIDAY,NE14,19240.0,18915.0
WEEKENDS/HOLIDAY,NE15,10778.0,10511.0
WEEKENDS/HOLIDAY,NE16/STC,27668.0,29237.0
WEEKENDS/HOLIDAY,NE17/PTC,26789.0,26046.0
WEEKENDS/HOLIDAY,NE4/DT19,31760.0,31786.0
WEEKENDS/HOLIDAY,NE5,6254.0,6400.0
WEEKENDS/HOLIDAY,NE7/DT12,17750.0,19257.0
WEEKENDS/HOLIDAY,NE8,19006.0,20623.0
WEEKENDS/HOLIDAY,NE9,13746.0,12365.0
WEEKENDS/HOLIDAY,NS10,30438.0,26304.0
WEEKENDS/HOLIDAY,NS11,26819.0,26306.0
WEEKENDS/HOLIDAY,NS12,9497.0,8834.0
WEEKENDS/HOLIDAY,NS13,35102.0,36074.0
WEEKENDS/HOLIDAY,NS14,20914.0,18890.0
WEEKENDS/HOLIDAY,NS15,10252.0,9382.0
WEEKENDS/HOLIDAY,NS16,32960.0,34604.0
WEEKENDS/HOLIDAY,NS17/CC15,11231.0,7180.0
WEEKENDS/HOLIDAY,NS18,9332.0,8781.0
WEEKENDS/HOLIDAY,NS19,25236.0,26077.0
WEEKENDS/HOLIDAY,NS2,17638.0,18232.0
WEEKENDS/HOLIDAY,NS20,17217.0,17032.0
WEEKENDS/HOLIDAY,NS21/DT11,35630.0,36759.0
WEEKENDS/HOLIDAY,NS22,40110.0,42202.0
WEEKENDS/HOLIDAY,NS23,21454.0,22759.0
WEEKENDS/HOLIDAY,NS24/NE6/CC1,22786.0,21365.0
WEEKENDS/HOLIDAY,NS27/CE2,1068.0,1329.0
WEEKENDS/HOLIDAY,NS28,2372.0,2134.0
WEEKENDS/HOLIDAY,NS3,13381.0,13009.0
WEEKENDS/HOLIDAY,NS4/BP1,23144.0,24497.0
WEEKENDS/HOLIDAY,NS5,18890.0,18293.0
WEEKENDS/HOLIDAY,NS7,3895.0,3983.0
WEEKENDS/HOLIDAY,NS8,14770.0,12166.0
WEEKENDS/HOLIDAY,NS9/TE2,28356.0,32479.0
WEEKENDS/HOLIDAY,PE1,2219.0,2107.0
WEEKENDS/HOLIDAY,PE2,3278.0,3102.0
WEEKENDS/HOLIDAY,PE3,3775.0,3697.0
WEEKENDS/HOLIDAY,PE4,1260.0,1327.0
WEEKENDS/HOLIDAY,PE5,3211.0,2994.0
WEEKENDS/HOLIDAY,PE6,4266.0,3992.0
WEEKENDS/HOLIDAY,PE7,2517.0,2467.0
WEEKENDS/HOLIDAY,PW1,885.0,863.0
WEEKENDS/HOLIDAY,PW3,242.0,284.0
WEEKENDS/HOLIDAY,PW4,1007.0,937.0
WEEKENDS/HOLIDAY,PW5,1559.0,1614.0
WEEKENDS/HOLIDAY,PW6,822.0,747.0
WEEKENDS/HOLIDAY,PW7,1364.0,1524.0
WEEKENDS/HOLIDAY,SE1,2740.0,2692.0
WEEKENDS/HOLIDAY,SE2,3734.0,3511.0
WEEKENDS/HOLIDAY,SE3,2009.0,1915.0
WEEKENDS/HOLIDAY,SE4,2565.0,2390.0
WEEKENDS/HOLIDAY,SE5,1690.0,1670.0
WEEKENDS/HOLIDAY,SW1,1231.0,1173.0
WEEKENDS/HOLIDAY,SW2,2619.0,2397.0
WEEKENDS/HOLIDAY,SW3,1471.0,1457.0
WEEKENDS/HOLIDAY,SW4,891.0,908.0
WEEKENDS/HOLIDAY,SW5,5334.0,5008.0
WEEKENDS/HOLIDAY,SW6,2242.0,2076.0
WEEKENDS/HOLIDAY,SW7,1829.0,1672.0
WEEKENDS/HOLIDAY,SW8,1317.0,1260.0
WEEKENDS/HOLIDAY,TE1,484.0,440.0
WEEKENDS/HOLIDAY,TE3,1794.0,1298.0
