DAY_TYPE,PT_CODE,TOTAL_TAP_IN_VOLUME,TOTAL_TAP_OUT_VOLUME
WEEKDAY,BP10,2878.0,3116.0
WEEKDAY,BP11,3020.0,2480.0
WEEKDAY,BP12,2208.0,1604.0
WEEKDAY,BP13,1280.0,844.0
WEEKDAY,BP2,2780.0,2191.0
WEEKDAY,BP3,3589.0,2995.0
WEEKDAY,BP4,3514.0,3406.0
WEEKDAY,BP5,1776.0,1366.0
WEEKDAY,BP6/DT1,26567.0,28005.0
WEEKDAY,BP7,960.0,1008.0
WEEKDAY,BP8,1821.0,1671.0
WEEKDAY,BP9,1895.0,1773.0
WEEKDAY,CC10/DT26,11399.0,10835.0
WEEKDAY,CC11,11587.0,11672.0
WEEKDAY,CC12,3740.0,3280.0
WEEKDAY,CC14,5266.0,4958.0
WEEKDAY,CC16,6588.0,6524.0
WEEKDAY,CC17,2801.0,2661.0
WEEKDAY,CC19/DT9,3899.0,4223.0
WEEKDAY,CC2,2526.0,2840.0
WEEKDAY,CC20,3333.0,3452.0
WEEKDAY,CC21,5525.0,5883.0
WEEKDAY,CC22/EW21,15569.0,14507.0
WEEKDAY,CC23,7014.0,6814.0
WEEKDAY,CC24,12795.0,12482.0
WEEKDAY,CC25,4753.0,4392.0
WEEKDAY,CC26,3517.0,3694.0
WEEKDAY,CC27,2478.0,2640.0
WEEKDAY,CC28,2756.0,2727.0
WEEKDAY,CC3,3484.0,3104.0
WEEKDAY,CC4/DT15,9400.0,9783.0
WEEKDAY,CC5,2566.0,2650.0
WEEKDAY,CC6,4647.0,4705.0
WEEKDAY,CC7,4719.0,4930.0
WEEKDAY,CC8,4898.0,4567.0
WEEKDAY,CE1/DT16,12453.0,12744.0
WEEKDAY,CG1/DT35,7356.0,7428.0
WEEKDAY,CG2,5868.0,6021.0
WEEKDAY,DT10,2923.0,2371.0
WEEKDAY,DT13,5879.0,6257.0
WEEKDAY,DT17,7525.0,7520.0
WEEKDAY,DT18,8021.0,8597.0
WEEKDAY,DT2,1627.0,1375.0
WEEKDAY,DT20,2927.0,3174.0
WEEKDAY,DT21,3614.0,3379.0
WEEKDAY,DT22,3606.0,3983.0
WEEKDAY,DT23,2327.0,2351.0
WEEKDAY,DT24,3629.0,3537.0
WEEKDAY,DT25,2795.0,2989.0
WEEKDAY,DT27,5392.0,5305.0
WEEKDAY,DT28,6729.0,6383.0
WEEKDAY,DT29,5340.0,4877.0
WEEKDAY,DT3,5082.0,4380.0
WEEKDAY,DT30,5029.0,4838.0
WEEKDAY,DT31,5748.0,6096.0
WEEKDAY,DT33,12308.0,11438.0
WEEKDAY,DT34,3009.0,2724.0
WEEKDAY,DT5,8404.0,8486.0
WEEKDAY,DT6,4168.0,4056.0
WEEKDAY,DT7,2460.0,2824.0
WEEKDAY,DT8,2730.0,2638.0
WEEKDAY,EW1,21989.0,20865.0
WEEKDAY,EW10,7243.0,7352.0
WEEKDAY,EW11,11255.0,11457.0
WEEKDAY,EW12/DT14,28221.0,29849.0
WEEKDAY,EW13/NS25,22000.0,22651.0
WEEKDAY,EW14/NS26,24667.0,23909.0
WEEKDAY,EW15,21749.0,22759.0
WEEKDAY,EW16/NE3,20858.0,20064.0
WEEKDAY,EW17,18859.0,19827.0
WEEKDAY,EW18,12182.0,12847.0
WEEKDAY,EW19,9843.0,9392.0
WEEKDAY,EW2/DT32,36914.0,38004.0
WEEKDAY,EW20,10917.0,10437.0
WEEKDAY,EW22,12921.0,13029.0
WEEKDAY,EW23,31502.0,32593.0
WEEKDAY,EW24/NS1,54690.0,57640.0
WEEKDAY,EW25,6642.0,5806.0
WEEKDAY,EW26,25670.0,22440.0
WEEKDAY,EW27,35540.0,40375.0
WEEKDAY,EW28,23020.0,17442.0
WEEKDAY,EW29,12922.0,13429.0
WEEKDAY,EW3,12683.0,12515.0
WEEKDAY,EW30,3079.0,2763.0
WEEKDAY,EW31,3339.0,2881.0
WEEKDAY,EW32,3125.0,2899.0
WEEKDAY,EW33,1984.0,1872.0
WEEKDAY,EW4,10329.0,9263.0
WEEKDAY,EW5,23871.0,23582.0
WEEKDAY,EW6,6730.0,8027.0
WEEKDAY,EW7,9650.0,11288.0
WEEKDAY,EW8/CC9,29393.0,30026.0
WEEKDAY,EW9,13366.0,13190.0
WEEKDAY,NE1/CC29,22959.0,23706.0
WEEKDAY,NE10,9846.0,10178.0
WEEKDAY,NE11,4213.0,3921.0
WEEKDAY,NE12/CC13,20452.0,18233.0
WEEKDAY,NE13,14597.0,14854.0
WEEKDAY,NE14,22186.0,21806.0
WEEKDAY,NE15,12267.0,11816.0
WEEKDAY,NE16/STC,30067.0,31543.0
WEEKDAY,NE17/PTC,27361.0,26565.0
WEEKDAY,NE4/DT19,30056.0,29708.0
WEEKDAY,NE5,7401.0,7340.0
WEEKDAY,NE7/DT12,15906.0,17304.0
WEEKDAY,NE8,14337.0,16095.0
WEEKDAY,NE9,16392.0,14577.0
WEEKDAY,NS10,38745.0,33427.0
WEEKDAY,NS11,30948.0,30897.0
WEEKDAY,NS12,9251.0,8066.0
WEEKDAY,NS13,40983.0,43213.0
WEEKDAY,NS14,25205.0,22942.0
WEEKDAY,NS15,21266.0,19749.0
WEEKDAY,NS16,37117.0,40096.0
WEEKDAY,NS17/CC15,14692.0,8800.0
WEEKDAY,NS18,10991.0,10162.0
WEEKDAY,NS19,26843.0,28454.0
WEEKDAY,NS2,20933.0,21965.0
WEEKDAY,NS20,25964.0,25337.0
WEEKDAY,NS21/DT11,37171.0,38112.0
WEEKDAY,NS22,34367.0,36906.0
WEEKDAY,NS23,20017.0,21653.0
WEEKDAY,NS24/NE6/CC1,20944.0,19298.0
WEEKDAY,NS27/CE2,2071.0,1985.0
WEEKDAY,NS28,1159.0,1057.0
WEEKDAY,NS3,14997.0,14476.0
WEEKDAY,NS4/BP1,28077.0,30014.0
WEEKDAY,NS5,23922.0,22713.0
WEEKDAY,NS7,4485.0,4774.0
WEEKDAY,NS8,18612.0,14648.0
WEEKDAY,NS9/TE2,32414.0,39756.0
WEEKDAY,PE1,2547.0,2517.0
WEEKDAY,PE2,4011.0,3742.0
WEEKDAY,PE3,4037.0,4101.0
WEEKDAY,PE4,1129.0,1147.0
WEEKDAY,PE5,3915.0,3682.0
WEEKDAY,PE6,4732.0,4530.0
WEEKDAY,PE7,2980.0,2873.0
WEEKDAY,PW1,548.0,567.0
WEEKDAY,PW3,298.0,338.0
WEEKDAY,PW4,757.0,758.0
WEEKDAY,PW5,1680.0,1591.0
WEEKDAY,PW6,971.0,885.0
WEEKDAY,PW7,1570.0,1767.0
WEEKDAY,SE1,2983.0,2951.0
WEEKDAY,SE2,4130.0,3808.0
WEEKDAY,SE3,2287.0,2093.0
WEEKDAY,SE4,2605.0,2497.0
WEEKDAY,SE5,1951.0,1963.0
WEEKDAY,SW1,1760.0,1817.0
WEEKDAY,SW2,2687.0,2445.0
WEEKDAY,SW3,1918.0,1849.0
WEEKDAY,SW4,983.0,993.0
WEEKDAY,SW5,5530.0,5140.0
WEEKDAY,SW6,2564.0,2407.0
WEEKDAY,SW7,2089.0,1853.0
WEEKDAY,SW8,1592.0,1595.0
WEEKDAY,TE1,2149.0,1723.0
WEEKDAY,TE3,2225.0,1722.0
WEEKENDS/HOLIDAY,BP10,1963.0,2311.0
WEEKENDS/HOLIDAY,BP11,1999.0,1682.0
WEEKENDS/HOLIDAY,BP12,1267.0,973.0
WEEKENDS/HOLIDAY,BP13,867.0,549.0
WEEKENDS/HOLIDAY,BP2,1983.0,1673.0
WEEKENDS/HOLIDAY,BP3,2682.0,2261.0
WEEKENDS/HOLIDAY,BP4,1179.0,1074.0
WEEKENDS/HOLIDAY,BP5,1266.0,1000.0
WEEKENDS/HOLIDAY,BP6/DT1,20987.0,21678.0
WEEKENDS/HOLIDAY,BP7,500.0,729.0
WEEKENDS/HOLIDAY,BP8,1104.0,1035.0
WEEKENDS/HOLIDAY,BP9,1550.0,1231.0
WEEKENDS/HOLIDAY,CC10/DT26,7991.0,7504.0
WEEKENDS/HOLIDAY,CC11,5021.0,4914.0
WEEKENDS/HOLIDAY,CC12,2403.0,2264.0
WEEKENDS/HOLIDAY,CC14,3084.0,3012.0
WEEKENDS/HOLIDAY,CC16,4228.0,4419.0
WEEKENDS/HOLIDAY,CC17,1508.0,1623.0
WEEKENDS/HOLIDAY,CC19/DT9,4690.0,5276.0
WEEKENDS/HOLIDAY,CC2,1859.0,2058.0
WEEKENDS/HOLIDAY,CC20,2594.0,2645.0
WEEKENDS/HOLIDAY,CC21,5035.0,5114.0
WEEKENDS/HOLIDAY,CC22/EW21,8549.0,8184.0
WEEKENDS/HOLIDAY,CC23,1889.0,1928.0
WEEKENDS/HOLIDAY,CC24,3517.0,3533.0
WEEKENDS/HOLIDAY,CC25,3241.0,2914.0
WEEKENDS/HOLIDAY,CC26,1996.0,2087.0
WEEKENDS/HOLIDAY,CC27,1251.0,1449.0
WEEKENDS/HOLIDAY,CC28,2248.0,2191.0
WEEKENDS/HOLIDAY,CC3,4123.0,3480.0
WEEKENDS/HOLIDAY,CC4/DT15,8225.0,8640.0
WEEKENDS/HOLIDAY,CC5,2545.0,2626.0
WEEKENDS/HOLIDAY,CC6,5793.0,5602.0
WEEKENDS/HOLIDAY,CC7,3587.0,3945.0
WEEKENDS/HOLIDAY,CC8,4041.0,3928.0
WEEKENDS/HOLIDAY,CE1/DT16,16853.0,16602.0
WEEKENDS/HOLIDAY,CG1/DT35,5392.0,5563.0
WEEKENDS/HOLIDAY,CG2,8242.0,8607.0
WEEKENDS/HOLIDAY,DT10,2068.0,1648.0
WEEKENDS/HOLIDAY,DT13,4689.0,5105.0
WEEKENDS/HOLIDAY,DT17,2025.0,1973.0
WEEKENDS/HOLIDAY,DT18,2568.0,2851.0
WEEKENDS/HOLIDAY,DT2,941.0,816.0
WEEKENDS/HOLIDAY,DT20,2391.0,2672.0
WEEKENDS/HOLIDAY,DT21,2936.0,2799.0
WEEKENDS/HOLIDAY,DT22,3618.0,4095.0
WEEKENDS/HOLIDAY,DT23,1038.0,1050.0
WEEKENDS/HOLIDAY,DT24,2620.0,2582.0
WEEKENDS/HOLIDAY,DT25,1709.0,1769.0
WEEKENDS/HOLIDAY,DT27,3038.0,2987.0
WEEKENDS/HOLIDAY,DT28,3822.0,3619.0
WEEKENDS/HOLIDAY,DT29,3818.0,3545.0
WEEKENDS/HOLIDAY,DT3,4400.0,3741.0
WEEKENDS/HOLIDAY,DT30,3890.0,3744.0
WEEKENDS/HOLIDAY,DT31,3910.0,4142.0
WEEKENDS/HOLIDAY,DT33,8886.0,8233.0
WEEKENDS/HOLIDAY,DT34,2153.0,2024.0
WEEKENDS/HOLIDAY,DT5,8158.0,7913.0
WEEKENDS/HOLIDAY,DT6,2693.0,2727.0
WEEKENDS/HOLIDAY,DT7,1813.0,2068.0
WEEKENDS/HOLIDAY,DT8,1594.0,1607.0
WEEKENDS/HOLIDAY,EW1,17796.0,16916.0
WEEKENDS/HOLIDAY,EW10,7673.0,7869.0
WEEKENDS/HOLIDAY,EW11,8534.0,8871.0
WEEKENDS/HOLIDAY,EW12/DT14,31594.0,33579.0
WEEKENDS/HOLIDAY,EW13/NS25,26757.0,27016.0
WEEKENDS/HOLIDAY,EW14/NS26,7593.0,7352.0
WEEKENDS/HOLIDAY,EW15,10182.0,10638.0
WEEKENDS/HOLIDAY,EW16/NE3,10015.0,9568.0
WEEKENDS/HOLIDAY,EW17,15091.0,16091.0
WEEKENDS/HOLIDAY,EW18,8695.0,9042.0
WEEKENDS/HOLIDAY,EW19,7260.0,7392.0
WEEKENDS/HOLIDAY,EW2/DT32,32150.0,32106.0
WEEKENDS/HOLIDAY,EW20,7876.0,7637.0
WEEKENDS/HOLIDAY,EW22,2606.0,3013.0
WEEKENDS/HOLIDAY,EW23,24312.0,24389.0
WEEKENDS/HOLIDAY,EW24/NS1,47965.0,49808.0
WEEKENDS/HOLIDAY,EW25,4852.0,4741.0
WEEKENDS/HOLIDAY,EW26,19529.0,17008.0
WEEKENDS/HOLIDAY,EW27,28007.0,31061.0
WEEKENDS/HOLIDAY,EW28,15479.0,12175.0
WEEKENDS/HOLIDAY,EW29,6912.0,7188.0
WEEKENDS/HOLIDAY,EW3,10147.0,10102.0
WEEKENDS/HOLIDAY,EW30,1274.0,1112.0
WEEKENDS/HOLIDAY,EW31,1468.0,1235.0
WEEKENDS/HOLIDAY,EW32,1280.0,1216.0
WEEKENDS/HOLIDAY,EW33,1240.0,1211.0
WEEKENDS/HOLIDAY,EW4,7738.0,7067.0
WEEKENDS/HOLIDAY,EW5,21358.0,21040.0
WEEKENDS/HOLIDAY,EW6,5930.0,6656.0
WEEKENDS/HOLIDAY,EW7,8407.0,9341.0
WEEKENDS/HOLIDAY,EW8/CC9,33223.0,33867.0
WEEKENDS/HOLIDAY,EW9,11940.0,12039.0
WEEKENDS/HOLIDAY,NE1/CC29,28920.0,29003.0
WEEKENDS/HOLIDAY,NE10,7721.0,7804.0
WEEKENDS/HOLIDAY,NE11,2630.0,2535.0
WEEKENDS/HOLIDAY,NE12/CC13,18530.0,16661.0
WEEKENDS/HOLIDAY,NE13,13940.0,13768.0
WEEKENDS/HOLIDAY,NE14,18389.0,17941.0
WEEKENDS/HOLIDAY,NE15,10054.0,9687.0
WEEKENDS/HOLIDAY,NE16/STC,25601.0,26620.0
WEEKENDS/HOLIDAY,NE17/PTC,25442.0,24374.0
WEEKENDS/HOLIDAY,NE4/DT19,29834.0,29936.0
WEEKENDS/HOLIDAY,NE5,5647.0,5773.0
WEEKENDS/HOLIDAY,NE7/DT12,16724.0,18359.0
WEEKENDS/HOLIDAY,NE8,16594.0,17899.0
WEEKENDS/HOLIDAY,NE9,13102.0,11701.0
WEEKENDS/HOLIDAY,NS10,28215.0,24477.0
WEEKENDS/HOLIDAY,NS11,24794.0,24377.0
WEEKENDS/HOLIDAY,NS12,7114.0,6264.0
WEEKENDS/HOLIDAY,NS13,33201.0,34252.0
WEEKENDS/HOLIDAY,NS14,19085.0,17197.0
WEEKENDS/HOLIDAY,NS15,9184.0,8434.0
WEEKENDS/HOLIDAY,NS16,30989.0,32774.0
WEEKENDS/HOLIDAY,NS17/CC15,10086.0,6325.0
WEEKENDS/HOLIDAY,NS18,8854.0,8315.0
WEEKENDS/HOLIDAY,NS19,24196.0,25166.0
WEEKENDS/HOLIDAY,NS2,15875.0,16355.0
WEEKENDS/HOLIDAY,NS20,15473.0,15204.0
WEEKENDS/HOLIDAY,NS21/DT11,32559.0,33523.0
WEEKENDS/HOLIDAY,NS22,42952.0,44541.0
WEEKENDS/HOLIDAY,NS23,22551.0,23823.0
WEEKENDS/HOLIDAY,NS24/NE6/CC1,23598.0,22187.0
WEEKENDS/HOLIDAY,NS27/CE2,945.0,1262.0
WEEKENDS/HOLIDAY,NS28,2249.0,1951.0
WEEKENDS/HOLIDAY,NS3,12232.0,11919.0
WEEKENDS/HOLIDAY,NS4/BP1,21414.0,22487.0
WEEKENDS/HOLIDAY,NS5,17553.0,17035.0
WEEKENDS/HOLIDAY,NS7,3586.0,3632.0
WEEKENDS/HOLIDAY,NS8,13760.0,11533.0
WEEKENDS/HOLIDAY,NS9/TE2,27225.0,30988.0
WEEKENDS/HOLIDAY,PE1,2139.0,2095.0
WEEKENDS/HOLIDAY,PE2,3182.0,3052.0
WEEKENDS/HOLIDAY,PE3,3382.0,3396.0
WEEKENDS/HOLIDAY,PE4,1128.0,1169.0
WEEKENDS/HOLIDAY,PE5,3031.0,2820.0
WEEKENDS/HOLIDAY,PE6,4106.0,3859.0
WEEKENDS/HOLIDAY,PE7,2533.0,2371.0
WEEKENDS/HOLIDAY,PW1,787.0,748.0
WEEKENDS/HOLIDAY,PW3,210.0,260.0
WEEKENDS/HOLIDAY,PW4,726.0,685.0
WEEKENDS/HOLIDAY,PW5,1296.0,1243.0
WEEKENDS/HOLIDAY,PW6,801.0,747.0
WEEKENDS/HOLIDAY,PW7,1307.0,1472.0
WEEKENDS/HOLIDAY,SE1,2493.0,2446.0
WEEKENDS/HOLIDAY,SE2,3443.0,3209.0
WEEKENDS/HOLIDAY,SE3,1806.0,1742.0
WEEKENDS/HOLIDAY,SE4,2372.0,2234.0
WEEKENDS/HOLIDAY,SE5,1617.0,1575.0
WEEKENDS/HOLIDAY,SW1,1159.0,1108.0
WEEKENDS/HOLIDAY,SW2,2415.0,2206.0
WEEKENDS/HOLIDAY,SW3,1415.0,1370.0
WEEKENDS/HOLIDAY,SW4,772.0,786.0
WEEKENDS/HOLIDAY,SW5,4928.0,4609.0
WEEKENDS/HOLIDAY,SW6,2040.0,1945.0
WEEKENDS/HOLIDAY,SW7,1680.0,1549.0
WEEKENDS/HOLIDAY,SW8,1208.0,1159.0
WEEKENDS/HOLIDAY,TE1,389.0,355.0
WEEKENDS/HOLIDAY,TE3,1515.0,1096.0
