DAY_TYPE,PT_CODE,TOTAL_TAP_IN_VOLUME,TOTAL_TAP_OUT_VOLUME
WEEKDAY,BP10,2683.0,2899.0
WEEKDAY,BP11,2855.0,2390.0
WEEKDAY,BP12,2389.0,1934.0
WEEKDAY,BP13,1246.0,862.0
WEEKDAY,BP2,2610.0,2081.0
WEEKDAY,BP3,3310.0,2844.0
WEEKDAY,BP4,3300.0,3177.0
WEEKDAY,BP5,1824.0,1370.0
WEEKDAY,BP6/DT1,23350.0,25078.0
WEEKDAY,BP7,994.0,1013.0
WEEKDAY,BP8,1780.0,1595.0
WEEKDAY,BP9,2119.0,2057.0
WEEKDAY,CC10/DT26,9841.0,9329.0
WEEKDAY,CC11,9485.0,9632.0
WEEKDAY,CC12,4154.0,3478.0
WEEKDAY,CC14,4852.0,4614.0
WEEKDAY,CC16,6796.0,6492.0
WEEKDAY,CC17,2560.0,2424.0
WEEKDAY,CC19/DT9,3346.0,3648.0
WEEKDAY,CC2,1587.0,1689.0
WEEKDAY,CC20,3320.0,3337.0
WEEKDAY,CC21,5122.0,5475.0
WEEKDAY,CC22/EW21,13179.0,11775.0
WEEKDAY,CC23,5091.0,5030.0
WEEKDAY,CC24,11158.0,10795.0
WEEKDAY,CC25,4090.0,3841.0
WEEKDAY,CC26,2963.0,3151.0
WEEKDAY,CC27,1867.0,2000.0
WEEKDAY,CC28,2365.0,2313.0
WEEKDAY,CC3,2717.0,2477.0
WEEKDAY,CC4/DT15,6805.0,7051.0
WEEKDAY,CC5,1986.0,2064.0
WEEKDAY,CC6,3450.0,3531.0
WEEKDAY,CC7,4520.0,4509.0
WEEKDAY,CC8,5602.0,4771.0
WEEKDAY,CE1/DT16,9718.0,10085.0
WEEKDAY,CG1/DT35,6286.0,6240.0
WEEKDAY,CG2,4567.0,4558.0
WEEKDAY,DT10,3168.0,2392.0
WEEKDAY,DT13,4274.0,4587.0
WEEKDAY,DT17,5354.0,5334.0
WEEKDAY,DT18,6232.0,6712.0
WEEKDAY,DT2,1744.0,1323.0
WEEKDAY,DT20,2377.0,2565.0
WEEKDAY,DT21,2775.0,2562.0
WEEKDAY,DT22,3129.0,3349.0
WEEKDAY,DT23,1906.0,1864.0
WEEKDAY,DT24,3271.0,3220.0
WEEKDAY,DT25,2570.0,2696.0
WEEKDAY,DT27,4953.0,4841.0
WEEKDAY,DT28,5856.0,5651.0
WEEKDAY,DT29,4672.0,4297.0
WEEKDAY,DT3,4279.0,3748.0
WEEKDAY,DT30,4363.0,4367.0
WEEKDAY,DT31,4808.0,5237.0
WEEKDAY,DT33,10793.0,10300.0
WEEKDAY,DT34,2229.0,2078.0
WEEKDAY,DT5,6764.0,7070.0
WEEKDAY,DT6,3431.0,3203.0
WEEKDAY,DT7,2330.0,2382.0
WEEKDAY,DT8,3456.0,3105.0
WEEKDAY,EW1,19502.0,19012.0
WEEKDAY,EW10,6447.0,6586.0
WEEKDAY,EW11,10439.0,10368.0
WEEKDAY,EW12/DT14,22961.0,24318.0
WEEKDAY,EW13/NS25,17346.0,17870.0
WEEKDAY,EW14/NS26,19249.0,18717.0
WEEKDAY,EW15,17161.0,18065.0
WEEKDAY,EW16/NE3,18622.0,17958.0
WEEKDAY,EW17,16890.0,17646.0
WEEKDAY,EW18,10608.0,11043.0
WEEKDAY,EW19,8512.0,8181.0
WEEKDAY,EW2/DT32,32435.0,33629.0
WEEKDAY,EW20,9646.0,9205.0
WEEKDAY,EW22,8426.0,8271.0
WEEKDAY,EW23,27888.0,28415.0
WEEKDAY,EW24/NS1,46481.0,48662.0
WEEKDAY,EW25,5727.0,5025.0
WEEKDAY,EW26,22801.0,20319.0
WEEKDAY,EW27,31141.0,35288.0
WEEKDAY,EW28,20335.0,15796.0
WEEKDAY,EW29,11073.0,11648.0
WEEKDAY,EW3,11332.0,11353.0
WEEKDAY,EW30,2633.0,2311.0
WEEKDAY,EW31,2794.0,2404.0
WEEKDAY,EW32,2617.0,2439.0
WEEKDAY,EW33,1587.0,1497.0
WEEKDAY,EW4,9699.0,8578.0
WEEKDAY,EW5,20941.0,20628.0
WEEKDAY,EW6,5817.0,6990.0
WEEKDAY,EW7,8574.0,10073.0
WEEKDAY,EW8/CC9,25367.0,25748.0
WEEKDAY,EW9,12215.0,11817.0
WEEKDAY,NE1/CC29,17906.0,18453.0
WEEKDAY,NE10,9209.0,9387.0
WEEKDAY,NE11,3607.0,3303.0
WEEKDAY,NE12/CC13,16965.0,15492.0
WEEKDAY,NE13,13299.0,13624.0
WEEKDAY,NE14,20463.0,20093.0
WEEKDAY,NE15,9990.0,10010.0
WEEKDAY,NE16/STC,26798.0,28044.0
WEEKDAY,NE17/PTC,24105.0,23551.0
WEEKDAY,NE4/DT19,25166.0,24908.0
WEEKDAY,NE5,6222.0,6178.0
WEEKDAY,NE7/DT12,12392.0,12992.0
WEEKDAY,NE8,11810.0,13431.0
WEEKDAY,NE9,14634.0,13028.0
WEEKDAY,NS10,35084.0,30654.0
WEEKDAY,NS11,28197.0,28519.0
WEEKDAY,NS12,7876.0,6965.0
WEEKDAY,NS13,36202.0,38226.0
WEEKDAY,NS14,22937.0,20937.0
WEEKDAY,NS15,18090.0,16942.0
WEEKDAY,NS16,33483.0,36065.0
WEEKDAY,NS17/CC15,13460.0,8301.0
WEEKDAY,NS18,10263.0,9278.0
WEEKDAY,NS19,23901.0,25384.0
WEEKDAY,NS2,18582.0,19568.0
WEEKDAY,NS20,22909.0,22457.0
WEEKDAY,NS21/DT11,29894.0,30732.0
WEEKDAY,NS22,27829.0,29712.0
WEEKDAY,NS23,15380.0,16714.0
WEEKDAY,NS24/NE6/CC1,16949.0,15473.0
WEEKDAY,NS27/CE2,1455.0,1385.0
WEEKDAY,NS28,797.0,707.0
WEEKDAY,NS3,13537.0,13100.0
WEEKDAY,NS4/BP1,25931.0,27859.0
WEEKDAY,NS5,21833.0,20989.0
WEEKDAY,NS7,3657.0,3972.0
WEEKDAY,NS8,16732.0,13424.0
WEEKDAY,NS9/TE2,27970.0,34653.0
WEEKDAY,PE1,2315.0,2339.0
WEEKDAY,PE2,3759.0,3637.0
WEEKDAY,PE3,3655.0,3739.0
WEEKDAY,PE4,1074.0,1069.0
WEEKDAY,PE5,3740.0,3646.0
WEEKDAY,PE6,4259.0,4140.0
WEEKDAY,PE7,2731.0,2666.0
WEEKDAY,PW1,399.0,423.0
WEEKDAY,PW3,193.0,222.0
WEEKDAY,PW4,428.0,452.0
WEEKDAY,PW5,1635.0,1568.0
WEEKDAY,PW6,877.0,826.0
WEEKDAY,PW7,1448.0,1666.0
WEEKDAY,SE1,3104.0,3068.0
WEEKDAY,SE2,3793.0,3554.0
WEEKDAY,SE3,2067.0,1992.0
WEEKDAY,SE4,2359.0,2289.0
WEEKDAY,SE5,2103.0,2171.0
WEEKDAY,SW1,1447.0,1601.0
WEEKDAY,SW2,2323.0,2182.0
WEEKDAY,SW3,1827.0,1775.0
WEEKDAY,SW4,843.0,892.0
WEEKDAY,SW5,5104.0,4673.0
WEEKDAY,SW6,2602.0,2521.0
WEEKDAY,SW7,1914.0,1767.0
WEEKDAY,SW8,1540.0,1542.0
WEEKDAY,TE1,1025.0,931.0
WEEKDAY,TE3,2366.0,1764.0
WEEKENDS/HOLIDAY,BP10,2026.0,1945.0
WEEKENDS/HOLIDAY,BP11,2122.0,1456.0
WEEKENDS/HOLIDAY,BP12,1364.0,902.0
WEEKENDS/HOLIDAY,BP13,934.0,486.0
WEEKENDS/HOLIDAY,BP2,2112.0,1417.0
WEEKENDS/HOLIDAY,BP3,2783.0,1906.0
WEEKENDS/HOLIDAY,BP4,1257.0,926.0
WEEKENDS/HOLIDAY,BP5,1435.0,899.0
WEEKENDS/HOLIDAY,BP6/DT1,16620.0,17037.0
WEEKENDS/HOLIDAY,BP7,566.0,649.0
WEEKENDS/HOLIDAY,BP8,1204.0,922.0
WEEKENDS/HOLIDAY,BP9,1707.0,1092.0
WEEKENDS/HOLIDAY,CC10/DT26,7583.0,5856.0
WEEKENDS/HOLIDAY,CC11,4822.0,3912.0
WEEKENDS/HOLIDAY,CC12,2156.0,1689.0
WEEKENDS/HOLIDAY,CC14,3030.0,2452.0
WEEKENDS/HOLIDAY,CC16,3966.0,3450.0
WEEKENDS/HOLIDAY,CC17,1557.0,1416.0
WEEKENDS/HOLIDAY,CC19/DT9,4731.0,4333.0
WEEKENDS/HOLIDAY,CC2,1360.0,1160.0
WEEKENDS/HOLIDAY,CC20,2431.0,2030.0
WEEKENDS/HOLIDAY,CC21,5425.0,4514.0
WEEKENDS/HOLIDAY,CC22/EW21,9053.0,7248.0
WEEKENDS/HOLIDAY,CC23,1834.0,1550.0
WEEKENDS/HOLIDAY,CC24,3670.0,3020.0
WEEKENDS/HOLIDAY,CC25,3260.0,2437.0
WEEKENDS/HOLIDAY,CC26,1940.0,1683.0
WEEKENDS/HOLIDAY,CC27,1111.0,1120.0
WEEKENDS/HOLIDAY,CC28,2236.0,1790.0
WEEKENDS/HOLIDAY,CC3,3935.0,2837.0
WEEKENDS/HOLIDAY,CC4/DT15,7168.0,6367.0
WEEKENDS/HOLIDAY,CC5,2244.0,1976.0
WEEKENDS/HOLIDAY,CC6,5468.0,4332.0
WEEKENDS/HOLIDAY,CC7,3563.0,3232.0
WEEKENDS/HOLIDAY,CC8,3939.0,3170.0
WEEKENDS/HOLIDAY,CE1/DT16,15015.0,12612.0
WEEKENDS/HOLIDAY,CG1/DT35,5499.0,4608.0
WEEKENDS/HOLIDAY,CG2,6866.0,5834.0
WEEKENDS/HOLIDAY,DT1/PB6,3640.0,0.0
WEEKENDS/HOLIDAY,DT10,1857.0,1200.0
WEEKENDS/HOLIDAY,DT13,4383.0,3987.0
WEEKENDS/HOLIDAY,DT17,2097.0,1691.0
WEEKENDS/HOLIDAY,DT18,2574.0,2336.0
WEEKENDS/HOLIDAY,DT2,858.0,623.0
WEEKENDS/HOLIDAY,DT20,2303.0,2165.0
WEEKENDS/HOLIDAY,DT21,2604.0,1998.0
WEEKENDS/HOLIDAY,DT22,3318.0,3083.0
WEEKENDS/HOLIDAY,DT23,1007.0,838.0
WEEKENDS/HOLIDAY,DT24,2666.0,2186.0
WEEKENDS/HOLIDAY,DT25,1724.0,1456.0
WEEKENDS/HOLIDAY,DT27,2922.0,2332.0
WEEKENDS/HOLIDAY,DT28,3778.0,2942.0
WEEKENDS/HOLIDAY,DT29,3728.0,2807.0
WEEKENDS/HOLIDAY,DT3,4029.0,2777.0
WEEKENDS/HOLIDAY,DT30,3748.0,2987.0
WEEKENDS/HOLIDAY,DT31,3854.0,3370.0
WEEKENDS/HOLIDAY,DT33,8851.0,6738.0
WEEKENDS/HOLIDAY,DT34,1848.0,1400.0
WEEKENDS/HOLIDAY,DT5,7634.0,6216.0
WEEKENDS/HOLIDAY,DT6,2495.0,1992.0
WEEKENDS/HOLIDAY,DT7,1603.0,1507.0
WEEKENDS/HOLIDAY,DT8,1384.0,1123.0
WEEKENDS/HOLIDAY,EW1,17880.0,13754.0
WEEKENDS/HOLIDAY,EW10,6910.0,5852.0
WEEKENDS/HOLIDAY,EW11,8805.0,7305.0
WEEKENDS/HOLIDAY,EW12/DT14,30615.0,27040.0
WEEKENDS/HOLIDAY,EW13/NS25,24517.0,20673.0
WEEKENDS/HOLIDAY,EW14/NS26,8112.0,6448.0
WEEKENDS/HOLIDAY,EW15,10589.0,9126.0
WEEKENDS/HOLIDAY,EW16/NE3,10578.0,8446.0
WEEKENDS/HOLIDAY,EW17,15561.0,13415.0
WEEKENDS/HOLIDAY,EW18,8304.0,6986.0
WEEKENDS/HOLIDAY,EW19,7020.0,5851.0
WEEKENDS/HOLIDAY,EW2/DT32,31849.0,26152.0
WEEKENDS/HOLIDAY,EW20,7800.0,6181.0
WEEKENDS/HOLIDAY,EW22,2484.0,2258.0
WEEKENDS/HOLIDAY,EW23,23708.0,19605.0
WEEKENDS/HOLIDAY,EW24/NS1,47567.0,40717.0
WEEKENDS/HOLIDAY,EW25,4795.0,3870.0
WEEKENDS/HOLIDAY,EW26,19519.0,14142.0
WEEKENDS/HOLIDAY,EW27,27325.0,24839.0
WEEKENDS/HOLIDAY,EW28,15136.0,9821.0
WEEKENDS/HOLIDAY,EW29,6372.0,5558.0
WEEKENDS/HOLIDAY,EW3,10111.0,8191.0
WEEKENDS/HOLIDAY,EW30,1147.0,854.0
WEEKENDS/HOLIDAY,EW31,1361.0,947.0
WEEKENDS/HOLIDAY,EW32,1220.0,887.0
WEEKENDS/HOLIDAY,EW33,1042.0,824.0
WEEKENDS/HOLIDAY,EW4,7535.0,5652.0
WEEKENDS/HOLIDAY,EW5,20992.0,16936.0
WEEKENDS/HOLIDAY,EW6,5840.0,5446.0
WEEKENDS/HOLIDAY,EW7,8272.0,7563.0
WEEKENDS/HOLIDAY,EW8/CC9,29705.0,25300.0
WEEKENDS/HOLIDAY,EW9,11076.0,9169.0
WEEKENDS/HOLIDAY,NE1/CC29,27098.0,22644.0
WEEKENDS/HOLIDAY,NE10,7501.0,6235.0
WEEKENDS/HOLIDAY,NE11,2290.0,1815.0
WEEKENDS/HOLIDAY,NE12/CC13,16685.0,12901.0
WEEKENDS/HOLIDAY,NE13,13889.0,11261.0
WEEKENDS/HOLIDAY,NE14,19092.0,15106.0
WEEKENDS/HOLIDAY,NE15,9460.0,7547.0
WEEKENDS/HOLIDAY,NE16/STC,25914.0,22030.0
WEEKENDS/HOLIDAY,NE17/PTC,25390.0,20203.0
WEEKENDS/HOLIDAY,NE4/DT19,28330.0,23555.0
WEEKENDS/HOLIDAY,NE5,5808.0,5011.0
WEEKENDS/HOLIDAY,NE7/DT12,14036.0,12637.0
WEEKENDS/HOLIDAY,NE8,14990.0,13604.0
WEEKENDS/HOLIDAY,NE9,13220.0,9677.0
WEEKENDS/HOLIDAY,NS10,28334.0,20296.0
WEEKENDS/HOLIDAY,NS11,24927.0,20057.0
WEEKENDS/HOLIDAY,NS12,6563.0,4800.0
WEEKENDS/HOLIDAY,NS13,32774.0,27874.0
WEEKENDS/HOLIDAY,NS14,18933.0,14099.0
WEEKENDS/HOLIDAY,NS15,8985.0,6841.0
WEEKENDS/HOLIDAY,NS16,30988.0,27110.0
WEEKENDS/HOLIDAY,NS17/CC15,10082.0,5278.0
WEEKENDS/HOLIDAY,NS18,9045.0,6899.0
WEEKENDS/HOLIDAY,NS19,23431.0,19928.0
WEEKENDS/HOLIDAY,NS2,15686.0,13368.0
WEEKENDS/HOLIDAY,NS20,16004.0,12908.0
WEEKENDS/HOLIDAY,NS21/DT11,27917.0,23364.0
WEEKENDS/HOLIDAY,NS22,38897.0,33558.0
WEEKENDS/HOLIDAY,NS23,20784.0,18342.0
WEEKENDS/HOLIDAY,NS24/NE6/CC1,21643.0,16756.0
WEEKENDS/HOLIDAY,NS27/CE2,949.0,1043.0
WEEKENDS/HOLIDAY,NS28,1736.0,1310.0
WEEKENDS/HOLIDAY,NS3,12198.0,9714.0
WEEKENDS/HOLIDAY,NS4/BP1,21404.0,18413.0
WEEKENDS/HOLIDAY,NS5,17802.0,14134.0
WEEKENDS/HOLIDAY,NS7,3587.0,3054.0
WEEKENDS/HOLIDAY,NS8,13815.0,9481.0
WEEKENDS/HOLIDAY,NS9/TE2,27078.0,25428.0
WEEKENDS/HOLIDAY,PE1,2158.0,1655.0
WEEKENDS/HOLIDAY,PE2,3151.0,2468.0
WEEKENDS/HOLIDAY,PE3,3352.0,2713.0
WEEKENDS/HOLIDAY,PE4,1191.0,1017.0
WEEKENDS/HOLIDAY,PE5,2949.0,2273.0
WEEKENDS/HOLIDAY,PE6,4153.0,3223.0
WEEKENDS/HOLIDAY,PE7,2411.0,1880.0
WEEKENDS/HOLIDAY,PW1,751.0,584.0
WEEKENDS/HOLIDAY,PW3,119.0,155.0
WEEKENDS/HOLIDAY,PW4,416.0,335.0
WEEKENDS/HOLIDAY,PW5,1189.0,930.0
WEEKENDS/HOLIDAY,PW6,745.0,559.0
WEEKENDS/HOLIDAY,PW7,1234.0,1141.0
WEEKENDS/HOLIDAY,SE1,2555.0,2051.0
WEEKENDS/HOLIDAY,SE2,3468.0,2656.0
WEEKENDS/HOLIDAY,SE3,1794.0,1394.0
WEEKENDS/HOLIDAY,SE4,2431.0,1868.0
WEEKENDS/HOLIDAY,SE5,1560.0,1261.0
WEEKENDS/HOLIDAY,SW1,1087.0,944.0
WEEKENDS/HOLIDAY,SW2,2214.0,1668.0
WEEKENDS/HOLIDAY,SW3,1443.0,1152.0
WEEKENDS/HOLIDAY,SW4,760.0,633.0
WEEKENDS/HOLIDAY,SW5,4839.0,3796.0
WEEKENDS/HOLIDAY,SW6,2002.0,1483.0
WEEKENDS/HOLIDAY,SW7,1715.0,1277.0
WEEKENDS/HOLIDAY,SW8,1201.0,923.0
WEEKENDS/HOLIDAY,TE1,308.0,253.0
WEEKENDS/HOLIDAY,TE3,1423.0,848.0
