DAY_TYPE,PT_CODE,TOTAL_TAP_IN_VOLUME,TOTAL_TAP_OUT_VOLUME
WEEKDAY,BP10,4370,4453
WEEKDAY,BP11,4759,4091
WEEKDAY,BP12,3731,3408
WEEKDAY,BP13,2262,1997
WEEKDAY,BP14,110,81
WEEKDAY,BP2,4116,3444
WEEKDAY,BP3,5120,4408
WEEKDAY,BP4,4693,4502
WEEKDAY,BP5,2766,2111
WEEKDAY,BP6,14654,17453
WEEKDAY,BP7,1954,1751
WEEKDAY,BP8,3374,3175
WEEKDAY,BP9,3071,3059
WEEKDAY,CC1-NE6-NS24,40118,38749
WEEKDAY,CC10,17952,16757
WEEKDAY,CC11,20473,20745
WEEKDAY,CC12,6162,5081
WEEKDAY,CC14,8592,7997
WEEKDAY,CC16,11470,10715
WEEKDAY,CC17,4348,4194
WEEKDAY,CC19,7329,7914
WEEKDAY,CC2,6954,7730
WEEKDAY,CC20,5803,5759
WEEKDAY,CC21,9130,9997
WEEKDAY,CC23,19511,19088
WEEKDAY,CC24,25180,24642
WEEKDAY,CC25,8069,7356
WEEKDAY,CC26,5714,5944
WEEKDAY,CC27,8833,8863
WEEKDAY,CC28,4290,4669
WEEKDAY,CC3,8680,8254
WEEKDAY,CC4-DT15,20949,21967
WEEKDAY,CC5,5137,5477
WEEKDAY,CC6,9582,9839
WEEKDAY,CC7,7212,7632
WEEKDAY,CC8,8251,7626
WEEKDAY,CE1,26092,25974
WEEKDAY,CG1,20044,20739
WEEKDAY,CG2,19201,18369
WEEKDAY,DT1,33478,31589
WEEKDAY,DT10,5103,4157
WEEKDAY,DT11,32968,34180
WEEKDAY,DT13,10276,10717
WEEKDAY,DT17,28692,29933
WEEKDAY,DT18,20500,22032
WEEKDAY,DT2,2847,2301
WEEKDAY,DT20,7508,8300
WEEKDAY,DT21,8047,8147
WEEKDAY,DT22,6730,7188
WEEKDAY,DT23,4752,4775
WEEKDAY,DT24,5342,4983
WEEKDAY,DT25,3949,4070
WEEKDAY,DT27,7946,7748
WEEKDAY,DT28,11208,10481
WEEKDAY,DT29,7387,6656
WEEKDAY,DT3,8309,7024
WEEKDAY,DT30,7876,7490
WEEKDAY,DT31,8496,8881
WEEKDAY,DT32,22125,24036
WEEKDAY,DT33,19533,17920
WEEKDAY,DT34,5149,4696
WEEKDAY,DT5,14283,13814
WEEKDAY,DT6,8889,6950
WEEKDAY,DT7,4096,5611
WEEKDAY,DT8,4639,4596
WEEKDAY,EW1,35011,32846
WEEKDAY,EW10,12201,12339
WEEKDAY,EW11,22350,22621
WEEKDAY,EW12,58947,61769
WEEKDAY,EW13-NS25,46425,48279
WEEKDAY,EW14-NS26,71044,70090
WEEKDAY,EW15,51819,55026
WEEKDAY,EW16,33857,33419
WEEKDAY,EW17,30180,31092
WEEKDAY,EW18,19497,19864
WEEKDAY,EW19,16208,14851
WEEKDAY,EW2,35497,35951
WEEKDAY,EW20,17099,16458
WEEKDAY,EW21,30428,29583
WEEKDAY,EW22,19127,19304
WEEKDAY,EW23,48177,49316
WEEKDAY,EW24-NS1,83904,89802
WEEKDAY,EW25,9967,8492
WEEKDAY,EW26,34889,29501
WEEKDAY,EW27,51362,59150
WEEKDAY,EW28,33697,24193
WEEKDAY,EW29,18887,18806
WEEKDAY,EW3,19539,19404
WEEKDAY,EW30,3093,2613
WEEKDAY,EW31,3657,3030
WEEKDAY,EW32,3173,3370
WEEKDAY,EW33,2782,2849
WEEKDAY,EW4,19073,16965
WEEKDAY,EW5,37104,36694
WEEKDAY,EW6,12469,14357
WEEKDAY,EW7,15922,18401
WEEKDAY,EW8,39261,39886
WEEKDAY,EW9,24098,23546
WEEKDAY,NE1,48700,49023
WEEKDAY,NE10,14193,14404
WEEKDAY,NE11,5843,5423
WEEKDAY,NE12,61697,63698
WEEKDAY,NE13,20482,20154
WEEKDAY,NE14,32858,31304
WEEKDAY,NE15,17765,16208
WEEKDAY,NE16-STC,44805,45911
WEEKDAY,NE17-PTC,38923,37666
WEEKDAY,NE4,55696,55816
WEEKDAY,NE5,16748,19180
WEEKDAY,NE7,28488,30601
WEEKDAY,NE8,27067,29282
WEEKDAY,NE9,24925,22070
WEEKDAY,NS10,48938,43139
WEEKDAY,NS11,45206,43661
WEEKDAY,NS13,59742,63251
WEEKDAY,NS14,33846,29359
WEEKDAY,NS15,34676,31968
WEEKDAY,NS16,53081,57320
WEEKDAY,NS17,51683,49459
WEEKDAY,NS18,16737,15277
WEEKDAY,NS19,42091,44040
WEEKDAY,NS2,28497,28871
WEEKDAY,NS20,43428,42914
WEEKDAY,NS21,35222,37022
WEEKDAY,NS22,63737,69666
WEEKDAY,NS23,38946,42877
WEEKDAY,NS27,7479,7091
WEEKDAY,NS28,1929,1971
WEEKDAY,NS3,18623,17699
WEEKDAY,NS4,42391,44189
WEEKDAY,NS5,33488,31118
WEEKDAY,NS7,21044,19414
WEEKDAY,NS8,24754,19435
WEEKDAY,NS9,51668,62112
WEEKDAY,PE1,3653,3541
WEEKDAY,PE2,5522,5019
WEEKDAY,PE3,5934,5854
WEEKDAY,PE4,1426,1352
WEEKDAY,PE5,5360,4818
WEEKDAY,PE6,6027,5710
WEEKDAY,PE7,4023,3740
WEEKDAY,PW1,680,711
WEEKDAY,PW3,511,536
WEEKDAY,PW4,397,405
WEEKDAY,PW5,2099,2476
WEEKDAY,PW6,1113,881
WEEKDAY,PW7,1835,2014
WEEKDAY,SE1,4254,4226
WEEKDAY,SE2,5762,5267
WEEKDAY,SE3,3346,3022
WEEKDAY,SE4,3787,3496
WEEKDAY,SE5,2629,2576
WEEKDAY,SW1,1662,1758
WEEKDAY,SW2,3735,3457
WEEKDAY,SW3,2116,1994
WEEKDAY,SW4,829,737
WEEKDAY,SW5,7354,6796
WEEKDAY,SW6,3373,3149
WEEKDAY,SW7,3030,2690
WEEKDAY,SW8,2008,1970
WEEKENDS/HOLIDAY,BP10,3584,3627
WEEKENDS/HOLIDAY,BP11,3607,3193
WEEKENDS/HOLIDAY,BP12,2745,2596
WEEKENDS/HOLIDAY,BP13,1939,1754
WEEKENDS/HOLIDAY,BP14,230,147
WEEKENDS/HOLIDAY,BP2,2954,2658
WEEKENDS/HOLIDAY,BP3,3777,3383
WEEKENDS/HOLIDAY,BP4,1763,1657
WEEKENDS/HOLIDAY,BP5,2155,1673
WEEKENDS/HOLIDAY,BP6,11602,13378
WEEKENDS/HOLIDAY,BP7,1538,1439
WEEKENDS/HOLIDAY,BP8,2540,2447
WEEKENDS/HOLIDAY,BP9,2873,2813
WEEKENDS/HOLIDAY,CC1-NE6-NS24,39585,38183
WEEKENDS/HOLIDAY,CC10,10421,9639
WEEKENDS/HOLIDAY,CC11,9486,9203
WEEKENDS/HOLIDAY,CC12,4046,3588
WEEKENDS/HOLIDAY,CC14,4662,4529
WEEKENDS/HOLIDAY,CC16,6619,6505
WEEKENDS/HOLIDAY,CC17,2084,2074
WEEKENDS/HOLIDAY,CC19,7425,8151
WEEKENDS/HOLIDAY,CC2,4562,5208
WEEKENDS/HOLIDAY,CC20,4216,4222
WEEKENDS/HOLIDAY,CC21,7308,7761
WEEKENDS/HOLIDAY,CC23,3472,3430
WEEKENDS/HOLIDAY,CC24,7566,7391
WEEKENDS/HOLIDAY,CC25,5191,4665
WEEKENDS/HOLIDAY,CC26,2795,2979
WEEKENDS/HOLIDAY,CC27,1917,1939
WEEKENDS/HOLIDAY,CC28,3088,3004
WEEKENDS/HOLIDAY,CC3,9059,8494
WEEKENDS/HOLIDAY,CC4-DT15,13160,14235
WEEKENDS/HOLIDAY,CC5,4128,4195
WEEKENDS/HOLIDAY,CC6,12594,11908
WEEKENDS/HOLIDAY,CC7,5202,5591
WEEKENDS/HOLIDAY,CC8,6402,6224
WEEKENDS/HOLIDAY,CE1,36990,35591
WEEKENDS/HOLIDAY,CG1,17332,17905
WEEKENDS/HOLIDAY,CG2,20685,19046
WEEKENDS/HOLIDAY,DT1,25200,24377
WEEKENDS/HOLIDAY,DT10,3342,2723
WEEKENDS/HOLIDAY,DT11,26724,26270
WEEKENDS/HOLIDAY,DT13,8701,9045
WEEKENDS/HOLIDAY,DT17,4640,4550
WEEKENDS/HOLIDAY,DT18,3920,4346
WEEKENDS/HOLIDAY,DT2,1553,1232
WEEKENDS/HOLIDAY,DT20,5202,5723
WEEKENDS/HOLIDAY,DT21,5707,5666
WEEKENDS/HOLIDAY,DT22,8498,9169
WEEKENDS/HOLIDAY,DT23,2099,2164
WEEKENDS/HOLIDAY,DT24,3631,3606
WEEKENDS/HOLIDAY,DT25,2576,2548
WEEKENDS/HOLIDAY,DT27,5270,5050
WEEKENDS/HOLIDAY,DT28,8304,7806
WEEKENDS/HOLIDAY,DT29,5018,4624
WEEKENDS/HOLIDAY,DT3,6095,5145
WEEKENDS/HOLIDAY,DT30,5482,5251
WEEKENDS/HOLIDAY,DT31,5506,5707
WEEKENDS/HOLIDAY,DT32,17053,17615
WEEKENDS/HOLIDAY,DT33,12746,12121
WEEKENDS/HOLIDAY,DT34,3080,2976
WEEKENDS/HOLIDAY,DT5,11579,11517
WEEKENDS/HOLIDAY,DT6,4470,3980
WEEKENDS/HOLIDAY,DT7,2985,3279
WEEKENDS/HOLIDAY,DT8,2424,2456
WEEKENDS/HOLIDAY,EW1,26652,25827
WEEKENDS/HOLIDAY,EW10,12840,13252
WEEKENDS/HOLIDAY,EW11,16670,16995
WEEKENDS/HOLIDAY,EW12,58943,62140
WEEKENDS/HOLIDAY,EW13-NS25,45929,45974
WEEKENDS/HOLIDAY,EW14-NS26,16630,16921
WEEKENDS/HOLIDAY,EW15,15855,16892
WEEKENDS/HOLIDAY,EW16,16444,16248
WEEKENDS/HOLIDAY,EW17,21155,22154
WEEKENDS/HOLIDAY,EW18,12281,12619
WEEKENDS/HOLIDAY,EW19,10826,10746
WEEKENDS/HOLIDAY,EW2,31552,31199
WEEKENDS/HOLIDAY,EW20,11461,11190
WEEKENDS/HOLIDAY,EW21,15772,15002
WEEKENDS/HOLIDAY,EW22,5142,5553
WEEKENDS/HOLIDAY,EW23,35725,35325
WEEKENDS/HOLIDAY,EW24-NS1,73963,77244
WEEKENDS/HOLIDAY,EW25,8722,8392
WEEKENDS/HOLIDAY,EW26,24958,21495
WEEKENDS/HOLIDAY,EW27,43520,48146
WEEKENDS/HOLIDAY,EW28,23432,18374
WEEKENDS/HOLIDAY,EW29,11356,11638
WEEKENDS/HOLIDAY,EW3,14704,14688
WEEKENDS/HOLIDAY,EW30,1787,1358
WEEKENDS/HOLIDAY,EW31,2350,1797
WEEKENDS/HOLIDAY,EW32,2462,2674
WEEKENDS/HOLIDAY,EW33,2503,3003
WEEKENDS/HOLIDAY,EW4,13679,12443
WEEKENDS/HOLIDAY,EW5,30816,30327
WEEKENDS/HOLIDAY,EW6,9737,10436
WEEKENDS/HOLIDAY,EW7,13321,14635
WEEKENDS/HOLIDAY,EW8,37025,37736
WEEKENDS/HOLIDAY,EW9,23074,22856
WEEKENDS/HOLIDAY,NE1,51115,51146
WEEKENDS/HOLIDAY,NE10,10498,10245
WEEKENDS/HOLIDAY,NE11,3802,3521
WEEKENDS/HOLIDAY,NE12,51609,52738
WEEKENDS/HOLIDAY,NE13,17788,17193
WEEKENDS/HOLIDAY,NE14,25808,24376
WEEKENDS/HOLIDAY,NE15,12895,12333
WEEKENDS/HOLIDAY,NE16-STC,36791,37272
WEEKENDS/HOLIDAY,NE17-PTC,35297,34492
WEEKENDS/HOLIDAY,NE4,52237,53177
WEEKENDS/HOLIDAY,NE5,11267,13457
WEEKENDS/HOLIDAY,NE7,33986,37340
WEEKENDS/HOLIDAY,NE8,35681,37642
WEEKENDS/HOLIDAY,NE9,18653,16388
WEEKENDS/HOLIDAY,NS10,35385,32085
WEEKENDS/HOLIDAY,NS11,36095,35391
WEEKENDS/HOLIDAY,NS13,47767,49344
WEEKENDS/HOLIDAY,NS14,24862,21393
WEEKENDS/HOLIDAY,NS15,14877,13552
WEEKENDS/HOLIDAY,NS16,43040,45181
WEEKENDS/HOLIDAY,NS17,37552,36165
WEEKENDS/HOLIDAY,NS18,12090,11286
WEEKENDS/HOLIDAY,NS19,34185,35249
WEEKENDS/HOLIDAY,NS2,21616,22109
WEEKENDS/HOLIDAY,NS20,27637,27346
WEEKENDS/HOLIDAY,NS21,26222,29376
WEEKENDS/HOLIDAY,NS22,77538,81800
WEEKENDS/HOLIDAY,NS23,38686,40608
WEEKENDS/HOLIDAY,NS27,2057,3421
WEEKENDS/HOLIDAY,NS28,2451,2310
WEEKENDS/HOLIDAY,NS3,14759,14099
WEEKENDS/HOLIDAY,NS4,33522,34448
WEEKENDS/HOLIDAY,NS5,24369,23874
WEEKENDS/HOLIDAY,NS7,22694,19976
WEEKENDS/HOLIDAY,NS8,18067,14726
WEEKENDS/HOLIDAY,NS9,41789,46278
WEEKENDS/HOLIDAY,PE1,2947,2836
WEEKENDS/HOLIDAY,PE2,4284,4081
WEEKENDS/HOLIDAY,PE3,4821,4727
WEEKENDS/HOLIDAY,PE4,1369,1385
WEEKENDS/HOLIDAY,PE5,4084,3785
WEEKENDS/HOLIDAY,PE6,5225,4934
WEEKENDS/HOLIDAY,PE7,3345,3102
WEEKENDS/HOLIDAY,PW1,919,890
WEEKENDS/HOLIDAY,PW3,466,449
WEEKENDS/HOLIDAY,PW4,378,350
WEEKENDS/HOLIDAY,PW5,2518,2641
WEEKENDS/HOLIDAY,PW6,951,776
WEEKENDS/HOLIDAY,PW7,1578,1762
WEEKENDS/HOLIDAY,SE1,3471,3515
WEEKENDS/HOLIDAY,SE2,4516,4217
WEEKENDS/HOLIDAY,SE3,2586,2470
WEEKENDS/HOLIDAY,SE4,3161,2968
WEEKENDS/HOLIDAY,SE5,2251,2162
WEEKENDS/HOLIDAY,SW1,1148,1167
WEEKENDS/HOLIDAY,SW2,3781,3485
WEEKENDS/HOLIDAY,SW3,1652,1608
WEEKENDS/HOLIDAY,SW4,717,664
WEEKENDS/HOLIDAY,SW5,6709,6398
WEEKENDS/HOLIDAY,SW6,2619,2451
WEEKENDS/HOLIDAY,SW7,2540,2350
WEEKENDS/HOLIDAY,SW8,1604,1537
