DAY_TYPE,PT_CODE,TOTAL_TAP_IN_VOLUME,TOTAL_TAP_OUT_VOLUME,multiplier
WEEKDAY,BP10,4325.0,4348.0,22
WEEKDAY,BP11,4590.0,3902.0,22
WEEKDAY,BP12,3944.0,3472.0,22
WEEKDAY,BP13,2099.0,1856.0,22
WEEKDAY,BP2,4191.0,3268.0,22
WEEKDAY,BP3,5157.0,4366.0,22
WEEKDAY,BP4,4976.0,4798.0,22
WEEKDAY,BP5,2675.0,2026.0,22
WEEKDAY,BP6,13324.0,16481.0,22
WEEKDAY,BP7,1900.0,1691.0,22
WEEKDAY,BP8,3218.0,3033.0,22
WEEKDAY,BP9,3369.0,3291.0,22
WEEKDAY,CC1-NE6-NS24,33891.0,31957.0,22
WEEKDAY,CC10,17112.0,16092.0,22
WEEKDAY,CC11,19488.0,19944.0,22
WEEKDAY,CC12,7031.0,5922.0,22
WEEKDAY,CC14,8087.0,7516.0,22
WEEKDAY,CC16,11429.0,10796.0,22
WEEKDAY,CC17,4477.0,4234.0,22
WEEKDAY,CC19,7298.0,7833.0,22
WEEKDAY,CC2,6260.0,6892.0,22
WEEKDAY,CC20,5766.0,5766.0,22
WEEKDAY,CC21,8533.0,9222.0,22
WEEKDAY,CC23,16940.0,16711.0,22
WEEKDAY,CC24,24963.0,24712.0,22
WEEKDAY,CC25,7867.0,7227.0,22
WEEKDAY,CC26,5973.0,6207.0,22
WEEKDAY,CC27,8022.0,8064.0,22
WEEKDAY,CC28,3943.0,4261.0,22
WEEKDAY,CC3,7651.0,7438.0,22
WEEKDAY,CC4-DT15,19212.0,19852.0,22
WEEKDAY,CC5,4994.0,5211.0,22
WEEKDAY,CC6,8197.0,8630.0,22
WEEKDAY,CC7,7746.0,8013.0,22
WEEKDAY,CC8,8792.0,7597.0,22
WEEKDAY,CE1,25894.0,25637.0,22
WEEKDAY,CG1,16974.0,17620.0,22
WEEKDAY,CG2,20518.0,19867.0,22
WEEKDAY,DT1,30535.0,29715.0,22
WEEKDAY,DT10,5461.0,4514.0,22
WEEKDAY,DT11,29056.0,30768.0,22
WEEKDAY,DT13,10155.0,10568.0,22
WEEKDAY,DT17,24416.0,25210.0,22
WEEKDAY,DT18,19023.0,20330.0,22
WEEKDAY,DT2,3058.0,2272.0,22
WEEKDAY,DT20,7317.0,8265.0,22
WEEKDAY,DT21,7821.0,7987.0,22
WEEKDAY,DT22,6936.0,7481.0,22
WEEKDAY,DT23,4788.0,4812.0,22
WEEKDAY,DT24,5451.0,5103.0,22
WEEKDAY,DT25,4124.0,4227.0,22
WEEKDAY,DT27,8079.0,7886.0,22
WEEKDAY,DT28,11150.0,10526.0,22
WEEKDAY,DT29,7457.0,6732.0,22
WEEKDAY,DT3,7980.0,6931.0,22
WEEKDAY,DT30,7830.0,7479.0,22
WEEKDAY,DT31,8407.0,8999.0,22
WEEKDAY,DT32,21078.0,23024.0,22
WEEKDAY,DT33,18788.0,17485.0,22
WEEKDAY,DT34,5226.0,4760.0,22
WEEKDAY,DT5,13599.0,13329.0,22
WEEKDAY,DT6,8484.0,7326.0,22
WEEKDAY,DT7,4056.0,5153.0,22
WEEKDAY,DT8,5183.0,4986.0,22
WEEKDAY,EW1,32789.0,30946.0,22
WEEKDAY,EW10,11699.0,11881.0,22
WEEKDAY,EW11,20344.0,20715.0,22
WEEKDAY,EW12,51792.0,54893.0,22
WEEKDAY,EW13-NS25,41290.0,42510.0,22
WEEKDAY,EW14-NS26,60744.0,59950.0,22
WEEKDAY,EW15,48461.0,50958.0,22
WEEKDAY,EW16,31010.0,30784.0,22
WEEKDAY,EW17,28882.0,29993.0,22
WEEKDAY,EW18,18947.0,19404.0,22
WEEKDAY,EW19,15419.0,14205.0,22
WEEKDAY,EW2,32643.0,33758.0,22
WEEKDAY,EW20,16265.0,15625.0,22
WEEKDAY,EW21,29023.0,27028.0,22
WEEKDAY,EW22,15453.0,15726.0,22
WEEKDAY,EW23,47383.0,48464.0,22
WEEKDAY,EW24-NS1,78541.0,83492.0,22
WEEKDAY,EW25,9594.0,8105.0,22
WEEKDAY,EW26,34982.0,30264.0,22
WEEKDAY,EW27,49868.0,57433.0,22
WEEKDAY,EW28,32794.0,24397.0,22
WEEKDAY,EW29,18225.0,18525.0,22
WEEKDAY,EW3,18307.0,18679.0,22
WEEKDAY,EW30,3649.0,3132.0,22
WEEKDAY,EW31,4260.0,3530.0,22
WEEKDAY,EW32,3988.0,3877.0,22
WEEKDAY,EW33,3376.0,3540.0,22
WEEKDAY,EW4,17811.0,15870.0,22
WEEKDAY,EW5,34964.0,34359.0,22
WEEKDAY,EW6,11283.0,13256.0,22
WEEKDAY,EW7,14736.0,17206.0,22
WEEKDAY,EW8,42969.0,43888.0,22
WEEKDAY,EW9,22380.0,21977.0,22
WEEKDAY,NE1,45425.0,46975.0,22
WEEKDAY,NE10,15206.0,15436.0,22
WEEKDAY,NE11,5970.0,5555.0,22
WEEKDAY,NE12,58136.0,60247.0,22
WEEKDAY,NE13,20533.0,20671.0,22
WEEKDAY,NE14,32385.0,30870.0,22
WEEKDAY,NE15,17318.0,15928.0,22
WEEKDAY,NE16-STC,43552.0,44880.0,22
WEEKDAY,NE17-PTC,38129.0,36638.0,22
WEEKDAY,NE4,52976.0,52939.0,22
WEEKDAY,NE5,15590.0,17300.0,22
WEEKDAY,NE7,28142.0,30563.0,22
WEEKDAY,NE8,26030.0,28495.0,22
WEEKDAY,NE9,23724.0,21143.0,22
WEEKDAY,NS10,49644.0,42739.0,22
WEEKDAY,NS11,44763.0,43836.0,22
WEEKDAY,NS13,57701.0,60974.0,22
WEEKDAY,NS14,34875.0,30487.0,22
WEEKDAY,NS15,31059.0,30731.0,22
WEEKDAY,NS16,51681.0,55704.0,22
WEEKDAY,NS17,49781.0,47404.0,22
WEEKDAY,NS18,16029.0,14411.0,22
WEEKDAY,NS19,39385.0,41330.0,22
WEEKDAY,NS2,28043.0,29053.0,22
WEEKDAY,NS20,40435.0,40679.0,22
WEEKDAY,NS21,31336.0,33014.0,22
WEEKDAY,NS22,53056.0,57613.0,22
WEEKDAY,NS23,32217.0,35180.0,22
WEEKDAY,NS27,6777.0,6618.0,22
WEEKDAY,NS28,1712.0,1684.0,22
WEEKDAY,NS3,19444.0,18199.0,22
WEEKDAY,NS4,39596.0,42747.0,22
WEEKDAY,NS5,32639.0,30680.0,22
WEEKDAY,NS7,21276.0,19833.0,22
WEEKDAY,NS8,26320.0,20589.0,22
WEEKDAY,NS9,44560.0,56190.0,22
WEEKDAY,PE1,3516.0,3477.0,22
WEEKDAY,PE2,5487.0,5110.0,22
WEEKDAY,PE3,5651.0,5776.0,22
WEEKDAY,PE4,1422.0,1331.0,22
WEEKDAY,PE5,5401.0,5037.0,22
WEEKDAY,PE6,6174.0,5911.0,22
WEEKDAY,PE7,3910.0,3743.0,22
WEEKDAY,PW1,601.0,664.0,22
WEEKDAY,PW3,736.0,750.0,22
WEEKDAY,PW4,538.0,560.0,22
WEEKDAY,PW5,2743.0,3273.0,22
WEEKDAY,PW6,1137.0,988.0,22
WEEKDAY,PW7,2147.0,2261.0,22
WEEKDAY,SE1,4285.0,4270.0,22
WEEKDAY,SE2,5566.0,5143.0,22
WEEKDAY,SE3,3167.0,2942.0,22
WEEKDAY,SE4,3567.0,3381.0,22
WEEKDAY,SE5,2726.0,2753.0,22
WEEKDAY,SW1,2094.0,2193.0,22
WEEKDAY,SW2,3590.0,3289.0,22
WEEKDAY,SW3,2284.0,2192.0,22
WEEKDAY,SW4,1262.0,1253.0,22
WEEKDAY,SW5,7325.0,6733.0,22
WEEKDAY,SW6,3581.0,3384.0,22
WEEKDAY,SW7,2737.0,2437.0,22
WEEKDAY,SW8,2089.0,2058.0,22
WEEKENDS/HOLIDAY,BP10,3270.0,3303.0,9
WEEKENDS/HOLIDAY,BP11,3338.0,2922.0,9
WEEKENDS/HOLIDAY,BP12,2455.0,2245.0,9
WEEKENDS/HOLIDAY,BP13,1740.0,1577.0,9
WEEKENDS/HOLIDAY,BP2,2860.0,2320.0,9
WEEKENDS/HOLIDAY,BP3,3663.0,3080.0,9
WEEKENDS/HOLIDAY,BP4,1616.0,1480.0,9
WEEKENDS/HOLIDAY,BP5,1958.0,1513.0,9
WEEKENDS/HOLIDAY,BP6,9931.0,11803.0,9
WEEKENDS/HOLIDAY,BP7,1376.0,1267.0,9
WEEKENDS/HOLIDAY,BP8,2257.0,2128.0,9
WEEKENDS/HOLIDAY,BP9,2649.0,2584.0,9
WEEKENDS/HOLIDAY,CC1-NE6-NS24,33168.0,31972.0,9
WEEKENDS/HOLIDAY,CC10,10555.0,9831.0,9
WEEKENDS/HOLIDAY,CC11,8923.0,8777.0,9
WEEKENDS/HOLIDAY,CC12,4154.0,3809.0,9
WEEKENDS/HOLIDAY,CC14,4559.0,4361.0,9
WEEKENDS/HOLIDAY,CC16,6183.0,6147.0,9
WEEKENDS/HOLIDAY,CC17,2013.0,2018.0,9
WEEKENDS/HOLIDAY,CC19,7315.0,8032.0,9
WEEKENDS/HOLIDAY,CC2,4108.0,4437.0,9
WEEKENDS/HOLIDAY,CC20,3951.0,3933.0,9
WEEKENDS/HOLIDAY,CC21,6539.0,6859.0,9
WEEKENDS/HOLIDAY,CC23,3106.0,3080.0,9
WEEKENDS/HOLIDAY,CC24,6611.0,6495.0,9
WEEKENDS/HOLIDAY,CC25,4960.0,4415.0,9
WEEKENDS/HOLIDAY,CC26,3100.0,3160.0,9
WEEKENDS/HOLIDAY,CC27,1589.0,1596.0,9
WEEKENDS/HOLIDAY,CC28,2872.0,2756.0,9
WEEKENDS/HOLIDAY,CC3,9014.0,8741.0,9
WEEKENDS/HOLIDAY,CC4-DT15,12411.0,13143.0,9
WEEKENDS/HOLIDAY,CC5,4171.0,4174.0,9
WEEKENDS/HOLIDAY,CC6,9905.0,9506.0,9
WEEKENDS/HOLIDAY,CC7,5146.0,5623.0,9
WEEKENDS/HOLIDAY,CC8,5704.0,5372.0,9
WEEKENDS/HOLIDAY,CE1,36823.0,35450.0,9
WEEKENDS/HOLIDAY,CG1,14791.0,15550.0,9
WEEKENDS/HOLIDAY,CG2,25065.0,24698.0,9
WEEKENDS/HOLIDAY,DT1,23470.0,22744.0,9
WEEKENDS/HOLIDAY,DT10,3201.0,2546.0,9
WEEKENDS/HOLIDAY,DT11,23101.0,22496.0,9
WEEKENDS/HOLIDAY,DT13,8456.0,8766.0,9
WEEKENDS/HOLIDAY,DT17,4002.0,4004.0,9
WEEKENDS/HOLIDAY,DT18,3844.0,4266.0,9
WEEKENDS/HOLIDAY,DT2,1556.0,1180.0,9
WEEKENDS/HOLIDAY,DT20,5198.0,6150.0,9
WEEKENDS/HOLIDAY,DT21,5571.0,5651.0,9
WEEKENDS/HOLIDAY,DT22,9232.0,9984.0,9
WEEKENDS/HOLIDAY,DT23,2149.0,2190.0,9
WEEKENDS/HOLIDAY,DT24,3629.0,3605.0,9
WEEKENDS/HOLIDAY,DT25,2746.0,2699.0,9
WEEKENDS/HOLIDAY,DT27,5493.0,5211.0,9
WEEKENDS/HOLIDAY,DT28,8090.0,7664.0,9
WEEKENDS/HOLIDAY,DT29,4971.0,4490.0,9
WEEKENDS/HOLIDAY,DT3,5733.0,4911.0,9
WEEKENDS/HOLIDAY,DT30,5282.0,4948.0,9
WEEKENDS/HOLIDAY,DT31,5445.0,5675.0,9
WEEKENDS/HOLIDAY,DT32,16203.0,16673.0,9
WEEKENDS/HOLIDAY,DT33,12122.0,11353.0,9
WEEKENDS/HOLIDAY,DT34,3001.0,2831.0,9
WEEKENDS/HOLIDAY,DT5,11572.0,11308.0,9
WEEKENDS/HOLIDAY,DT6,4080.0,3859.0,9
WEEKENDS/HOLIDAY,DT7,2684.0,2948.0,9
WEEKENDS/HOLIDAY,DT8,2311.0,2363.0,9
WEEKENDS/HOLIDAY,EW1,24694.0,23918.0,9
WEEKENDS/HOLIDAY,EW10,13019.0,13440.0,9
WEEKENDS/HOLIDAY,EW11,15815.0,16093.0,9
WEEKENDS/HOLIDAY,EW12,54177.0,57362.0,9
WEEKENDS/HOLIDAY,EW13-NS25,44200.0,44210.0,9
WEEKENDS/HOLIDAY,EW14-NS26,15281.0,15666.0,9
WEEKENDS/HOLIDAY,EW15,14955.0,15829.0,9
WEEKENDS/HOLIDAY,EW16,14790.0,15287.0,9
WEEKENDS/HOLIDAY,EW17,20514.0,21592.0,9
WEEKENDS/HOLIDAY,EW18,11545.0,11830.0,9
WEEKENDS/HOLIDAY,EW19,10117.0,9941.0,9
WEEKENDS/HOLIDAY,EW2,28821.0,28783.0,9
WEEKENDS/HOLIDAY,EW20,10898.0,10573.0,9
WEEKENDS/HOLIDAY,EW21,14590.0,13986.0,9
WEEKENDS/HOLIDAY,EW22,4523.0,4864.0,9
WEEKENDS/HOLIDAY,EW23,34158.0,33736.0,9
WEEKENDS/HOLIDAY,EW24-NS1,69931.0,72404.0,9
WEEKENDS/HOLIDAY,EW25,8552.0,8241.0,9
WEEKENDS/HOLIDAY,EW26,25827.0,22135.0,9
WEEKENDS/HOLIDAY,EW27,43251.0,46296.0,9
WEEKENDS/HOLIDAY,EW28,22906.0,18221.0,9
WEEKENDS/HOLIDAY,EW29,11229.0,12014.0,9
WEEKENDS/HOLIDAY,EW3,13568.0,13654.0,9
WEEKENDS/HOLIDAY,EW30,2482.0,1998.0,9
WEEKENDS/HOLIDAY,EW31,2871.0,2160.0,9
WEEKENDS/HOLIDAY,EW32,2741.0,3379.0,9
WEEKENDS/HOLIDAY,EW33,3298.0,3711.0,9
WEEKENDS/HOLIDAY,EW4,12260.0,11299.0,9
WEEKENDS/HOLIDAY,EW5,28919.0,28405.0,9
WEEKENDS/HOLIDAY,EW6,8993.0,9479.0,9
WEEKENDS/HOLIDAY,EW7,12217.0,13359.0,9
WEEKENDS/HOLIDAY,EW8,42350.0,43216.0,9
WEEKENDS/HOLIDAY,EW9,21424.0,21353.0,9
WEEKENDS/HOLIDAY,NE1,50215.0,53748.0,9
WEEKENDS/HOLIDAY,NE10,10931.0,10636.0,9
WEEKENDS/HOLIDAY,NE11,3741.0,3468.0,9
WEEKENDS/HOLIDAY,NE12,47471.0,48630.0,9
WEEKENDS/HOLIDAY,NE13,18725.0,18165.0,9
WEEKENDS/HOLIDAY,NE14,25111.0,23416.0,9
WEEKENDS/HOLIDAY,NE15,12487.0,11998.0,9
WEEKENDS/HOLIDAY,NE16-STC,35378.0,36043.0,9
WEEKENDS/HOLIDAY,NE17-PTC,34190.0,33006.0,9
WEEKENDS/HOLIDAY,NE4,51317.0,52029.0,9
WEEKENDS/HOLIDAY,NE5,10914.0,12809.0,9
WEEKENDS/HOLIDAY,NE7,35614.0,39605.0,9
WEEKENDS/HOLIDAY,NE8,36105.0,38652.0,9
WEEKENDS/HOLIDAY,NE9,17866.0,15552.0,9
WEEKENDS/HOLIDAY,NS10,34739.0,30214.0,9
WEEKENDS/HOLIDAY,NS11,34791.0,33988.0,9
WEEKENDS/HOLIDAY,NS13,44718.0,45779.0,9
WEEKENDS/HOLIDAY,NS14,24593.0,21378.0,9
WEEKENDS/HOLIDAY,NS15,13638.0,12391.0,9
WEEKENDS/HOLIDAY,NS16,40807.0,43094.0,9
WEEKENDS/HOLIDAY,NS17,34800.0,33448.0,9
WEEKENDS/HOLIDAY,NS18,11133.0,10342.0,9
WEEKENDS/HOLIDAY,NS19,31713.0,32828.0,9
WEEKENDS/HOLIDAY,NS2,21116.0,21778.0,9
WEEKENDS/HOLIDAY,NS20,26688.0,26490.0,9
WEEKENDS/HOLIDAY,NS21,22363.0,25513.0,9
WEEKENDS/HOLIDAY,NS22,64689.0,68387.0,9
WEEKENDS/HOLIDAY,NS23,32445.0,33983.0,9
WEEKENDS/HOLIDAY,NS27,1797.0,3094.0,9
WEEKENDS/HOLIDAY,NS28,3193.0,2787.0,9
WEEKENDS/HOLIDAY,NS3,14976.0,14081.0,9
WEEKENDS/HOLIDAY,NS4,30044.0,31766.0,9
WEEKENDS/HOLIDAY,NS5,23231.0,22630.0,9
WEEKENDS/HOLIDAY,NS7,21605.0,19577.0,9
WEEKENDS/HOLIDAY,NS8,18704.0,15140.0,9
WEEKENDS/HOLIDAY,NS9,36671.0,41715.0,9
WEEKENDS/HOLIDAY,PE1,2829.0,2697.0,9
WEEKENDS/HOLIDAY,PE2,4092.0,3853.0,9
WEEKENDS/HOLIDAY,PE3,4572.0,4539.0,9
WEEKENDS/HOLIDAY,PE4,1273.0,1308.0,9
WEEKENDS/HOLIDAY,PE5,3972.0,3670.0,9
WEEKENDS/HOLIDAY,PE6,5239.0,4946.0,9
WEEKENDS/HOLIDAY,PE7,3130.0,2924.0,9
WEEKENDS/HOLIDAY,PW1,985.0,961.0,9
WEEKENDS/HOLIDAY,PW3,661.0,651.0,9
WEEKENDS/HOLIDAY,PW4,513.0,465.0,9
WEEKENDS/HOLIDAY,PW5,3104.0,3226.0,9
WEEKENDS/HOLIDAY,PW6,918.0,814.0,9
WEEKENDS/HOLIDAY,PW7,1646.0,1821.0,9
WEEKENDS/HOLIDAY,SE1,3152.0,3139.0,9
WEEKENDS/HOLIDAY,SE2,4306.0,3999.0,9
WEEKENDS/HOLIDAY,SE3,2495.0,2370.0,9
WEEKENDS/HOLIDAY,SE4,3022.0,2842.0,9
WEEKENDS/HOLIDAY,SE5,2003.0,1963.0,9
WEEKENDS/HOLIDAY,SW1,1305.0,1284.0,9
WEEKENDS/HOLIDAY,SW2,3393.0,3165.0,9
WEEKENDS/HOLIDAY,SW3,1638.0,1583.0,9
WEEKENDS/HOLIDAY,SW4,1064.0,1026.0,9
WEEKENDS/HOLIDAY,SW5,6339.0,6042.0,9
WEEKENDS/HOLIDAY,SW6,2395.0,2249.0,9
WEEKENDS/HOLIDAY,SW7,2101.0,1892.0,9
WEEKENDS/HOLIDAY,SW8,1497.0,1425.0,9
