DAY_TYPE,PT_CODE,TOTAL_TAP_IN_VOLUME,TOTAL_TAP_OUT_VOLUME
WEEKDAY,BP10,2900.0,3100.0
WEEKDAY,BP11,3080.0,2491.0
WEEKDAY,BP12,2435.0,1865.0
WEEKDAY,BP13,1315.0,879.0
WEEKDAY,BP2,2812.0,2211.0
WEEKDAY,BP3,3588.0,3046.0
WEEKDAY,BP4,2965.0,2830.0
WEEKDAY,BP5,1886.0,1428.0
WEEKDAY,BP6/DT1,26310.0,28235.0
WEEKDAY,BP7,1019.0,1053.0
WEEKDAY,BP8,1853.0,1680.0
WEEKDAY,BP9,2117.0,2042.0
WEEKDAY,CC10/DT26,11355.0,10727.0
WEEKDAY,CC11,11193.0,11388.0
WEEKDAY,CC12,4331.0,3705.0
WEEKDAY,CC14,5306.0,5016.0
WEEKDAY,CC16,6893.0,6760.0
WEEKDAY,CC17,2848.0,2703.0
WEEKDAY,CC19/DT9,3965.0,4358.0
WEEKDAY,CC2,2253.0,2498.0
WEEKDAY,CC20,3553.0,3626.0
WEEKDAY,CC21,5567.0,5936.0
WEEKDAY,CC22/EW21,15543.0,14296.0
WEEKDAY,CC23,6686.0,6520.0
WEEKDAY,CC24,12754.0,12455.0
WEEKDAY,CC25,4692.0,4373.0
WEEKDAY,CC26,3421.0,3649.0
WEEKDAY,CC27,2315.0,2501.0
WEEKDAY,CC28,2666.0,2642.0
WEEKDAY,CC3,3233.0,2933.0
WEEKDAY,CC4/DT15,8727.0,9048.0
WEEKDAY,CC5,2459.0,2532.0
WEEKDAY,CC6,4258.0,4391.0
WEEKDAY,CC7,4893.0,4951.0
WEEKDAY,CC8,5744.0,5017.0
WEEKDAY,CE1/DT16,11997.0,12253.0
WEEKDAY,CG1/DT35,7165.0,7215.0
WEEKDAY,CG2,5426.0,5553.0
WEEKDAY,DT10,3413.0,2619.0
WEEKDAY,DT13,5719.0,6058.0
WEEKDAY,DT17,7130.0,7104.0
WEEKDAY,DT18,7730.0,8273.0
WEEKDAY,DT2,1871.0,1471.0
WEEKDAY,DT20,2823.0,3060.0
WEEKDAY,DT21,3448.0,3241.0
WEEKDAY,DT22,3563.0,3878.0
WEEKDAY,DT23,2248.0,2263.0
WEEKDAY,DT24,3635.0,3541.0
WEEKDAY,DT25,2809.0,3003.0
WEEKDAY,DT27,5493.0,5397.0
WEEKDAY,DT28,6775.0,6478.0
WEEKDAY,DT29,5299.0,4860.0
WEEKDAY,DT3,5058.0,4427.0
WEEKDAY,DT30,5000.0,4895.0
WEEKDAY,DT31,5537.0,5918.0
WEEKDAY,DT33,12291.0,11531.0
WEEKDAY,DT34,2858.0,2636.0
WEEKDAY,DT5,8042.0,8277.0
WEEKDAY,DT6,4038.0,3776.0
WEEKDAY,DT7,2697.0,2807.0
WEEKDAY,DT8,3522.0,3179.0
WEEKDAY,EW1,21895.0,21138.0
WEEKDAY,EW10,7194.0,7389.0
WEEKDAY,EW11,11257.0,11294.0
WEEKDAY,EW12/DT14,26828.0,28243.0
WEEKDAY,EW13/NS25,20466.0,21098.0
WEEKDAY,EW14/NS26,23579.0,22960.0
WEEKDAY,EW15,20786.0,21875.0
WEEKDAY,EW16/NE3,20871.0,20128.0
WEEKDAY,EW17,18765.0,19676.0
WEEKDAY,EW18,12104.0,12698.0
WEEKDAY,EW19,9675.0,9607.0
WEEKDAY,EW2/DT32,36434.0,37728.0
WEEKDAY,EW20,10826.0,10334.0
WEEKDAY,EW22,9156.0,9255.0
WEEKDAY,EW23,31199.0,32075.0
WEEKDAY,EW24/NS1,52558.0,55660.0
WEEKDAY,EW25,6478.0,5652.0
WEEKDAY,EW26,25509.0,22360.0
WEEKDAY,EW27,34870.0,39511.0
WEEKDAY,EW28,23336.0,17821.0
WEEKDAY,EW29,12702.0,13315.0
WEEKDAY,EW3,12698.0,12628.0
WEEKDAY,EW30,3004.0,2674.0
WEEKDAY,EW31,3315.0,2809.0
WEEKDAY,EW32,3014.0,2837.0
WEEKDAY,EW33,1931.0,1842.0
WEEKDAY,EW4,10474.0,9328.0
WEEKDAY,EW5,23633.0,23247.0
WEEKDAY,EW6,6652.0,7997.0
WEEKDAY,EW7,9616.0,11308.0
WEEKDAY,EW8/CC9,29248.0,29820.0
WEEKDAY,EW9,13409.0,13107.0
WEEKDAY,NE1/CC29,21215.0,21876.0
WEEKDAY,NE10,10087.0,10362.0
WEEKDAY,NE11,4081.0,3793.0
WEEKDAY,NE12/CC13,19434.0,17552.0
WEEKDAY,NE13,14772.0,15079.0
WEEKDAY,NE14,22677.0,22217.0
WEEKDAY,NE15,11467.0,11293.0
WEEKDAY,NE16/STC,29993.0,31510.0
WEEKDAY,NE17/PTC,27131.0,26431.0
WEEKDAY,NE4/DT19,29261.0,28888.0
WEEKDAY,NE5,7225.0,7211.0
WEEKDAY,NE7/DT12,14612.0,15568.0
WEEKDAY,NE8,13729.0,15488.0
WEEKDAY,NE9,16425.0,14612.0
WEEKDAY,NS10,38787.0,33611.0
WEEKDAY,NS11,31177.0,31323.0
WEEKDAY,NS12,9133.0,8004.0
WEEKDAY,NS13,40246.0,42487.0
WEEKDAY,NS14,25447.0,23234.0
WEEKDAY,NS15,18952.0,17610.0
WEEKDAY,NS16,37147.0,40004.0
WEEKDAY,NS17/CC15,14816.0,9142.0
WEEKDAY,NS18,11374.0,10260.0
WEEKDAY,NS19,26531.0,28122.0
WEEKDAY,NS2,20636.0,21643.0
WEEKDAY,NS20,25462.0,24968.0
WEEKDAY,NS21/DT11,35838.0,36857.0
WEEKDAY,NS22,31676.0,33928.0
WEEKDAY,NS23,18374.0,19859.0
WEEKDAY,NS24/NE6/CC1,19564.0,17846.0
WEEKDAY,NS27/CE2,1946.0,1905.0
WEEKDAY,NS28,1049.0,912.0
WEEKDAY,NS3,15012.0,14353.0
WEEKDAY,NS4/BP1,28212.0,30184.0
WEEKDAY,NS5,24111.0,22833.0
WEEKDAY,NS7,4340.0,4736.0
WEEKDAY,NS8,18667.0,14704.0
WEEKDAY,NS9/TE2,31265.0,38668.0
WEEKDAY,PE1,2550.0,2544.0
WEEKDAY,PE2,4079.0,3883.0
WEEKDAY,PE3,4012.0,4073.0
WEEKDAY,PE4,1155.0,1150.0
WEEKDAY,PE5,4018.0,3847.0
WEEKDAY,PE6,4677.0,4530.0
WEEKDAY,PE7,2975.0,2881.0
WEEKDAY,PW1,502.0,521.0
WEEKDAY,PW3,274.0,313.0
WEEKDAY,PW4,697.0,713.0
WEEKDAY,PW5,1763.0,1663.0
WEEKDAY,PW6,934.0,869.0
WEEKDAY,PW7,1579.0,1809.0
WEEKDAY,SE1,3226.0,3199.0
WEEKDAY,SE2,4170.0,3882.0
WEEKDAY,SE3,2258.0,2110.0
WEEKDAY,SE4,2594.0,2500.0
WEEKDAY,SE5,2179.0,2224.0
WEEKDAY,SW1,1686.0,1820.0
WEEKDAY,SW2,2666.0,2480.0
WEEKDAY,SW3,1943.0,1884.0
WEEKDAY,SW4,958.0,1005.0
WEEKDAY,SW5,5637.0,5197.0
WEEKDAY,SW6,2800.0,2632.0
WEEKDAY,SW7,2079.0,1893.0
WEEKDAY,SW8,1664.0,1649.0
WEEKDAY,TE1,1340.0,1221.0
WEEKDAY,TE3,2482.0,1870.0
WEEKENDS/HOLIDAY,BP10,1265.0,1426.0
WEEKENDS/HOLIDAY,BP11,1285.0,1060.0
WEEKENDS/HOLIDAY,BP12,842.0,639.0
WEEKENDS/HOLIDAY,BP13,560.0,343.0
WEEKENDS/HOLIDAY,BP2,1333.0,1070.0
WEEKENDS/HOLIDAY,BP3,1679.0,1401.0
WEEKENDS/HOLIDAY,BP4,751.0,672.0
WEEKENDS/HOLIDAY,BP5,840.0,631.0
WEEKENDS/HOLIDAY,BP6/DT1,18648.0,18920.0
WEEKENDS/HOLIDAY,BP7,300.0,438.0
WEEKENDS/HOLIDAY,BP8,708.0,645.0
WEEKENDS/HOLIDAY,BP9,961.0,785.0
WEEKENDS/HOLIDAY,CC10/DT26,8107.0,7625.0
WEEKENDS/HOLIDAY,CC11,5169.0,5110.0
WEEKENDS/HOLIDAY,CC12,2319.0,2196.0
WEEKENDS/HOLIDAY,CC14,3063.0,2980.0
WEEKENDS/HOLIDAY,CC16,4221.0,4397.0
WEEKENDS/HOLIDAY,CC17,1587.0,1702.0
WEEKENDS/HOLIDAY,CC19/DT9,4992.0,5624.0
WEEKENDS/HOLIDAY,CC2,1680.0,1837.0
WEEKENDS/HOLIDAY,CC20,2509.0,2587.0
WEEKENDS/HOLIDAY,CC21,5281.0,5353.0
WEEKENDS/HOLIDAY,CC22/EW21,8768.0,8513.0
WEEKENDS/HOLIDAY,CC23,2010.0,2034.0
WEEKENDS/HOLIDAY,CC24,3768.0,3756.0
WEEKENDS/HOLIDAY,CC25,3366.0,3011.0
WEEKENDS/HOLIDAY,CC26,2066.0,2154.0
WEEKENDS/HOLIDAY,CC27,1195.0,1505.0
WEEKENDS/HOLIDAY,CC28,2283.0,2179.0
WEEKENDS/HOLIDAY,CC3,3989.0,3426.0
WEEKENDS/HOLIDAY,CC4/DT15,7746.0,8258.0
WEEKENDS/HOLIDAY,CC5,2388.0,2520.0
WEEKENDS/HOLIDAY,CC6,5636.0,5515.0
WEEKENDS/HOLIDAY,CC7,3567.0,3974.0
WEEKENDS/HOLIDAY,CC8,3959.0,3858.0
WEEKENDS/HOLIDAY,CE1/DT16,16935.0,16585.0
WEEKENDS/HOLIDAY,CG1/DT35,5202.0,5370.0
WEEKENDS/HOLIDAY,CG2,7031.0,7246.0
WEEKENDS/HOLIDAY,DT10,2078.0,1645.0
WEEKENDS/HOLIDAY,DT13,4606.0,5176.0
WEEKENDS/HOLIDAY,DT17,2111.0,2049.0
WEEKENDS/HOLIDAY,DT18,2714.0,3049.0
WEEKENDS/HOLIDAY,DT2,932.0,805.0
WEEKENDS/HOLIDAY,DT20,2338.0,2666.0
WEEKENDS/HOLIDAY,DT21,2795.0,2709.0
WEEKENDS/HOLIDAY,DT22,3568.0,4102.0
WEEKENDS/HOLIDAY,DT23,1077.0,1109.0
WEEKENDS/HOLIDAY,DT24,2674.0,2656.0
WEEKENDS/HOLIDAY,DT25,1785.0,1836.0
WEEKENDS/HOLIDAY,DT27,3147.0,3107.0
WEEKENDS/HOLIDAY,DT28,4069.0,3836.0
WEEKENDS/HOLIDAY,DT29,3848.0,3504.0
WEEKENDS/HOLIDAY,DT3,4393.0,3659.0
WEEKENDS/HOLIDAY,DT30,3924.0,3684.0
WEEKENDS/HOLIDAY,DT31,3954.0,4191.0
WEEKENDS/HOLIDAY,DT33,9081.0,8184.0
WEEKENDS/HOLIDAY,DT34,2087.0,1936.0
WEEKENDS/HOLIDAY,DT5,8210.0,8111.0
WEEKENDS/HOLIDAY,DT6,2635.0,2607.0
WEEKENDS/HOLIDAY,DT7,1825.0,2086.0
WEEKENDS/HOLIDAY,DT8,1580.0,1553.0
WEEKENDS/HOLIDAY,EW1,17945.0,16993.0
WEEKENDS/HOLIDAY,EW10,7573.0,7717.0
WEEKENDS/HOLIDAY,EW11,8797.0,9110.0
WEEKENDS/HOLIDAY,EW12/DT14,31000.0,33242.0
WEEKENDS/HOLIDAY,EW13/NS25,25326.0,25671.0
WEEKENDS/HOLIDAY,EW14/NS26,8308.0,8077.0
WEEKENDS/HOLIDAY,EW15,10875.0,11440.0
WEEKENDS/HOLIDAY,EW16/NE3,10542.0,10160.0
WEEKENDS/HOLIDAY,EW17,15118.0,16152.0
WEEKENDS/HOLIDAY,EW18,8688.0,9040.0
WEEKENDS/HOLIDAY,EW19,7301.0,7332.0
WEEKENDS/HOLIDAY,EW2/DT32,32069.0,32114.0
WEEKENDS/HOLIDAY,EW20,7882.0,7640.0
WEEKENDS/HOLIDAY,EW22,2679.0,2998.0
WEEKENDS/HOLIDAY,EW23,24346.0,24447.0
WEEKENDS/HOLIDAY,EW24/NS1,47882.0,49927.0
WEEKENDS/HOLIDAY,EW25,5070.0,4877.0
WEEKENDS/HOLIDAY,EW26,19908.0,17401.0
WEEKENDS/HOLIDAY,EW27,28407.0,31294.0
WEEKENDS/HOLIDAY,EW28,16054.0,12557.0
WEEKENDS/HOLIDAY,EW29,7075.0,7417.0
WEEKENDS/HOLIDAY,EW3,10211.0,10044.0
WEEKENDS/HOLIDAY,EW30,1371.0,1170.0
WEEKENDS/HOLIDAY,EW31,1707.0,1400.0
WEEKENDS/HOLIDAY,EW32,1406.0,1291.0
WEEKENDS/HOLIDAY,EW33,1326.0,1274.0
WEEKENDS/HOLIDAY,EW4,7674.0,7028.0
WEEKENDS/HOLIDAY,EW5,21234.0,21047.0
WEEKENDS/HOLIDAY,EW6,6089.0,6814.0
WEEKENDS/HOLIDAY,EW7,8569.0,9483.0
WEEKENDS/HOLIDAY,EW8/CC9,31655.0,32431.0
WEEKENDS/HOLIDAY,EW9,11661.0,11740.0
WEEKENDS/HOLIDAY,NE1/CC29,26594.0,26815.0
WEEKENDS/HOLIDAY,NE10,7685.0,7755.0
WEEKENDS/HOLIDAY,NE11,2585.0,2469.0
WEEKENDS/HOLIDAY,NE12/CC13,17354.0,15965.0
WEEKENDS/HOLIDAY,NE13,14349.0,14158.0
WEEKENDS/HOLIDAY,NE14,19021.0,18364.0
WEEKENDS/HOLIDAY,NE15,9666.0,9385.0
WEEKENDS/HOLIDAY,NE16/STC,25712.0,26547.0
WEEKENDS/HOLIDAY,NE17/PTC,25260.0,24268.0
WEEKENDS/HOLIDAY,NE4/DT19,29670.0,29785.0
WEEKENDS/HOLIDAY,NE5,5921.0,6064.0
WEEKENDS/HOLIDAY,NE7/DT12,16088.0,17628.0
WEEKENDS/HOLIDAY,NE8,16390.0,18152.0
WEEKENDS/HOLIDAY,NE9,13200.0,11698.0
WEEKENDS/HOLIDAY,NS10,28937.0,25139.0
WEEKENDS/HOLIDAY,NS11,25188.0,24572.0
WEEKENDS/HOLIDAY,NS12,7040.0,6154.0
WEEKENDS/HOLIDAY,NS13,33131.0,34057.0
WEEKENDS/HOLIDAY,NS14,19481.0,17599.0
WEEKENDS/HOLIDAY,NS15,9393.0,8616.0
WEEKENDS/HOLIDAY,NS16,31270.0,33119.0
WEEKENDS/HOLIDAY,NS17/CC15,10278.0,6465.0
WEEKENDS/HOLIDAY,NS18,8931.0,8347.0
WEEKENDS/HOLIDAY,NS19,23774.0,24598.0
WEEKENDS/HOLIDAY,NS2,15946.0,16457.0
WEEKENDS/HOLIDAY,NS20,16072.0,15868.0
WEEKENDS/HOLIDAY,NS21/DT11,31966.0,32762.0
WEEKENDS/HOLIDAY,NS22,38870.0,40724.0
WEEKENDS/HOLIDAY,NS23,21304.0,22714.0
WEEKENDS/HOLIDAY,NS24/NE6/CC1,22193.0,20794.0
WEEKENDS/HOLIDAY,NS27/CE2,978.0,1320.0
WEEKENDS/HOLIDAY,NS28,1954.0,1715.0
WEEKENDS/HOLIDAY,NS3,12357.0,11908.0
WEEKENDS/HOLIDAY,NS4/BP1,22286.0,23541.0
WEEKENDS/HOLIDAY,NS5,17938.0,17242.0
WEEKENDS/HOLIDAY,NS7,3818.0,3926.0
WEEKENDS/HOLIDAY,NS8,14228.0,11895.0
WEEKENDS/HOLIDAY,NS9/TE2,26888.0,30723.0
WEEKENDS/HOLIDAY,PE1,2095.0,2040.0
WEEKENDS/HOLIDAY,PE2,3105.0,2929.0
WEEKENDS/HOLIDAY,PE3,3286.0,3287.0
WEEKENDS/HOLIDAY,PE4,1167.0,1164.0
WEEKENDS/HOLIDAY,PE5,2944.0,2730.0
WEEKENDS/HOLIDAY,PE6,4051.0,3851.0
WEEKENDS/HOLIDAY,PE7,2487.0,2294.0
WEEKENDS/HOLIDAY,PW1,907.0,874.0
WEEKENDS/HOLIDAY,PW3,185.0,261.0
WEEKENDS/HOLIDAY,PW4,670.0,655.0
WEEKENDS/HOLIDAY,PW5,1240.0,1194.0
WEEKENDS/HOLIDAY,PW6,767.0,688.0
WEEKENDS/HOLIDAY,PW7,1237.0,1405.0
WEEKENDS/HOLIDAY,SE1,2459.0,2429.0
WEEKENDS/HOLIDAY,SE2,3492.0,3274.0
WEEKENDS/HOLIDAY,SE3,1790.0,1680.0
WEEKENDS/HOLIDAY,SE4,2357.0,2211.0
WEEKENDS/HOLIDAY,SE5,1575.0,1591.0
WEEKENDS/HOLIDAY,SW1,1102.0,1099.0
WEEKENDS/HOLIDAY,SW2,2375.0,2186.0
WEEKENDS/HOLIDAY,SW3,1417.0,1360.0
WEEKENDS/HOLIDAY,SW4,803.0,812.0
WEEKENDS/HOLIDAY,SW5,4872.0,4594.0
WEEKENDS/HOLIDAY,SW6,2028.0,1875.0
WEEKENDS/HOLIDAY,SW7,1657.0,1523.0
WEEKENDS/HOLIDAY,SW8,1200.0,1126.0
WEEKENDS/HOLIDAY,TE1,394.0,377.0
WEEKENDS/HOLIDAY,TE3,1461.0,1074.0
