DAY_TYPE,PT_CODE,TOTAL_TAP_IN_VOLUME,TOTAL_TAP_OUT_VOLUME
WEEKDAY,BP10,1246.0,1367.0
WEEKDAY,BP11,1204.0,1040.0
WEEKDAY,BP12,780.0,661.0
WEEKDAY,BP13,556.0,405.0
WEEKDAY,BP2,934.0,803.0
WEEKDAY,BP3,1337.0,1149.0
WEEKDAY,BP4,675.0,634.0
WEEKDAY,BP5,775.0,566.0
WEEKDAY,BP7,433.0,487.0
WEEKDAY,BP8,766.0,718.0
WEEKDAY,BP9,893.0,799.0
WEEKDAY,CC10/DT26,3974.0,3797.0
WEEKDAY,CC11,4119.0,4139.0
WEEKDAY,CC12,833.0,798.0
WEEKDAY,CC14,982.0,951.0
WEEKDAY,CC16,1571.0,1612.0
WEEKDAY,CC17,747.0,703.0
WEEKDAY,CC19/DT9,928.0,941.0
WEEKDAY,CC2,527.0,489.0
WEEKDAY,CC20,922.0,964.0
WEEKDAY,CC21,1464.0,1549.0
WEEKDAY,CC22/EW21,3797.0,3645.0
WEEKDAY,CC23,1604.0,1671.0
WEEKDAY,CC24,5440.0,5189.0
WEEKDAY,CC25,1949.0,1848.0
WEEKDAY,CC26,1854.0,1946.0
WEEKDAY,CC27,723.0,767.0
WEEKDAY,CC28,989.0,948.0
WEEKDAY,CC3,630.0,618.0
WEEKDAY,CC4/DT15,1364.0,1304.0
WEEKDAY,CC5,592.0,597.0
WEEKDAY,CC6,1277.0,1233.0
WEEKDAY,CC7,1098.0,1194.0
WEEKDAY,CC8,1384.0,1281.0
WEEKDAY,CE1/DT16,495.0,474.0
WEEKDAY,CG1/DT35,3054.0,3166.0
WEEKDAY,CG2,1986.0,1874.0
WEEKDAY,DT1/PB6,7757.0,8406.0
WEEKDAY,DT10,644.0,539.0
WEEKDAY,DT13,1235.0,1216.0
WEEKDAY,DT17,1817.0,1778.0
WEEKDAY,DT18,1589.0,1722.0
WEEKDAY,DT2,379.0,321.0
WEEKDAY,DT20,729.0,760.0
WEEKDAY,DT21,819.0,725.0
WEEKDAY,DT22,1128.0,1193.0
WEEKDAY,DT23,665.0,653.0
WEEKDAY,DT24,1389.0,1426.0
WEEKDAY,DT25,898.0,962.0
WEEKDAY,DT27,1613.0,1662.0
WEEKDAY,DT28,2346.0,2320.0
WEEKDAY,DT29,1943.0,1771.0
WEEKDAY,DT3,1030.0,890.0
WEEKDAY,DT30,1546.0,1482.0
WEEKDAY,DT31,2029.0,2197.0
WEEKDAY,DT33,4186.0,4018.0
WEEKDAY,DT34,866.0,735.0
WEEKDAY,DT5,1756.0,1793.0
WEEKDAY,DT6,650.0,648.0
WEEKDAY,DT7,383.0,497.0
WEEKDAY,DT8,412.0,424.0
WEEKDAY,EW1,7028.0,6780.0
WEEKDAY,EW10,2706.0,2674.0
WEEKDAY,EW11,4599.0,4559.0
WEEKDAY,EW12/DT14,5474.0,5510.0
WEEKDAY,EW13/NS25,4228.0,4296.0
WEEKDAY,EW14/NS26,5772.0,5764.0
WEEKDAY,EW15,5112.0,5472.0
WEEKDAY,EW16/NE3,10309.0,9699.0
WEEKDAY,EW17,6709.0,7013.0
WEEKDAY,EW18,3702.0,3922.0
WEEKDAY,EW19,3019.0,2792.0
WEEKDAY,EW2/DT32,12635.0,13014.0
WEEKDAY,EW20,4325.0,4156.0
WEEKDAY,EW22,1162.0,1233.0
WEEKDAY,EW23,11015.0,11367.0
WEEKDAY,EW24/NS1,19402.0,20166.0
WEEKDAY,EW25,2313.0,1996.0
WEEKDAY,EW26,10584.0,9388.0
WEEKDAY,EW27,13693.0,15620.0
WEEKDAY,EW28,8125.0,6445.0
WEEKDAY,EW29,6697.0,7279.0
WEEKDAY,EW3,4570.0,4463.0
WEEKDAY,EW30,1784.0,1610.0
WEEKDAY,EW31,1588.0,1339.0
WEEKDAY,EW32,1739.0,1585.0
WEEKDAY,EW33,1100.0,945.0
WEEKDAY,EW4,3219.0,2830.0
WEEKDAY,EW5,8615.0,8594.0
WEEKDAY,EW6,2101.0,2504.0
WEEKDAY,EW7,3658.0,4204.0
WEEKDAY,EW8/CC9,8726.0,8881.0
WEEKDAY,EW9,4344.0,4397.0
WEEKDAY,NE1/CC29,5481.0,5611.0
WEEKDAY,NE10,3116.0,3265.0
WEEKDAY,NE11,959.0,888.0
WEEKDAY,NE12/CC13,5397.0,4968.0
WEEKDAY,NE13,4497.0,4465.0
WEEKDAY,NE14,7756.0,7774.0
WEEKDAY,NE15,3491.0,3529.0
WEEKDAY,NE16/STC,10712.0,10900.0
WEEKDAY,NE17/PTC,8738.0,8293.0
WEEKDAY,NE4/DT19,8411.0,8447.0
WEEKDAY,NE5,1717.0,1594.0
WEEKDAY,NE7/DT12,5693.0,5930.0
WEEKDAY,NE8,4521.0,5125.0
WEEKDAY,NE9,6260.0,5414.0
WEEKDAY,NS10,15348.0,13579.0
WEEKDAY,NS11,11572.0,11910.0
WEEKDAY,NS12,3221.0,2725.0
WEEKDAY,NS13,14708.0,15468.0
WEEKDAY,NS14,9167.0,8334.0
WEEKDAY,NS15,5317.0,4901.0
WEEKDAY,NS16,13559.0,14829.0
WEEKDAY,NS17/CC15,3487.0,2701.0
WEEKDAY,NS18,4306.0,4027.0
WEEKDAY,NS19,9750.0,10574.0
WEEKDAY,NS2,7989.0,8439.0
WEEKDAY,NS20,12058.0,11410.0
WEEKDAY,NS21/DT11,8146.0,8237.0
WEEKDAY,NS22,7757.0,8293.0
WEEKDAY,NS23,3514.0,3795.0
WEEKDAY,NS24/NE6/CC1,4028.0,3507.0
WEEKDAY,NS27/CE2,591.0,569.0
WEEKDAY,NS28,451.0,403.0
WEEKDAY,NS3,5889.0,5773.0
WEEKDAY,NS4/BP1,11039.0,11926.0
WEEKDAY,NS5,8894.0,8506.0
WEEKDAY,NS7,2090.0,2142.0
WEEKDAY,NS8,8030.0,6494.0
WEEKDAY,NS9/TE2,11586.0,14523.0
WEEKDAY,PE1,824.0,726.0
WEEKDAY,PE2,1218.0,1174.0
WEEKDAY,PE3,1330.0,1298.0
WEEKDAY,PE4,318.0,356.0
WEEKDAY,PE5,1099.0,1112.0
WEEKDAY,PE6,1634.0,1627.0
WEEKDAY,PE7,828.0,890.0
WEEKDAY,PW1,41.0,31.0
WEEKDAY,PW3,42.0,45.0
WEEKDAY,PW4,49.0,52.0
WEEKDAY,PW5,593.0,611.0
WEEKDAY,PW6,267.0,276.0
WEEKDAY,PW7,403.0,545.0
WEEKDAY,SE1,1017.0,935.0
WEEKDAY,SE2,1495.0,1376.0
WEEKDAY,SE3,805.0,733.0
WEEKDAY,SE4,981.0,909.0
WEEKDAY,SE5,603.0,665.0
WEEKDAY,SW1,594.0,891.0
WEEKDAY,SW2,702.0,735.0
WEEKDAY,SW3,654.0,687.0
WEEKDAY,SW4,261.0,252.0
WEEKDAY,SW5,1912.0,1793.0
WEEKDAY,SW6,849.0,754.0
WEEKDAY,SW7,673.0,598.0
WEEKDAY,SW8,561.0,504.0
WEEKDAY,TE1,221.0,237.0
WEEKDAY,TE3,529.0,434.0
WEEKENDS/HOLIDAY,BP10,820.0,961.0
WEEKENDS/HOLIDAY,BP11,755.0,687.0
WEEKENDS/HOLIDAY,BP12,433.0,424.0
WEEKENDS/HOLIDAY,BP13,301.0,262.0
WEEKENDS/HOLIDAY,BP2,630.0,576.0
WEEKENDS/HOLIDAY,BP3,902.0,786.0
WEEKENDS/HOLIDAY,BP4,437.0,412.0
WEEKENDS/HOLIDAY,BP5,522.0,406.0
WEEKENDS/HOLIDAY,BP7,226.0,309.0
WEEKENDS/HOLIDAY,BP8,457.0,417.0
WEEKENDS/HOLIDAY,BP9,721.0,498.0
WEEKENDS/HOLIDAY,CC10/DT26,2349.0,2225.0
WEEKENDS/HOLIDAY,CC11,1815.0,1745.0
WEEKENDS/HOLIDAY,CC12,584.0,582.0
WEEKENDS/HOLIDAY,CC14,728.0,702.0
WEEKENDS/HOLIDAY,CC16,922.0,959.0
WEEKENDS/HOLIDAY,CC17,439.0,420.0
WEEKENDS/HOLIDAY,CC19/DT9,927.0,979.0
WEEKENDS/HOLIDAY,CC2,400.0,387.0
WEEKENDS/HOLIDAY,CC20,695.0,730.0
WEEKENDS/HOLIDAY,CC21,1267.0,1311.0
WEEKENDS/HOLIDAY,CC22/EW21,2444.0,2386.0
WEEKENDS/HOLIDAY,CC23,743.0,772.0
WEEKENDS/HOLIDAY,CC24,1869.0,1746.0
WEEKENDS/HOLIDAY,CC25,1283.0,1227.0
WEEKENDS/HOLIDAY,CC26,1108.0,1129.0
WEEKENDS/HOLIDAY,CC27,348.0,344.0
WEEKENDS/HOLIDAY,CC28,729.0,712.0
WEEKENDS/HOLIDAY,CC3,510.0,476.0
WEEKENDS/HOLIDAY,CC4/DT15,888.0,818.0
WEEKENDS/HOLIDAY,CC5,472.0,495.0
WEEKENDS/HOLIDAY,CC6,1398.0,1296.0
WEEKENDS/HOLIDAY,CC7,932.0,1006.0
WEEKENDS/HOLIDAY,CC8,1110.0,1078.0
WEEKENDS/HOLIDAY,CE1/DT16,521.0,488.0
WEEKENDS/HOLIDAY,CG1/DT35,2023.0,2048.0
WEEKENDS/HOLIDAY,CG2,1630.0,1533.0
WEEKENDS/HOLIDAY,DT1/PB6,4912.0,5200.0
WEEKENDS/HOLIDAY,DT10,450.0,381.0
WEEKENDS/HOLIDAY,DT13,926.0,918.0
WEEKENDS/HOLIDAY,DT17,696.0,677.0
WEEKENDS/HOLIDAY,DT18,556.0,588.0
WEEKENDS/HOLIDAY,DT2,168.0,156.0
WEEKENDS/HOLIDAY,DT20,568.0,603.0
WEEKENDS/HOLIDAY,DT21,543.0,513.0
WEEKENDS/HOLIDAY,DT22,864.0,956.0
WEEKENDS/HOLIDAY,DT23,280.0,293.0
WEEKENDS/HOLIDAY,DT24,876.0,917.0
WEEKENDS/HOLIDAY,DT25,513.0,525.0
WEEKENDS/HOLIDAY,DT27,827.0,827.0
WEEKENDS/HOLIDAY,DT28,1089.0,1023.0
WEEKENDS/HOLIDAY,DT29,1162.0,1074.0
WEEKENDS/HOLIDAY,DT3,818.0,707.0
WEEKENDS/HOLIDAY,DT30,967.0,922.0
WEEKENDS/HOLIDAY,DT31,1354.0,1447.0
WEEKENDS/HOLIDAY,DT33,2520.0,2414.0
WEEKENDS/HOLIDAY,DT34,558.0,524.0
WEEKENDS/HOLIDAY,DT5,1376.0,1349.0
WEEKENDS/HOLIDAY,DT6,454.0,440.0
WEEKENDS/HOLIDAY,DT7,291.0,375.0
WEEKENDS/HOLIDAY,DT8,300.0,305.0
WEEKENDS/HOLIDAY,EW1,4415.0,4260.0
WEEKENDS/HOLIDAY,EW10,1860.0,1834.0
WEEKENDS/HOLIDAY,EW11,3027.0,2999.0
WEEKENDS/HOLIDAY,EW12/DT14,4109.0,4202.0
WEEKENDS/HOLIDAY,EW13/NS25,3440.0,3395.0
WEEKENDS/HOLIDAY,EW14/NS26,1898.0,1814.0
WEEKENDS/HOLIDAY,EW15,2707.0,2873.0
WEEKENDS/HOLIDAY,EW16/NE3,4155.0,3852.0
WEEKENDS/HOLIDAY,EW17,4695.0,4921.0
WEEKENDS/HOLIDAY,EW18,2472.0,2593.0
WEEKENDS/HOLIDAY,EW19,2006.0,1912.0
WEEKENDS/HOLIDAY,EW2/DT32,8606.0,8657.0
WEEKENDS/HOLIDAY,EW20,2836.0,2719.0
WEEKENDS/HOLIDAY,EW22,779.0,832.0
WEEKENDS/HOLIDAY,EW23,6793.0,6853.0
WEEKENDS/HOLIDAY,EW24/NS1,12208.0,12752.0
WEEKENDS/HOLIDAY,EW25,1304.0,1224.0
WEEKENDS/HOLIDAY,EW26,6165.0,5443.0
WEEKENDS/HOLIDAY,EW27,8308.0,9340.0
WEEKENDS/HOLIDAY,EW28,4780.0,3966.0
WEEKENDS/HOLIDAY,EW29,3261.0,3385.0
WEEKENDS/HOLIDAY,EW3,2898.0,2832.0
WEEKENDS/HOLIDAY,EW30,700.0,599.0
WEEKENDS/HOLIDAY,EW31,755.0,600.0
WEEKENDS/HOLIDAY,EW32,785.0,704.0
WEEKENDS/HOLIDAY,EW33,518.0,489.0
WEEKENDS/HOLIDAY,EW4,2152.0,1917.0
WEEKENDS/HOLIDAY,EW5,5774.0,5803.0
WEEKENDS/HOLIDAY,EW6,1540.0,1751.0
WEEKENDS/HOLIDAY,EW7,2581.0,2839.0
WEEKENDS/HOLIDAY,EW8/CC9,6709.0,6915.0
WEEKENDS/HOLIDAY,EW9,2996.0,3094.0
WEEKENDS/HOLIDAY,NE1/CC29,4484.0,4460.0
WEEKENDS/HOLIDAY,NE10,2186.0,2220.0
WEEKENDS/HOLIDAY,NE11,608.0,576.0
WEEKENDS/HOLIDAY,NE12/CC13,4024.0,3847.0
WEEKENDS/HOLIDAY,NE13,3688.0,3622.0
WEEKENDS/HOLIDAY,NE14,5328.0,5271.0
WEEKENDS/HOLIDAY,NE15,2589.0,2614.0
WEEKENDS/HOLIDAY,NE16/STC,7791.0,7881.0
WEEKENDS/HOLIDAY,NE17/PTC,6890.0,6390.0
WEEKENDS/HOLIDAY,NE4/DT19,6775.0,6934.0
WEEKENDS/HOLIDAY,NE5,1115.0,1058.0
WEEKENDS/HOLIDAY,NE7/DT12,4332.0,4831.0
WEEKENDS/HOLIDAY,NE8,3837.0,4346.0
WEEKENDS/HOLIDAY,NE9,4718.0,4029.0
WEEKENDS/HOLIDAY,NS10,9068.0,8288.0
WEEKENDS/HOLIDAY,NS11,7406.0,7473.0
WEEKENDS/HOLIDAY,NS12,2092.0,1772.0
WEEKENDS/HOLIDAY,NS13,9233.0,9719.0
WEEKENDS/HOLIDAY,NS14,5710.0,5183.0
WEEKENDS/HOLIDAY,NS15,2799.0,2622.0
WEEKENDS/HOLIDAY,NS16,8925.0,9537.0
WEEKENDS/HOLIDAY,NS17/CC15,1897.0,1564.0
WEEKENDS/HOLIDAY,NS18,3209.0,3041.0
WEEKENDS/HOLIDAY,NS19,6574.0,7060.0
WEEKENDS/HOLIDAY,NS2,4846.0,5081.0
WEEKENDS/HOLIDAY,NS20,5859.0,5625.0
WEEKENDS/HOLIDAY,NS21/DT11,5235.0,5374.0
WEEKENDS/HOLIDAY,NS22,6421.0,6877.0
WEEKENDS/HOLIDAY,NS23,2891.0,3080.0
WEEKENDS/HOLIDAY,NS24/NE6/CC1,3143.0,2848.0
WEEKENDS/HOLIDAY,NS27/CE2,256.0,266.0
WEEKENDS/HOLIDAY,NS28,371.0,324.0
WEEKENDS/HOLIDAY,NS3,3997.0,3969.0
WEEKENDS/HOLIDAY,NS4/BP1,6675.0,7097.0
WEEKENDS/HOLIDAY,NS5,5204.0,5089.0
WEEKENDS/HOLIDAY,NS7,1437.0,1352.0
WEEKENDS/HOLIDAY,NS8,5178.0,4324.0
WEEKENDS/HOLIDAY,NS9/TE2,7929.0,9374.0
WEEKENDS/HOLIDAY,PE1,626.0,531.0
WEEKENDS/HOLIDAY,PE2,917.0,903.0
WEEKENDS/HOLIDAY,PE3,962.0,920.0
WEEKENDS/HOLIDAY,PE4,238.0,302.0
WEEKENDS/HOLIDAY,PE5,796.0,841.0
WEEKENDS/HOLIDAY,PE6,1168.0,1146.0
WEEKENDS/HOLIDAY,PE7,567.0,649.0
WEEKENDS/HOLIDAY,PW1,30.0,25.0
WEEKENDS/HOLIDAY,PW3,28.0,28.0
WEEKENDS/HOLIDAY,PW4,47.0,45.0
WEEKENDS/HOLIDAY,PW5,442.0,452.0
WEEKENDS/HOLIDAY,PW6,188.0,214.0
WEEKENDS/HOLIDAY,PW7,262.0,385.0
WEEKENDS/HOLIDAY,SE1,739.0,630.0
WEEKENDS/HOLIDAY,SE2,1080.0,1036.0
WEEKENDS/HOLIDAY,SE3,553.0,537.0
WEEKENDS/HOLIDAY,SE4,780.0,732.0
WEEKENDS/HOLIDAY,SE5,430.0,491.0
WEEKENDS/HOLIDAY,SW1,275.0,444.0
WEEKENDS/HOLIDAY,SW2,532.0,582.0
WEEKENDS/HOLIDAY,SW3,477.0,508.0
WEEKENDS/HOLIDAY,SW4,203.0,191.0
WEEKENDS/HOLIDAY,SW5,1424.0,1360.0
WEEKENDS/HOLIDAY,SW6,606.0,546.0
WEEKENDS/HOLIDAY,SW7,504.0,461.0
WEEKENDS/HOLIDAY,SW8,365.0,316.0
WEEKENDS/HOLIDAY,TE1,124.0,115.0
WEEKENDS/HOLIDAY,TE3,337.0,253.0
