DAY_TYPE,ORIGIN_PT_CODE,DESTINATION_PT_CODE,TOTAL_TRIPS
WEEKDAY,BP10,BP11,2252.0
WEEKDAY,BP10,BP9,597.0
WEEKDAY,BP11,BP10,418.0
WEEKDAY,BP11,BP12,3739.0
WEEKDAY,BP12,BP11,1597.0
WEEKDAY,BP12,BP13,4923.0
WEEKDAY,BP13,BP12,2480.0
WEEKDAY,BP13,DT1,5514.0
WEEKDAY,BP2,BP3,10337.0
WEEKDAY,BP2,NS4,10638.0
WEEKDAY,BP3,BP2,10630.0
WEEKDAY,BP3,BP4,10241.0
WEEKDAY,BP4,BP3,10190.0
WEEKDAY,BP4,BP5,9802.0
WEEKDAY,BP5,BP4,9621.0
WEEKDAY,BP5,DT1,10299.0
WEEKDAY,BP7,BP8,3711.0
WEEKDAY,BP7,DT1,2292.0
WEEKDAY,BP8,BP7,1919.0
WEEKDAY,BP8,BP9,3407.0
WEEKDAY,BP9,BP10,2615.0
WEEKDAY,BP9,BP8,1491.0
WEEKDAY,CC10,CC11,20261.0
WEEKDAY,CC10,DT25,21290.0
WEEKDAY,CC10,DT27,31389.0
WEEKDAY,CC10,EW8,28772.0
WEEKDAY,CC11,CC10,21332.0
WEEKDAY,CC11,CC12,22111.0
WEEKDAY,CC12,CC11,23475.0
WEEKDAY,CC12,NE12,22884.0
WEEKDAY,CC14,NE12,27651.0
WEEKDAY,CC14,NS17,26991.0
WEEKDAY,CC16,CC17,19188.0
WEEKDAY,CC16,NS17,18267.0
WEEKDAY,CC17,CC16,17852.0
WEEKDAY,CC17,CC19,19858.0
WEEKDAY,CC19,CC17,18488.0
WEEKDAY,CC19,CC20,36717.0
WEEKDAY,CC19,DT10,33503.0
WEEKDAY,CC19,DT8,17914.0
WEEKDAY,CC2,CC3,1353.0
WEEKDAY,CC2,NS24,1870.0
WEEKDAY,CC20,CC19,36131.0
WEEKDAY,CC20,CC21,36436.0
WEEKDAY,CC21,CC20,35932.0
WEEKDAY,CC21,EW21,35954.0
WEEKDAY,CC23,CC24,11540.0
WEEKDAY,CC23,EW21,14061.0
WEEKDAY,CC24,CC23,11563.0
WEEKDAY,CC24,CC25,6399.0
WEEKDAY,CC25,CC24,6232.0
WEEKDAY,CC25,CC26,5258.0
WEEKDAY,CC26,CC25,5008.0
WEEKDAY,CC26,CC27,4643.0
WEEKDAY,CC27,CC26,4614.0
WEEKDAY,CC27,CC28,4562.0
WEEKDAY,CC28,CC27,4623.0
WEEKDAY,CC28,NE1,4866.0
WEEKDAY,CC3,CC2,1401.0
WEEKDAY,CC3,CC4,1069.0
WEEKDAY,CC4,CC3,1041.0
WEEKDAY,CC4,CC5,4829.0
WEEKDAY,CC4,CE1,5567.0
WEEKDAY,CC4,EW12,6230.0
WEEKDAY,CC5,CC4,4699.0
WEEKDAY,CC5,CC6,4533.0
WEEKDAY,CC6,CC5,4469.0
WEEKDAY,CC6,CC7,5053.0
WEEKDAY,CC7,CC6,5029.0
WEEKDAY,CC7,CC8,5732.0
WEEKDAY,CC8,CC7,5732.0
WEEKDAY,CC8,EW8,7038.0
WEEKDAY,CE1,CC4,5548.0
WEEKDAY,CE1,DT17,4057.0
WEEKDAY,CE1,NS27,307.0
WEEKDAY,CG1,CG2,2596.0
WEEKDAY,CG1,DT34,2919.0
WEEKDAY,CG1,EW4,4643.0
WEEKDAY,CG2,CG1,2695.0
WEEKDAY,DT1,BP13,2788.0
WEEKDAY,DT1,BP5,9759.0
WEEKDAY,DT1,BP7,4106.0
WEEKDAY,DT1,DT2,13111.0
WEEKDAY,DT10,CC19,32240.0
WEEKDAY,DT10,NS21,34239.0
WEEKDAY,DT13,EW12,31299.0
WEEKDAY,DT13,NE7,32008.0
WEEKDAY,DT17,CE1,3969.0
WEEKDAY,DT17,DT18,2438.0
WEEKDAY,DT18,DT17,2295.0
WEEKDAY,DT18,NE4,5115.0
WEEKDAY,DT2,DT1,13037.0
WEEKDAY,DT2,DT3,13561.0
WEEKDAY,DT20,DT21,17643.0
WEEKDAY,DT20,NE4,17390.0
WEEKDAY,DT21,DT20,17574.0
WEEKDAY,DT21,DT22,18612.0
WEEKDAY,DT22,DT21,18342.0
WEEKDAY,DT22,DT23,19549.0
WEEKDAY,DT23,DT22,19405.0
WEEKDAY,DT23,DT24,20229.0
WEEKDAY,DT24,DT23,20058.0
WEEKDAY,DT24,DT25,20899.0
WEEKDAY,DT25,CC10,21309.0
WEEKDAY,DT25,DT24,20737.0
WEEKDAY,DT27,CC10,30707.0
WEEKDAY,DT27,DT28,30470.0
WEEKDAY,DT28,DT27,29843.0
WEEKDAY,DT28,DT29,29010.0
WEEKDAY,DT29,DT28,28336.0
WEEKDAY,DT29,DT30,28337.0
WEEKDAY,DT3,DT2,13216.0
WEEKDAY,DT3,DT5,15337.0
WEEKDAY,DT30,DT29,27390.0
WEEKDAY,DT30,DT31,27026.0
WEEKDAY,DT31,DT30,26096.0
WEEKDAY,DT31,EW2,25749.0
WEEKDAY,DT33,DT34,3349.0
WEEKDAY,DT33,EW2,8765.0
WEEKDAY,DT34,CG1,3258.0
WEEKDAY,DT34,DT33,3131.0
WEEKDAY,DT5,DT3,14682.0
WEEKDAY,DT5,DT6,17039.0
WEEKDAY,DT6,DT5,16568.0
WEEKDAY,DT6,DT7,17665.0
WEEKDAY,DT7,DT6,17084.0
WEEKDAY,DT7,DT8,18015.0
WEEKDAY,DT8,CC19,18582.0
WEEKDAY,DT8,DT7,17490.0
WEEKDAY,EW1,EW2,12982.0
WEEKDAY,EW10,EW11,27821.0
WEEKDAY,EW10,EW9,27889.0
WEEKDAY,EW11,EW10,28059.0
WEEKDAY,EW11,EW12,30398.0
WEEKDAY,EW12,CC4,6425.0
WEEKDAY,EW12,DT13,30463.0
WEEKDAY,EW12,EW11,30541.0
WEEKDAY,EW12,NS25,9132.0
WEEKDAY,EW15,EW16,10605.0
WEEKDAY,EW15,NS26,12322.0
WEEKDAY,EW16,EW15,11186.0
WEEKDAY,EW16,EW17,25248.0
WEEKDAY,EW16,NE1,11073.0
WEEKDAY,EW16,NE4,32204.0
WEEKDAY,EW17,EW16,24947.0
WEEKDAY,EW17,EW18,23977.0
WEEKDAY,EW18,EW17,24274.0
WEEKDAY,EW18,EW19,24173.0
WEEKDAY,EW19,EW18,24836.0
WEEKDAY,EW19,EW20,25636.0
WEEKDAY,EW2,DT31,25205.0
WEEKDAY,EW2,DT33,8774.0
WEEKDAY,EW2,EW1,12709.0
WEEKDAY,EW2,EW3,7613.0
WEEKDAY,EW20,EW19,25987.0
WEEKDAY,EW20,EW21,28351.0
WEEKDAY,EW21,CC21,35777.0
WEEKDAY,EW21,CC23,14076.0
WEEKDAY,EW21,EW20,28359.0
WEEKDAY,EW21,EW22,56817.0
WEEKDAY,EW22,EW21,55980.0
WEEKDAY,EW22,EW23,57100.0
WEEKDAY,EW23,EW22,56328.0
WEEKDAY,EW23,NS1,56704.0
WEEKDAY,EW25,EW26,46890.0
WEEKDAY,EW25,NS1,49639.0
WEEKDAY,EW26,EW25,48443.0
WEEKDAY,EW26,EW27,39933.0
WEEKDAY,EW27,EW26,39602.0
WEEKDAY,EW27,EW28,22645.0
WEEKDAY,EW28,EW27,25732.0
WEEKDAY,EW28,EW29,16149.0
WEEKDAY,EW29,EW28,16238.0
WEEKDAY,EW29,EW30,6910.0
WEEKDAY,EW3,EW2,7725.0
WEEKDAY,EW3,EW4,10259.0
WEEKDAY,EW30,EW29,7628.0
WEEKDAY,EW30,EW31,4903.0
WEEKDAY,EW31,EW30,5431.0
WEEKDAY,EW31,EW32,3071.0
WEEKDAY,EW32,EW31,3323.0
WEEKDAY,EW32,EW33,1117.0
WEEKDAY,EW33,EW32,1241.0
WEEKDAY,EW4,CG1,4285.0
WEEKDAY,EW4,EW3,10390.0
WEEKDAY,EW4,EW5,16799.0
WEEKDAY,EW5,EW4,15795.0
WEEKDAY,EW5,EW6,23653.0
WEEKDAY,EW6,EW5,22663.0
WEEKDAY,EW6,EW7,24582.0
WEEKDAY,EW7,EW6,24386.0
WEEKDAY,EW7,EW8,26437.0
WEEKDAY,EW8,CC10,28177.0
WEEKDAY,EW8,CC8,6615.0
WEEKDAY,EW8,EW7,27378.0
WEEKDAY,EW8,EW9,27083.0
WEEKDAY,EW9,EW10,27667.0
WEEKDAY,EW9,EW8,27409.0
WEEKDAY,NE1,CC28,4852.0
WEEKDAY,NE1,EW16,10769.0
WEEKDAY,NE10,NE11,36599.0
WEEKDAY,NE10,NE9,37016.0
WEEKDAY,NE11,NE10,37648.0
WEEKDAY,NE11,NE12,37000.0
WEEKDAY,NE12,CC12,23992.0
WEEKDAY,NE12,CC14,26934.0
WEEKDAY,NE12,NE11,37831.0
WEEKDAY,NE12,NE13,47302.0
WEEKDAY,NE13,NE12,47749.0
WEEKDAY,NE13,NE14,44784.0
WEEKDAY,NE14,NE13,45265.0
WEEKDAY,NE14,NE15,38075.0
WEEKDAY,NE15,NE14,38571.0
WEEKDAY,NE15,NE16,34251.0
WEEKDAY,NE16,NE15,34675.0
WEEKDAY,NE16,NE17,19089.0
WEEKDAY,NE16,SE1,4347.0
WEEKDAY,NE16,SE5,2128.0
WEEKDAY,NE16,SW1,2760.0
WEEKDAY,NE16,SW8,4698.0
WEEKDAY,NE17,NE16,19627.0
WEEKDAY,NE17,PE1,4219.0
WEEKDAY,NE17,PE7,4867.0
WEEKDAY,NE17,PW1,278.0
WEEKDAY,NE17,PW7,1921.0
WEEKDAY,NE4,DT18,5174.0
WEEKDAY,NE4,DT20,17554.0
WEEKDAY,NE4,EW16,32580.0
WEEKDAY,NE4,NE5,26586.0
WEEKDAY,NE5,NE4,27218.0
WEEKDAY,NE5,NS24,28561.0
WEEKDAY,NE7,DT13,32929.0
WEEKDAY,NE7,NE8,36127.0
WEEKDAY,NE7,NS21,51006.0
WEEKDAY,NE7,NS24,56455.0
WEEKDAY,NE8,NE7,37048.0
WEEKDAY,NE8,NE9,35779.0
WEEKDAY,NE9,NE10,36187.0
WEEKDAY,NE9,NE8,37838.0
WEEKDAY,NS1,EW23,56498.0
WEEKDAY,NS1,EW25,47582.0
WEEKDAY,NS1,NS2,47789.0
WEEKDAY,NS10,NS11,42204.0
WEEKDAY,NS10,NS9,39568.0
WEEKDAY,NS11,NS10,41968.0
WEEKDAY,NS11,NS12,47091.0
WEEKDAY,NS12,NS11,47313.0
WEEKDAY,NS12,NS13,48842.0
WEEKDAY,NS13,NS12,48342.0
WEEKDAY,NS13,NS14,52613.0
WEEKDAY,NS14,NS13,53775.0
WEEKDAY,NS14,NS15,56359.0
WEEKDAY,NS15,NS14,55973.0
WEEKDAY,NS15,NS16,56483.0
WEEKDAY,NS16,NS15,55429.0
WEEKDAY,NS16,NS17,61175.0
WEEKDAY,NS17,CC14,27620.0
WEEKDAY,NS17,CC16,19543.0
WEEKDAY,NS17,NS16,62072.0
WEEKDAY,NS17,NS18,47160.0
WEEKDAY,NS18,NS17,46608.0
WEEKDAY,NS18,NS19,48315.0
WEEKDAY,NS19,NS18,47104.0
WEEKDAY,NS19,NS20,48232.0
WEEKDAY,NS2,NS1,46870.0
WEEKDAY,NS2,NS3,44459.0
WEEKDAY,NS20,NS19,48365.0
WEEKDAY,NS20,NS21,42824.0
WEEKDAY,NS21,DT10,32560.0
WEEKDAY,NS21,NE7,52477.0
WEEKDAY,NS21,NS20,42446.0
WEEKDAY,NS21,NS22,14781.0
WEEKDAY,NS22,NS21,14629.0
WEEKDAY,NS22,NS23,10471.0
WEEKDAY,NS23,NS22,11403.0
WEEKDAY,NS23,NS24,9526.0
WEEKDAY,NS24,CC2,1836.0
WEEKDAY,NS24,NE5,29039.0
WEEKDAY,NS24,NE7,55276.0
WEEKDAY,NS24,NS23,11193.0
WEEKDAY,NS24,NS25,16136.0
WEEKDAY,NS25,EW12,9346.0
WEEKDAY,NS25,NS24,16062.0
WEEKDAY,NS25,NS26,17971.0
WEEKDAY,NS26,EW15,12325.0
WEEKDAY,NS26,NS25,18404.0
WEEKDAY,NS26,NS27,1069.0
WEEKDAY,NS27,CE1,340.0
WEEKDAY,NS27,NS26,1127.0
WEEKDAY,NS27,NS28,377.0
WEEKDAY,NS28,NS27,440.0
WEEKDAY,NS3,NS2,44438.0
WEEKDAY,NS3,NS4,41210.0
WEEKDAY,NS4,BP2,10055.0
WEEKDAY,NS4,NS3,40892.0
WEEKDAY,NS4,NS5,38404.0
WEEKDAY,NS5,NS4,39095.0
WEEKDAY,NS5,NS7,32596.0
WEEKDAY,NS7,NS5,32734.0
WEEKDAY,NS7,NS8,32943.0
WEEKDAY,NS8,NS7,33323.0
WEEKDAY,NS8,NS9,36802.0
WEEKDAY,NS9,NS10,36766.0
WEEKDAY,NS9,NS8,34737.0
WEEKDAY,NS9,TE1,397.0
WEEKDAY,NS9,TE3,1135.0
WEEKDAY,PE1,NE17,4300.0
WEEKDAY,PE1,PE2,3565.0
WEEKDAY,PE2,PE1,3638.0
WEEKDAY,PE2,PE3,2460.0
WEEKDAY,PE3,PE2,2482.0
WEEKDAY,PE3,PE4,1282.0
WEEKDAY,PE4,PE3,1312.0
WEEKDAY,PE4,PE5,1736.0
WEEKDAY,PE5,PE4,1731.0
WEEKDAY,PE5,PE6,3030.0
WEEKDAY,PE6,PE5,2963.0
WEEKDAY,PE6,PE7,4113.0
WEEKDAY,PE7,NE17,5018.0
WEEKDAY,PE7,PE6,3970.0
WEEKDAY,PW1,NE17,274.0
WEEKDAY,PW1,PW3,172.0
WEEKDAY,PW3,PW1,180.0
WEEKDAY,PW3,PW4,111.0
WEEKDAY,PW4,PW3,118.0
WEEKDAY,PW4,PW5,64.0
WEEKDAY,PW5,PW4,90.0
WEEKDAY,PW5,PW6,1138.0
WEEKDAY,PW6,PW5,1149.0
WEEKDAY,PW6,PW7,1539.0
WEEKDAY,PW7,NE17,1733.0
WEEKDAY,PW7,PW6,1555.0
WEEKDAY,SE1,NE16,4710.0
WEEKDAY,SE1,SE2,3151.0
WEEKDAY,SE2,SE1,3475.0
WEEKDAY,SE2,SE3,1633.0
WEEKDAY,SE3,SE2,1829.0
WEEKDAY,SE3,SE4,611.0
WEEKDAY,SE4,SE3,735.0
WEEKDAY,SE4,SE5,1299.0
WEEKDAY,SE5,NE16,2021.0
WEEKDAY,SE5,SE4,1346.0
WEEKDAY,SW1,NE16,2641.0
WEEKDAY,SW1,SW2,2259.0
WEEKDAY,SW2,SW1,2330.0
WEEKDAY,SW2,SW3,1653.0
WEEKDAY,SW3,SW2,1659.0
WEEKDAY,SW3,SW4,1119.0
WEEKDAY,SW4,SW3,1123.0
WEEKDAY,SW4,SW5,899.0
WEEKDAY,SW5,SW4,917.0
WEEKDAY,SW5,SW6,3150.0
WEEKDAY,SW6,SW5,2877.0
WEEKDAY,SW6,SW7,4203.0
WEEKDAY,SW7,SW6,3873.0
WEEKDAY,SW7,SW8,4824.0
WEEKDAY,SW8,NE16,5119.0
WEEKDAY,SW8,SW7,4384.0
WEEKDAY,TE1,NS9,391.0
WEEKDAY,TE3,NS9,1425.0
WEEKENDS/HOLIDAY,BP10,BP11,1579.0
WEEKENDS/HOLIDAY,BP10,BP9,120.0
WEEKENDS/HOLIDAY,BP11,BP10,82.0
WEEKENDS/HOLIDAY,BP11,BP12,2527.0
WEEKENDS/HOLIDAY,BP12,BP11,851.0
WEEKENDS/HOLIDAY,BP12,BP13,3008.0
WEEKENDS/HOLIDAY,BP13,BP12,1231.0
WEEKENDS/HOLIDAY,BP13,DT1,3382.0
WEEKENDS/HOLIDAY,BP2,BP3,6444.0
WEEKENDS/HOLIDAY,BP2,NS4,6590.0
WEEKENDS/HOLIDAY,BP3,BP2,6617.0
WEEKENDS/HOLIDAY,BP3,BP4,6401.0
WEEKENDS/HOLIDAY,BP4,BP3,6362.0
WEEKENDS/HOLIDAY,BP4,BP5,6491.0
WEEKENDS/HOLIDAY,BP5,BP4,6374.0
WEEKENDS/HOLIDAY,BP5,DT1,6781.0
WEEKENDS/HOLIDAY,BP7,BP8,2491.0
WEEKENDS/HOLIDAY,BP7,DT1,1274.0
WEEKENDS/HOLIDAY,BP8,BP7,1162.0
WEEKENDS/HOLIDAY,BP8,BP9,2214.0
WEEKENDS/HOLIDAY,BP9,BP10,1842.0
WEEKENDS/HOLIDAY,BP9,BP8,802.0
WEEKENDS/HOLIDAY,CC10,CC11,12003.0
WEEKENDS/HOLIDAY,CC10,DT25,12728.0
WEEKENDS/HOLIDAY,CC10,DT27,18931.0
WEEKENDS/HOLIDAY,CC10,EW8,21311.0
WEEKENDS/HOLIDAY,CC11,CC10,12880.0
WEEKENDS/HOLIDAY,CC11,CC12,12491.0
WEEKENDS/HOLIDAY,CC12,CC11,13378.0
WEEKENDS/HOLIDAY,CC12,NE12,12576.0
WEEKENDS/HOLIDAY,CC14,NE12,14963.0
WEEKENDS/HOLIDAY,CC14,NS17,14678.0
WEEKENDS/HOLIDAY,CC16,CC17,9314.0
WEEKENDS/HOLIDAY,CC16,NS17,8633.0
WEEKENDS/HOLIDAY,CC17,CC16,8516.0
WEEKENDS/HOLIDAY,CC17,CC19,9679.0
WEEKENDS/HOLIDAY,CC19,CC17,8891.0
WEEKENDS/HOLIDAY,CC19,CC20,22976.0
WEEKENDS/HOLIDAY,CC19,DT10,25460.0
WEEKENDS/HOLIDAY,CC19,DT8,11409.0
WEEKENDS/HOLIDAY,CC2,CC3,1441.0
WEEKENDS/HOLIDAY,CC2,NS24,1865.0
WEEKENDS/HOLIDAY,CC20,CC19,23096.0
WEEKENDS/HOLIDAY,CC20,CC21,22921.0
WEEKENDS/HOLIDAY,CC21,CC20,23089.0
WEEKENDS/HOLIDAY,CC21,EW21,22446.0
WEEKENDS/HOLIDAY,CC23,CC24,5165.0
WEEKENDS/HOLIDAY,CC23,EW21,5877.0
WEEKENDS/HOLIDAY,CC24,CC23,5285.0
WEEKENDS/HOLIDAY,CC24,CC25,3694.0
WEEKENDS/HOLIDAY,CC25,CC24,3729.0
WEEKENDS/HOLIDAY,CC25,CC26,3264.0
WEEKENDS/HOLIDAY,CC26,CC25,3225.0
WEEKENDS/HOLIDAY,CC26,CC27,3143.0
WEEKENDS/HOLIDAY,CC27,CC26,3148.0
WEEKENDS/HOLIDAY,CC27,CC28,3118.0
WEEKENDS/HOLIDAY,CC28,CC27,3177.0
WEEKENDS/HOLIDAY,CC28,NE1,3534.0
WEEKENDS/HOLIDAY,CC3,CC2,1556.0
WEEKENDS/HOLIDAY,CC3,CC4,1269.0
WEEKENDS/HOLIDAY,CC4,CC3,1219.0
WEEKENDS/HOLIDAY,CC4,CC5,3839.0
WEEKENDS/HOLIDAY,CC4,CE1,3978.0
WEEKENDS/HOLIDAY,CC4,EW12,4805.0
WEEKENDS/HOLIDAY,CC5,CC4,3728.0
WEEKENDS/HOLIDAY,CC5,CC6,3555.0
WEEKENDS/HOLIDAY,CC6,CC5,3565.0
WEEKENDS/HOLIDAY,CC6,CC7,4202.0
WEEKENDS/HOLIDAY,CC7,CC6,4138.0
WEEKENDS/HOLIDAY,CC7,CC8,4142.0
WEEKENDS/HOLIDAY,CC8,CC7,4262.0
WEEKENDS/HOLIDAY,CC8,EW8,4497.0
WEEKENDS/HOLIDAY,CE1,CC4,4155.0
WEEKENDS/HOLIDAY,CE1,DT17,2265.0
WEEKENDS/HOLIDAY,CE1,NS27,235.0
WEEKENDS/HOLIDAY,CG1,CG2,2759.0
WEEKENDS/HOLIDAY,CG1,DT34,2342.0
WEEKENDS/HOLIDAY,CG1,EW4,3586.0
WEEKENDS/HOLIDAY,CG2,CG1,2786.0
WEEKENDS/HOLIDAY,DT1,BP13,1438.0
WEEKENDS/HOLIDAY,DT1,BP5,6449.0
WEEKENDS/HOLIDAY,DT1,BP7,2703.0
WEEKENDS/HOLIDAY,DT1,DT2,8801.0
WEEKENDS/HOLIDAY,DT10,CC19,24180.0
WEEKENDS/HOLIDAY,DT10,NS21,25933.0
WEEKENDS/HOLIDAY,DT13,EW12,25779.0
WEEKENDS/HOLIDAY,DT13,NE7,26455.0
WEEKENDS/HOLIDAY,DT17,CE1,2247.0
WEEKENDS/HOLIDAY,DT17,DT18,1880.0
WEEKENDS/HOLIDAY,DT18,DT17,1844.0
WEEKENDS/HOLIDAY,DT18,NE4,2599.0
WEEKENDS/HOLIDAY,DT2,DT1,8393.0
WEEKENDS/HOLIDAY,DT2,DT3,8966.0
WEEKENDS/HOLIDAY,DT20,DT21,10506.0
WEEKENDS/HOLIDAY,DT20,NE4,10575.0
WEEKENDS/HOLIDAY,DT21,DT20,10623.0
WEEKENDS/HOLIDAY,DT21,DT22,11088.0
WEEKENDS/HOLIDAY,DT22,DT21,11121.0
WEEKENDS/HOLIDAY,DT22,DT23,11840.0
WEEKENDS/HOLIDAY,DT23,DT22,12128.0
WEEKENDS/HOLIDAY,DT23,DT24,12045.0
WEEKENDS/HOLIDAY,DT24,DT23,12361.0
WEEKENDS/HOLIDAY,DT24,DT25,12301.0
WEEKENDS/HOLIDAY,DT25,CC10,12359.0
WEEKENDS/HOLIDAY,DT25,DT24,12634.0
WEEKENDS/HOLIDAY,DT27,CC10,19401.0
WEEKENDS/HOLIDAY,DT27,DT28,18379.0
WEEKENDS/HOLIDAY,DT28,DT27,18860.0
WEEKENDS/HOLIDAY,DT28,DT29,17730.0
WEEKENDS/HOLIDAY,DT29,DT28,18078.0
WEEKENDS/HOLIDAY,DT29,DT30,17413.0
WEEKENDS/HOLIDAY,DT3,DT2,8520.0
WEEKENDS/HOLIDAY,DT3,DT5,10111.0
WEEKENDS/HOLIDAY,DT30,DT29,17594.0
WEEKENDS/HOLIDAY,DT30,DT31,16905.0
WEEKENDS/HOLIDAY,DT31,DT30,16988.0
WEEKENDS/HOLIDAY,DT31,EW2,16580.0
WEEKENDS/HOLIDAY,DT33,DT34,2432.0
WEEKENDS/HOLIDAY,DT33,EW2,5653.0
WEEKENDS/HOLIDAY,DT34,CG1,2498.0
WEEKENDS/HOLIDAY,DT34,DT33,2347.0
WEEKENDS/HOLIDAY,DT5,DT3,9374.0
WEEKENDS/HOLIDAY,DT5,DT6,11236.0
WEEKENDS/HOLIDAY,DT6,DT5,10561.0
WEEKENDS/HOLIDAY,DT6,DT7,11662.0
WEEKENDS/HOLIDAY,DT7,DT6,10914.0
WEEKENDS/HOLIDAY,DT7,DT8,11860.0
WEEKENDS/HOLIDAY,DT8,CC19,12005.0
WEEKENDS/HOLIDAY,DT8,DT7,11261.0
WEEKENDS/HOLIDAY,EW1,EW2,9206.0
WEEKENDS/HOLIDAY,EW10,EW11,22214.0
WEEKENDS/HOLIDAY,EW10,EW9,21580.0
WEEKENDS/HOLIDAY,EW11,EW10,21903.0
WEEKENDS/HOLIDAY,EW11,EW12,23832.0
WEEKENDS/HOLIDAY,EW12,CC4,4832.0
WEEKENDS/HOLIDAY,EW12,DT13,25168.0
WEEKENDS/HOLIDAY,EW12,EW11,23496.0
WEEKENDS/HOLIDAY,EW12,NS25,6390.0
WEEKENDS/HOLIDAY,EW15,EW16,5802.0
WEEKENDS/HOLIDAY,EW15,NS26,6999.0
WEEKENDS/HOLIDAY,EW16,EW15,6202.0
WEEKENDS/HOLIDAY,EW16,EW17,15614.0
WEEKENDS/HOLIDAY,EW16,NE1,9512.0
WEEKENDS/HOLIDAY,EW16,NE4,21435.0
WEEKENDS/HOLIDAY,EW17,EW16,15487.0
WEEKENDS/HOLIDAY,EW17,EW18,14654.0
WEEKENDS/HOLIDAY,EW18,EW17,15023.0
WEEKENDS/HOLIDAY,EW18,EW19,14497.0
WEEKENDS/HOLIDAY,EW19,EW18,15001.0
WEEKENDS/HOLIDAY,EW19,EW20,15036.0
WEEKENDS/HOLIDAY,EW2,DT31,16870.0
WEEKENDS/HOLIDAY,EW2,DT33,5430.0
WEEKENDS/HOLIDAY,EW2,EW1,8728.0
WEEKENDS/HOLIDAY,EW2,EW3,5748.0
WEEKENDS/HOLIDAY,EW20,EW19,15437.0
WEEKENDS/HOLIDAY,EW20,EW21,16698.0
WEEKENDS/HOLIDAY,EW21,CC21,22740.0
WEEKENDS/HOLIDAY,EW21,CC23,5774.0
WEEKENDS/HOLIDAY,EW21,EW20,16832.0
WEEKENDS/HOLIDAY,EW21,EW22,35680.0
WEEKENDS/HOLIDAY,EW22,EW21,35994.0
WEEKENDS/HOLIDAY,EW22,EW23,35732.0
WEEKENDS/HOLIDAY,EW23,EW22,36207.0
WEEKENDS/HOLIDAY,EW23,NS1,35700.0
WEEKENDS/HOLIDAY,EW25,EW26,28936.0
WEEKENDS/HOLIDAY,EW25,NS1,31322.0
WEEKENDS/HOLIDAY,EW26,EW25,30483.0
WEEKENDS/HOLIDAY,EW26,EW27,23584.0
WEEKENDS/HOLIDAY,EW27,EW26,23711.0
WEEKENDS/HOLIDAY,EW27,EW28,11902.0
WEEKENDS/HOLIDAY,EW28,EW27,13710.0
WEEKENDS/HOLIDAY,EW28,EW29,7165.0
WEEKENDS/HOLIDAY,EW29,EW28,7324.0
WEEKENDS/HOLIDAY,EW29,EW30,2812.0
WEEKENDS/HOLIDAY,EW3,EW2,5597.0
WEEKENDS/HOLIDAY,EW3,EW4,7403.0
WEEKENDS/HOLIDAY,EW30,EW29,3153.0
WEEKENDS/HOLIDAY,EW30,EW31,2096.0
WEEKENDS/HOLIDAY,EW31,EW30,2362.0
WEEKENDS/HOLIDAY,EW31,EW32,1368.0
WEEKENDS/HOLIDAY,EW32,EW31,1449.0
WEEKENDS/HOLIDAY,EW32,EW33,560.0
WEEKENDS/HOLIDAY,EW33,EW32,596.0
WEEKENDS/HOLIDAY,EW4,CG1,3482.0
WEEKENDS/HOLIDAY,EW4,EW3,7137.0
WEEKENDS/HOLIDAY,EW4,EW5,11671.0
WEEKENDS/HOLIDAY,EW5,EW4,10876.0
WEEKENDS/HOLIDAY,EW5,EW6,16718.0
WEEKENDS/HOLIDAY,EW6,EW5,15892.0
WEEKENDS/HOLIDAY,EW6,EW7,17358.0
WEEKENDS/HOLIDAY,EW7,EW6,16938.0
WEEKENDS/HOLIDAY,EW7,EW8,18963.0
WEEKENDS/HOLIDAY,EW8,CC10,20125.0
WEEKENDS/HOLIDAY,EW8,CC8,4593.0
WEEKENDS/HOLIDAY,EW8,EW7,18969.0
WEEKENDS/HOLIDAY,EW8,EW9,21380.0
WEEKENDS/HOLIDAY,EW9,EW10,21872.0
WEEKENDS/HOLIDAY,EW9,EW8,20956.0
WEEKENDS/HOLIDAY,NE1,CC28,3543.0
WEEKENDS/HOLIDAY,NE1,EW16,9397.0
WEEKENDS/HOLIDAY,NE10,NE11,26467.0
WEEKENDS/HOLIDAY,NE10,NE9,28062.0
WEEKENDS/HOLIDAY,NE11,NE10,27884.0
WEEKENDS/HOLIDAY,NE11,NE12,26410.0
WEEKENDS/HOLIDAY,NE12,CC12,13427.0
WEEKENDS/HOLIDAY,NE12,CC14,14666.0
WEEKENDS/HOLIDAY,NE12,NE11,27762.0
WEEKENDS/HOLIDAY,NE12,NE13,31237.0
WEEKENDS/HOLIDAY,NE13,NE12,32836.0
WEEKENDS/HOLIDAY,NE13,NE14,29800.0
WEEKENDS/HOLIDAY,NE14,NE13,31264.0
WEEKENDS/HOLIDAY,NE14,NE15,25220.0
WEEKENDS/HOLIDAY,NE15,NE14,26516.0
WEEKENDS/HOLIDAY,NE15,NE16,22750.0
WEEKENDS/HOLIDAY,NE16,NE15,23858.0
WEEKENDS/HOLIDAY,NE16,NE17,13304.0
WEEKENDS/HOLIDAY,NE16,SE1,2982.0
WEEKENDS/HOLIDAY,NE16,SE5,1440.0
WEEKENDS/HOLIDAY,NE16,SW1,1745.0
WEEKENDS/HOLIDAY,NE16,SW8,3095.0
WEEKENDS/HOLIDAY,NE17,NE16,14109.0
WEEKENDS/HOLIDAY,NE17,PE1,2836.0
WEEKENDS/HOLIDAY,NE17,PE7,3309.0
WEEKENDS/HOLIDAY,NE17,PW1,222.0
WEEKENDS/HOLIDAY,NE17,PW7,1262.0
WEEKENDS/HOLIDAY,NE4,DT18,2670.0
WEEKENDS/HOLIDAY,NE4,DT20,10524.0
WEEKENDS/HOLIDAY,NE4,EW16,21633.0
WEEKENDS/HOLIDAY,NE4,NE5,19720.0
WEEKENDS/HOLIDAY,NE5,NE4,20269.0
WEEKENDS/HOLIDAY,NE5,NS24,20956.0
WEEKENDS/HOLIDAY,NE7,DT13,27299.0
WEEKENDS/HOLIDAY,NE7,NE8,27295.0
WEEKENDS/HOLIDAY,NE7,NS21,37079.0
WEEKENDS/HOLIDAY,NE7,NS24,43727.0
WEEKENDS/HOLIDAY,NE8,NE7,28603.0
WEEKENDS/HOLIDAY,NE8,NE9,27089.0
WEEKENDS/HOLIDAY,NE9,NE10,26761.0
WEEKENDS/HOLIDAY,NE9,NE8,29369.0
WEEKENDS/HOLIDAY,NS1,EW23,36324.0
WEEKENDS/HOLIDAY,NS1,EW25,29700.0
WEEKENDS/HOLIDAY,NS1,NS2,29825.0
WEEKENDS/HOLIDAY,NS10,NS11,28356.0
WEEKENDS/HOLIDAY,NS10,NS9,26423.0
WEEKENDS/HOLIDAY,NS11,NS10,27847.0
WEEKENDS/HOLIDAY,NS11,NS12,31481.0
WEEKENDS/HOLIDAY,NS12,NS11,30880.0
WEEKENDS/HOLIDAY,NS12,NS13,32583.0
WEEKENDS/HOLIDAY,NS13,NS12,31495.0
WEEKENDS/HOLIDAY,NS13,NS14,34588.0
WEEKENDS/HOLIDAY,NS14,NS13,34342.0
WEEKENDS/HOLIDAY,NS14,NS15,36997.0
WEEKENDS/HOLIDAY,NS15,NS14,35677.0
WEEKENDS/HOLIDAY,NS15,NS16,37693.0
WEEKENDS/HOLIDAY,NS16,NS15,35969.0
WEEKENDS/HOLIDAY,NS16,NS17,41159.0
WEEKENDS/HOLIDAY,NS17,CC14,14921.0
WEEKENDS/HOLIDAY,NS17,CC16,9556.0
WEEKENDS/HOLIDAY,NS17,NS16,40696.0
WEEKENDS/HOLIDAY,NS17,NS18,33704.0
WEEKENDS/HOLIDAY,NS18,NS17,32608.0
WEEKENDS/HOLIDAY,NS18,NS19,35044.0
WEEKENDS/HOLIDAY,NS19,NS18,33568.0
WEEKENDS/HOLIDAY,NS19,NS20,35914.0
WEEKENDS/HOLIDAY,NS2,NS1,29993.0
WEEKENDS/HOLIDAY,NS2,NS3,27538.0
WEEKENDS/HOLIDAY,NS20,NS19,35193.0
WEEKENDS/HOLIDAY,NS20,NS21,33332.0
WEEKENDS/HOLIDAY,NS21,DT10,24477.0
WEEKENDS/HOLIDAY,NS21,NE7,38695.0
WEEKENDS/HOLIDAY,NS21,NS20,32426.0
WEEKENDS/HOLIDAY,NS21,NS22,15371.0
WEEKENDS/HOLIDAY,NS22,NS21,15027.0
WEEKENDS/HOLIDAY,NS22,NS23,11975.0
WEEKENDS/HOLIDAY,NS23,NS22,12853.0
WEEKENDS/HOLIDAY,NS23,NS24,11072.0
WEEKENDS/HOLIDAY,NS24,CC2,1743.0
WEEKENDS/HOLIDAY,NS24,NE5,21467.0
WEEKENDS/HOLIDAY,NS24,NE7,42477.0
WEEKENDS/HOLIDAY,NS24,NS23,12686.0
WEEKENDS/HOLIDAY,NS24,NS25,10301.0
WEEKENDS/HOLIDAY,NS25,EW12,6563.0
WEEKENDS/HOLIDAY,NS25,NS24,10245.0
WEEKENDS/HOLIDAY,NS25,NS26,8728.0
WEEKENDS/HOLIDAY,NS26,EW15,6888.0
WEEKENDS/HOLIDAY,NS26,NS25,8976.0
WEEKENDS/HOLIDAY,NS26,NS27,637.0
WEEKENDS/HOLIDAY,NS27,CE1,267.0
WEEKENDS/HOLIDAY,NS27,NS26,628.0
WEEKENDS/HOLIDAY,NS27,NS28,383.0
WEEKENDS/HOLIDAY,NS28,NS27,462.0
WEEKENDS/HOLIDAY,NS3,NS2,28101.0
WEEKENDS/HOLIDAY,NS3,NS4,25290.0
WEEKENDS/HOLIDAY,NS4,BP2,6262.0
WEEKENDS/HOLIDAY,NS4,NS3,25759.0
WEEKENDS/HOLIDAY,NS4,NS5,23803.0
WEEKENDS/HOLIDAY,NS5,NS4,24587.0
WEEKENDS/HOLIDAY,NS5,NS7,20005.0
WEEKENDS/HOLIDAY,NS7,NS5,20511.0
WEEKENDS/HOLIDAY,NS7,NS8,20252.0
WEEKENDS/HOLIDAY,NS8,NS7,20690.0
WEEKENDS/HOLIDAY,NS8,NS9,23108.0
WEEKENDS/HOLIDAY,NS9,NS10,25014.0
WEEKENDS/HOLIDAY,NS9,NS8,22171.0
WEEKENDS/HOLIDAY,NS9,TE1,146.0
WEEKENDS/HOLIDAY,NS9,TE3,537.0
WEEKENDS/HOLIDAY,PE1,NE17,3009.0
WEEKENDS/HOLIDAY,PE1,PE2,2399.0
WEEKENDS/HOLIDAY,PE2,PE1,2554.0
WEEKENDS/HOLIDAY,PE2,PE3,1691.0
WEEKENDS/HOLIDAY,PE3,PE2,1755.0
WEEKENDS/HOLIDAY,PE3,PE4,855.0
WEEKENDS/HOLIDAY,PE4,PE3,902.0
WEEKENDS/HOLIDAY,PE4,PE5,1202.0
WEEKENDS/HOLIDAY,PE5,PE4,1286.0
WEEKENDS/HOLIDAY,PE5,PE6,2157.0
WEEKENDS/HOLIDAY,PE6,PE5,2187.0
WEEKENDS/HOLIDAY,PE6,PE7,2828.0
WEEKENDS/HOLIDAY,PE7,NE17,3394.0
WEEKENDS/HOLIDAY,PE7,PE6,2781.0
WEEKENDS/HOLIDAY,PW1,NE17,251.0
WEEKENDS/HOLIDAY,PW1,PW3,79.0
WEEKENDS/HOLIDAY,PW3,PW1,93.0
WEEKENDS/HOLIDAY,PW3,PW4,53.0
WEEKENDS/HOLIDAY,PW4,PW3,78.0
WEEKENDS/HOLIDAY,PW4,PW5,24.0
WEEKENDS/HOLIDAY,PW5,PW4,39.0
WEEKENDS/HOLIDAY,PW5,PW6,640.0
WEEKENDS/HOLIDAY,PW6,PW5,630.0
WEEKENDS/HOLIDAY,PW6,PW7,932.0
WEEKENDS/HOLIDAY,PW7,NE17,1144.0
WEEKENDS/HOLIDAY,PW7,PW6,895.0
WEEKENDS/HOLIDAY,SE1,NE16,3283.0
WEEKENDS/HOLIDAY,SE1,SE2,2234.0
WEEKENDS/HOLIDAY,SE2,SE1,2487.0
WEEKENDS/HOLIDAY,SE2,SE3,1163.0
WEEKENDS/HOLIDAY,SE3,SE2,1330.0
WEEKENDS/HOLIDAY,SE3,SE4,498.0
WEEKENDS/HOLIDAY,SE4,SE3,603.0
WEEKENDS/HOLIDAY,SE4,SE5,929.0
WEEKENDS/HOLIDAY,SE5,NE16,1387.0
WEEKENDS/HOLIDAY,SE5,SE4,939.0
WEEKENDS/HOLIDAY,SW1,NE16,1717.0
WEEKENDS/HOLIDAY,SW1,SW2,1550.0
WEEKENDS/HOLIDAY,SW2,SW1,1600.0
WEEKENDS/HOLIDAY,SW2,SW3,1102.0
WEEKENDS/HOLIDAY,SW3,SW2,1087.0
WEEKENDS/HOLIDAY,SW3,SW4,740.0
WEEKENDS/HOLIDAY,SW4,SW3,711.0
WEEKENDS/HOLIDAY,SW4,SW5,633.0
WEEKENDS/HOLIDAY,SW5,SW4,619.0
WEEKENDS/HOLIDAY,SW5,SW6,2270.0
WEEKENDS/HOLIDAY,SW6,SW5,2089.0
WEEKENDS/HOLIDAY,SW6,SW7,2917.0
WEEKENDS/HOLIDAY,SW7,SW6,2646.0
WEEKENDS/HOLIDAY,SW7,SW8,3263.0
WEEKENDS/HOLIDAY,SW8,NE16,3443.0
WEEKENDS/HOLIDAY,SW8,SW7,2941.0
WEEKENDS/HOLIDAY,TE1,NS9,152.0
WEEKENDS/HOLIDAY,TE3,NS9,672.0
