DAY_TYPE,ORIGIN_PT_CODE,DESTINATION_PT_CODE,TOTAL_TRIPS
WEEKDAY,BP10,BP11,3468.0
WEEKDAY,BP10,BP9,825.0
WEEKDAY,BP11,BP10,576.0
WEEKDAY,BP11,BP12,6064.0
WEEKDAY,BP12,BP11,2555.0
WEEKDAY,BP12,BP13,8198.0
WEEKDAY,BP13,BP12,4016.0
WEEKDAY,BP13,BP6,9190.0
WEEKDAY,BP2,BP3,13718.0
WEEKDAY,BP2,NS4,14088.0
WEEKDAY,BP3,BP2,14093.0
WEEKDAY,BP3,BP4,13682.0
WEEKDAY,BP4,BP3,13444.0
WEEKDAY,BP4,BP5,13048.0
WEEKDAY,BP5,BP4,12644.0
WEEKDAY,BP5,BP6,13679.0
WEEKDAY,BP6,BP13,4514.0
WEEKDAY,BP6,BP5,12819.0
WEEKDAY,BP6,BP7,6530.0
WEEKDAY,BP7,BP6,3692.0
WEEKDAY,BP7,BP8,5910.0
WEEKDAY,BP8,BP7,3077.0
WEEKDAY,BP8,BP9,5350.0
WEEKDAY,BP9,BP10,3965.0
WEEKDAY,BP9,BP8,2326.0
WEEKDAY,CC10,CC11,50151.0
WEEKDAY,CC10,DT25,30515.0
WEEKDAY,CC10,DT27,38680.0
WEEKDAY,CC10,EW8,47807.0
WEEKDAY,CC11,CC10,48551.0
WEEKDAY,CC11,CC12,54017.0
WEEKDAY,CC12,CC11,52633.0
WEEKDAY,CC12,NE12,55957.0
WEEKDAY,CC14,NE12,103694.0
WEEKDAY,CC14,NS17,103681.0
WEEKDAY,CC16,CC17,47743.0
WEEKDAY,CC16,NS17,48470.0
WEEKDAY,CC17,CC16,46919.0
WEEKDAY,CC17,CC19,49056.0
WEEKDAY,CC19,CC17,48023.0
WEEKDAY,CC19,CC20,87930.0
WEEKDAY,CC19,DT10,78878.0
WEEKDAY,CC19,DT8,40745.0
WEEKDAY,CC2,CC3,4902.0
WEEKDAY,CC2,NS24,7478.0
WEEKDAY,CC20,CC19,88612.0
WEEKDAY,CC20,CC21,87008.0
WEEKDAY,CC21,CC20,87691.0
WEEKDAY,CC21,EW21,86330.0
WEEKDAY,CC23,CC24,27261.0
WEEKDAY,CC23,EW21,35753.0
WEEKDAY,CC24,CC23,26746.0
WEEKDAY,CC24,CC25,15770.0
WEEKDAY,CC25,CC24,15147.0
WEEKDAY,CC25,CC26,14065.0
WEEKDAY,CC26,CC25,12933.0
WEEKDAY,CC26,CC27,13416.0
WEEKDAY,CC27,CC26,12394.0
WEEKDAY,CC27,CC28,13713.0
WEEKDAY,CC28,CC27,12878.0
WEEKDAY,CC28,NE1,14477.0
WEEKDAY,CC3,CC2,5194.0
WEEKDAY,CC3,CC4,4040.0
WEEKDAY,CC4,CC3,4115.0
WEEKDAY,CC4,CC5,8040.0
WEEKDAY,CC4,CE1,26512.0
WEEKDAY,CC4,EW12,31917.0
WEEKDAY,CC5,CC4,7449.0
WEEKDAY,CC5,CC6,6631.0
WEEKDAY,CC6,CC5,6138.0
WEEKDAY,CC6,CC7,7178.0
WEEKDAY,CC7,CC6,6940.0
WEEKDAY,CC7,CC8,8325.0
WEEKDAY,CC8,CC7,8137.0
WEEKDAY,CC8,EW8,12161.0
WEEKDAY,CE1,CC4,24922.0
WEEKDAY,CE1,DT17,18265.0
WEEKDAY,CE1,NS27,498.0
WEEKDAY,CG1,CG2,9685.0
WEEKDAY,CG1,DT34,9176.0
WEEKDAY,CG1,EW4,18425.0
WEEKDAY,CG2,CG1,10401.0
WEEKDAY,DT1,DT2,24635.0
WEEKDAY,DT10,CC19,75290.0
WEEKDAY,DT10,DT11,80914.0
WEEKDAY,DT11,DT10,76428.0
WEEKDAY,DT11,NE7,84875.0
WEEKDAY,DT13,EW12,85971.0
WEEKDAY,DT13,NE7,86418.0
WEEKDAY,DT17,CE1,17130.0
WEEKDAY,DT17,DT18,10684.0
WEEKDAY,DT18,DT17,9735.0
WEEKDAY,DT18,NE4,19073.0
WEEKDAY,DT2,DT1,23818.0
WEEKDAY,DT2,DT3,26416.0
WEEKDAY,DT20,DT21,21928.0
WEEKDAY,DT20,NE4,22742.0
WEEKDAY,DT21,DT20,22603.0
WEEKDAY,DT21,DT22,24426.0
WEEKDAY,DT22,DT21,25176.0
WEEKDAY,DT22,DT23,26563.0
WEEKDAY,DT23,DT22,27606.0
WEEKDAY,DT23,DT24,27892.0
WEEKDAY,DT24,DT23,28943.0
WEEKDAY,DT24,DT25,28818.0
WEEKDAY,DT25,CC10,29486.0
WEEKDAY,DT25,DT24,29693.0
WEEKDAY,DT27,CC10,39315.0
WEEKDAY,DT27,DT28,35782.0
WEEKDAY,DT28,DT27,36293.0
WEEKDAY,DT28,DT29,31705.0
WEEKDAY,DT29,DT28,31653.0
WEEKDAY,DT29,DT30,29740.0
WEEKDAY,DT3,DT2,24794.0
WEEKDAY,DT3,DT5,31248.0
WEEKDAY,DT30,DT29,29083.0
WEEKDAY,DT30,DT31,26707.0
WEEKDAY,DT31,DT30,25800.0
WEEKDAY,DT31,DT32,23597.0
WEEKDAY,DT32,DT31,23154.0
WEEKDAY,DT32,DT33,14561.0
WEEKDAY,DT33,DT32,15359.0
WEEKDAY,DT33,DT34,8662.0
WEEKDAY,DT34,CG1,9727.0
WEEKDAY,DT34,DT33,8488.0
WEEKDAY,DT5,DT3,28963.0
WEEKDAY,DT5,DT6,37154.0
WEEKDAY,DT6,DT5,35084.0
WEEKDAY,DT6,DT7,40003.0
WEEKDAY,DT7,DT6,37464.0
WEEKDAY,DT7,DT8,41287.0
WEEKDAY,DT8,CC19,43035.0
WEEKDAY,DT8,DT7,39338.0
WEEKDAY,EW1,EW2,26122.0
WEEKDAY,EW10,EW11,94320.0
WEEKDAY,EW10,EW9,94119.0
WEEKDAY,EW11,EW10,95465.0
WEEKDAY,EW11,EW12,98156.0
WEEKDAY,EW12,CC4,34546.0
WEEKDAY,EW12,DT13,82659.0
WEEKDAY,EW12,EW11,99432.0
WEEKDAY,EW12,NS25,40112.0
WEEKDAY,EW15,EW16,43532.0
WEEKDAY,EW15,NS26,57029.0
WEEKDAY,EW16,EW15,47216.0
WEEKDAY,EW16,EW17,58655.0
WEEKDAY,EW16,NE1,29900.0
WEEKDAY,EW16,NE4,54120.0
WEEKDAY,EW17,EW16,60509.0
WEEKDAY,EW17,EW18,54187.0
WEEKDAY,EW18,EW17,56971.0
WEEKDAY,EW18,EW19,53465.0
WEEKDAY,EW19,EW18,56734.0
WEEKDAY,EW19,EW20,54853.0
WEEKDAY,EW2,EW1,24684.0
WEEKDAY,EW2,EW3,41549.0
WEEKDAY,EW20,EW19,57226.0
WEEKDAY,EW20,EW21,57632.0
WEEKDAY,EW21,CC21,87597.0
WEEKDAY,EW21,CC23,35938.0
WEEKDAY,EW21,EW20,59467.0
WEEKDAY,EW21,EW22,125905.0
WEEKDAY,EW22,EW21,127675.0
WEEKDAY,EW22,EW23,125595.0
WEEKDAY,EW23,EW22,127443.0
WEEKDAY,EW23,NS1,122801.0
WEEKDAY,EW25,EW26,88496.0
WEEKDAY,EW25,NS1,96380.0
WEEKDAY,EW26,EW25,93185.0
WEEKDAY,EW26,EW27,75122.0
WEEKDAY,EW27,EW26,76143.0
WEEKDAY,EW27,EW28,41925.0
WEEKDAY,EW28,EW27,48835.0
WEEKDAY,EW28,EW29,27509.0
WEEKDAY,EW29,EW28,28046.0
WEEKDAY,EW29,EW30,12213.0
WEEKDAY,EW3,EW2,40867.0
WEEKDAY,EW3,EW4,47870.0
WEEKDAY,EW30,EW29,13220.0
WEEKDAY,EW30,EW31,9368.0
WEEKDAY,EW31,EW30,9946.0
WEEKDAY,EW31,EW32,6295.0
WEEKDAY,EW32,EW31,6197.0
WEEKDAY,EW32,EW33,2801.0
WEEKDAY,EW33,EW32,2702.0
WEEKDAY,EW4,CG1,17643.0
WEEKDAY,EW4,EW3,47270.0
WEEKDAY,EW4,EW5,69211.0
WEEKDAY,EW5,EW4,66339.0
WEEKDAY,EW5,EW6,83267.0
WEEKDAY,EW6,EW5,80189.0
WEEKDAY,EW6,EW7,86519.0
WEEKDAY,EW7,EW6,85000.0
WEEKDAY,EW7,EW8,91193.0
WEEKDAY,EW8,CC10,49103.0
WEEKDAY,EW8,CC8,11159.0
WEEKDAY,EW8,EW7,91663.0
WEEKDAY,EW8,EW9,90780.0
WEEKDAY,EW9,EW10,93055.0
WEEKDAY,EW9,EW8,92305.0
WEEKDAY,NE1,CC28,13659.0
WEEKDAY,NE1,EW16,30232.0
WEEKDAY,NE10,NE11,120363.0
WEEKDAY,NE10,NE9,123959.0
WEEKDAY,NE11,NE10,124378.0
WEEKDAY,NE11,NE12,120876.0
WEEKDAY,NE12,CC12,53800.0
WEEKDAY,NE12,CC14,103956.0
WEEKDAY,NE12,NE11,124460.0
WEEKDAY,NE12,NE13,102895.0
WEEKDAY,NE13,NE12,106368.0
WEEKDAY,NE13,NE14,95579.0
WEEKDAY,NE14,NE13,99278.0
WEEKDAY,NE14,NE15,80556.0
WEEKDAY,NE15,NE14,83370.0
WEEKDAY,NE15,NE16,72003.0
WEEKDAY,NE16,NE15,74010.0
WEEKDAY,NE16,NE17,39548.0
WEEKDAY,NE16,SE1,7979.0
WEEKDAY,NE16,SE5,3910.0
WEEKDAY,NE16,SW1,5003.0
WEEKDAY,NE16,SW8,8507.0
WEEKDAY,NE17,NE16,41040.0
WEEKDAY,NE17,PE1,8381.0
WEEKDAY,NE17,PE7,9215.0
WEEKDAY,NE17,PW1,1114.0
WEEKDAY,NE17,PW7,3839.0
WEEKDAY,NE4,DT18,19137.0
WEEKDAY,NE4,DT20,22530.0
WEEKDAY,NE4,EW16,54617.0
WEEKDAY,NE4,NE5,58299.0
WEEKDAY,NE5,NE4,58409.0
WEEKDAY,NE5,NS24,63196.0
WEEKDAY,NE7,DT11,80938.0
WEEKDAY,NE7,DT13,90168.0
WEEKDAY,NE7,NE8,123496.0
WEEKDAY,NE7,NS24,126992.0
WEEKDAY,NE8,NE7,127242.0
WEEKDAY,NE8,NE9,120867.0
WEEKDAY,NE9,NE10,120261.0
WEEKDAY,NE9,NE8,126646.0
WEEKDAY,NS1,EW23,125538.0
WEEKDAY,NS1,EW25,90560.0
WEEKDAY,NS1,NS2,93463.0
WEEKDAY,NS10,NS11,72980.0
WEEKDAY,NS10,NS9,67904.0
WEEKDAY,NS11,NS10,71826.0
WEEKDAY,NS11,NS12,80697.0
WEEKDAY,NS12,NS11,79668.0
WEEKDAY,NS12,NS13,80697.0
WEEKDAY,NS13,NS12,79668.0
WEEKDAY,NS13,NS14,91546.0
WEEKDAY,NS14,NS13,93080.0
WEEKDAY,NS14,NS15,100432.0
WEEKDAY,NS15,NS14,98637.0
WEEKDAY,NS15,NS16,104882.0
WEEKDAY,NS16,NS15,101604.0
WEEKDAY,NS16,NS17,118623.0
WEEKDAY,NS17,CC14,102951.0
WEEKDAY,NS17,CC16,48886.0
WEEKDAY,NS17,NS16,119082.0
WEEKDAY,NS17,NS18,67000.0
WEEKDAY,NS18,NS17,65217.0
WEEKDAY,NS18,NS19,66954.0
WEEKDAY,NS19,NS18,63782.0
WEEKDAY,NS19,NS20,64699.0
WEEKDAY,NS2,NS1,93578.0
WEEKDAY,NS2,NS3,86743.0
WEEKDAY,NS20,NS19,63234.0
WEEKDAY,NS20,NS21,53034.0
WEEKDAY,NS21,NS20,51220.0
WEEKDAY,NS21,NS22,42342.0
WEEKDAY,NS22,NS21,41270.0
WEEKDAY,NS22,NS23,40627.0
WEEKDAY,NS23,NS22,42687.0
WEEKDAY,NS23,NS24,43044.0
WEEKDAY,NS24,CC2,7612.0
WEEKDAY,NS24,NE5,64045.0
WEEKDAY,NS24,NE7,123810.0
WEEKDAY,NS24,NS23,47182.0
WEEKDAY,NS24,NS25,43133.0
WEEKDAY,NS25,EW12,41944.0
WEEKDAY,NS25,NS24,43644.0
WEEKDAY,NS25,NS26,74149.0
WEEKDAY,NS26,EW15,54898.0
WEEKDAY,NS26,NS25,77470.0
WEEKDAY,NS26,NS27,4294.0
WEEKDAY,NS27,CE1,471.0
WEEKDAY,NS27,NS26,4707.0
WEEKDAY,NS27,NS28,812.0
WEEKDAY,NS28,NS27,924.0
WEEKDAY,NS3,NS2,88090.0
WEEKDAY,NS3,NS4,80049.0
WEEKDAY,NS4,BP2,13020.0
WEEKDAY,NS4,NS3,80595.0
WEEKDAY,NS4,NS5,68779.0
WEEKDAY,NS5,NS4,71254.0
WEEKDAY,NS5,NS7,59125.0
WEEKDAY,NS7,NS5,60246.0
WEEKDAY,NS7,NS8,59487.0
WEEKDAY,NS8,NS7,59567.0
WEEKDAY,NS8,NS9,64286.0
WEEKDAY,NS9,NS10,63091.0
WEEKDAY,NS9,NS8,59673.0
WEEKDAY,PE1,NE17,8625.0
WEEKDAY,PE1,PE2,6925.0
WEEKDAY,PE2,PE1,7129.0
WEEKDAY,PE2,PE3,4664.0
WEEKDAY,PE3,PE2,4594.0
WEEKDAY,PE3,PE4,1934.0
WEEKDAY,PE4,PE3,1939.0
WEEKDAY,PE4,PE5,2833.0
WEEKDAY,PE5,PE4,2765.0
WEEKDAY,PE5,PE6,5506.0
WEEKDAY,PE6,PE5,5179.0
WEEKDAY,PE6,PE7,7846.0
WEEKDAY,PE7,NE17,9885.0
WEEKDAY,PE7,PE6,7344.0
WEEKDAY,PW1,NE17,1074.0
WEEKDAY,PW1,PW3,719.0
WEEKDAY,PW3,PW1,713.0
WEEKDAY,PW3,PW4,353.0
WEEKDAY,PW4,PW3,355.0
WEEKDAY,PW4,PW5,112.0
WEEKDAY,PW5,PW4,151.0
WEEKDAY,PW5,PW6,2334.0
WEEKDAY,PW6,PW5,2752.0
WEEKDAY,PW6,PW7,3017.0
WEEKDAY,PW7,NE17,3415.0
WEEKDAY,PW7,PW6,3315.0
WEEKDAY,SE1,NE16,8727.0
WEEKDAY,SE1,SE2,5673.0
WEEKDAY,SE2,SE1,6390.0
WEEKDAY,SE2,SE3,2796.0
WEEKDAY,SE3,SE2,3151.0
WEEKDAY,SE3,SE4,891.0
WEEKDAY,SE4,SE3,1071.0
WEEKDAY,SE4,SE5,2463.0
WEEKDAY,SE5,NE16,3815.0
WEEKDAY,SE5,SE4,2528.0
WEEKDAY,SW1,NE16,5251.0
WEEKDAY,SW1,SW2,4264.0
WEEKDAY,SW2,SW1,4600.0
WEEKDAY,SW2,SW3,2927.0
WEEKDAY,SW3,SW2,3056.0
WEEKDAY,SW3,SW4,2000.0
WEEKDAY,SW4,SW3,2032.0
WEEKDAY,SW4,SW5,1352.0
WEEKDAY,SW5,SW4,1407.0
WEEKDAY,SW5,SW6,5529.0
WEEKDAY,SW6,SW5,5015.0
WEEKDAY,SW6,SW7,7574.0
WEEKDAY,SW7,SW6,6883.0
WEEKDAY,SW7,SW8,8816.0
WEEKDAY,SW8,NE16,9468.0
WEEKDAY,SW8,SW7,7840.0
WEEKENDS/HOLIDAY,BP10,BP11,2446.0
WEEKENDS/HOLIDAY,BP10,BP9,160.0
WEEKENDS/HOLIDAY,BP11,BP10,124.0
WEEKENDS/HOLIDAY,BP11,BP12,4007.0
WEEKENDS/HOLIDAY,BP12,BP11,1398.0
WEEKENDS/HOLIDAY,BP12,BP13,4957.0
WEEKENDS/HOLIDAY,BP13,BP12,2028.0
WEEKENDS/HOLIDAY,BP13,BP6,5613.0
WEEKENDS/HOLIDAY,BP2,BP3,8016.0
WEEKENDS/HOLIDAY,BP2,NS4,8300.0
WEEKENDS/HOLIDAY,BP3,BP2,8256.0
WEEKENDS/HOLIDAY,BP3,BP4,7941.0
WEEKENDS/HOLIDAY,BP4,BP3,7772.0
WEEKENDS/HOLIDAY,BP4,BP5,8039.0
WEEKENDS/HOLIDAY,BP5,BP4,7752.0
WEEKENDS/HOLIDAY,BP5,BP6,8431.0
WEEKENDS/HOLIDAY,BP6,BP13,2348.0
WEEKENDS/HOLIDAY,BP6,BP5,7861.0
WEEKENDS/HOLIDAY,BP6,BP7,4408.0
WEEKENDS/HOLIDAY,BP7,BP6,1950.0
WEEKENDS/HOLIDAY,BP7,BP8,4052.0
WEEKENDS/HOLIDAY,BP8,BP7,1796.0
WEEKENDS/HOLIDAY,BP8,BP9,3589.0
WEEKENDS/HOLIDAY,BP9,BP10,2885.0
WEEKENDS/HOLIDAY,BP9,BP8,1248.0
WEEKENDS/HOLIDAY,CC10,CC11,31742.0
WEEKENDS/HOLIDAY,CC10,DT25,17982.0
WEEKENDS/HOLIDAY,CC10,DT27,21672.0
WEEKENDS/HOLIDAY,CC10,EW8,34024.0
WEEKENDS/HOLIDAY,CC11,CC10,31134.0
WEEKENDS/HOLIDAY,CC11,CC12,32765.0
WEEKENDS/HOLIDAY,CC12,CC11,32043.0
WEEKENDS/HOLIDAY,CC12,NE12,33579.0
WEEKENDS/HOLIDAY,CC14,NE12,60148.0
WEEKENDS/HOLIDAY,CC14,NS17,59491.0
WEEKENDS/HOLIDAY,CC16,CC17,22449.0
WEEKENDS/HOLIDAY,CC16,NS17,23154.0
WEEKENDS/HOLIDAY,CC17,CC16,21971.0
WEEKENDS/HOLIDAY,CC17,CC19,22940.0
WEEKENDS/HOLIDAY,CC19,CC17,22517.0
WEEKENDS/HOLIDAY,CC19,CC20,54034.0
WEEKENDS/HOLIDAY,CC19,DT10,57261.0
WEEKENDS/HOLIDAY,CC19,DT8,24686.0
WEEKENDS/HOLIDAY,CC2,CC3,4343.0
WEEKENDS/HOLIDAY,CC2,NS24,5531.0
WEEKENDS/HOLIDAY,CC20,CC19,54620.0
WEEKENDS/HOLIDAY,CC20,CC21,53508.0
WEEKENDS/HOLIDAY,CC21,CC20,54074.0
WEEKENDS/HOLIDAY,CC21,EW21,52403.0
WEEKENDS/HOLIDAY,CC23,CC24,10523.0
WEEKENDS/HOLIDAY,CC23,EW21,12261.0
WEEKENDS/HOLIDAY,CC24,CC23,10594.0
WEEKENDS/HOLIDAY,CC24,CC25,7997.0
WEEKENDS/HOLIDAY,CC25,CC24,7985.0
WEEKENDS/HOLIDAY,CC25,CC26,7497.0
WEEKENDS/HOLIDAY,CC26,CC25,7159.0
WEEKENDS/HOLIDAY,CC26,CC27,7630.0
WEEKENDS/HOLIDAY,CC27,CC26,7296.0
WEEKENDS/HOLIDAY,CC27,CC28,7626.0
WEEKENDS/HOLIDAY,CC28,CC27,7368.0
WEEKENDS/HOLIDAY,CC28,NE1,8369.0
WEEKENDS/HOLIDAY,CC3,CC2,4579.0
WEEKENDS/HOLIDAY,CC3,CC4,3825.0
WEEKENDS/HOLIDAY,CC4,CC3,3908.0
WEEKENDS/HOLIDAY,CC4,CC5,5713.0
WEEKENDS/HOLIDAY,CC4,CE1,17591.0
WEEKENDS/HOLIDAY,CC4,EW12,20420.0
WEEKENDS/HOLIDAY,CC5,CC4,5580.0
WEEKENDS/HOLIDAY,CC5,CC6,4810.0
WEEKENDS/HOLIDAY,CC6,CC5,4780.0
WEEKENDS/HOLIDAY,CC6,CC7,5982.0
WEEKENDS/HOLIDAY,CC7,CC6,5772.0
WEEKENDS/HOLIDAY,CC7,CC8,5940.0
WEEKENDS/HOLIDAY,CC8,CC7,6118.0
WEEKENDS/HOLIDAY,CC8,EW8,8068.0
WEEKENDS/HOLIDAY,CE1,CC4,16540.0
WEEKENDS/HOLIDAY,CE1,DT17,7938.0
WEEKENDS/HOLIDAY,CE1,NS27,257.0
WEEKENDS/HOLIDAY,CG1,CG2,9748.0
WEEKENDS/HOLIDAY,CG1,DT34,5162.0
WEEKENDS/HOLIDAY,CG1,EW4,14187.0
WEEKENDS/HOLIDAY,CG2,CG1,10846.0
WEEKENDS/HOLIDAY,DT1,DT2,15471.0
WEEKENDS/HOLIDAY,DT10,CC19,55599.0
WEEKENDS/HOLIDAY,DT10,DT11,58487.0
WEEKENDS/HOLIDAY,DT11,DT10,56414.0
WEEKENDS/HOLIDAY,DT11,NE7,61741.0
WEEKENDS/HOLIDAY,DT13,EW12,64385.0
WEEKENDS/HOLIDAY,DT13,NE7,65244.0
WEEKENDS/HOLIDAY,DT17,CE1,6782.0
WEEKENDS/HOLIDAY,DT17,DT18,6977.0
WEEKENDS/HOLIDAY,DT18,DT17,5815.0
WEEKENDS/HOLIDAY,DT18,NE4,8355.0
WEEKENDS/HOLIDAY,DT2,DT1,14876.0
WEEKENDS/HOLIDAY,DT2,DT3,16143.0
WEEKENDS/HOLIDAY,DT20,DT21,11132.0
WEEKENDS/HOLIDAY,DT20,NE4,11744.0
WEEKENDS/HOLIDAY,DT21,DT20,11676.0
WEEKENDS/HOLIDAY,DT21,DT22,12489.0
WEEKENDS/HOLIDAY,DT22,DT21,13060.0
WEEKENDS/HOLIDAY,DT22,DT23,15887.0
WEEKENDS/HOLIDAY,DT23,DT22,16890.0
WEEKENDS/HOLIDAY,DT23,DT24,16319.0
WEEKENDS/HOLIDAY,DT24,DT23,17389.0
WEEKENDS/HOLIDAY,DT24,DT25,16635.0
WEEKENDS/HOLIDAY,DT25,CC10,16922.0
WEEKENDS/HOLIDAY,DT25,DT24,17690.0
WEEKENDS/HOLIDAY,DT27,CC10,22911.0
WEEKENDS/HOLIDAY,DT27,DT28,19465.0
WEEKENDS/HOLIDAY,DT28,DT27,20617.0
WEEKENDS/HOLIDAY,DT28,DT29,16432.0
WEEKENDS/HOLIDAY,DT29,DT28,17269.0
WEEKENDS/HOLIDAY,DT29,DT30,15600.0
WEEKENDS/HOLIDAY,DT3,DT2,15287.0
WEEKENDS/HOLIDAY,DT3,DT5,18903.0
WEEKENDS/HOLIDAY,DT30,DT29,16044.0
WEEKENDS/HOLIDAY,DT30,DT31,14260.0
WEEKENDS/HOLIDAY,DT31,DT30,14450.0
WEEKENDS/HOLIDAY,DT31,DT32,13166.0
WEEKENDS/HOLIDAY,DT32,DT31,13631.0
WEEKENDS/HOLIDAY,DT32,DT33,8090.0
WEEKENDS/HOLIDAY,DT33,DT32,8733.0
WEEKENDS/HOLIDAY,DT33,DT34,4843.0
WEEKENDS/HOLIDAY,DT34,CG1,5326.0
WEEKENDS/HOLIDAY,DT34,DT33,4809.0
WEEKENDS/HOLIDAY,DT5,DT3,17585.0
WEEKENDS/HOLIDAY,DT5,DT6,23042.0
WEEKENDS/HOLIDAY,DT6,DT5,21638.0
WEEKENDS/HOLIDAY,DT6,DT7,24311.0
WEEKENDS/HOLIDAY,DT7,DT6,22881.0
WEEKENDS/HOLIDAY,DT7,DT8,25239.0
WEEKENDS/HOLIDAY,DT8,CC19,25827.0
WEEKENDS/HOLIDAY,DT8,DT7,24108.0
WEEKENDS/HOLIDAY,EW1,EW2,17124.0
WEEKENDS/HOLIDAY,EW10,EW11,67077.0
WEEKENDS/HOLIDAY,EW10,EW9,65247.0
WEEKENDS/HOLIDAY,EW11,EW10,66559.0
WEEKENDS/HOLIDAY,EW11,EW12,69153.0
WEEKENDS/HOLIDAY,EW12,CC4,22063.0
WEEKENDS/HOLIDAY,EW12,DT13,62893.0
WEEKENDS/HOLIDAY,EW12,EW11,68940.0
WEEKENDS/HOLIDAY,EW12,NS25,22860.0
WEEKENDS/HOLIDAY,EW15,EW16,22597.0
WEEKENDS/HOLIDAY,EW15,NS26,27769.0
WEEKENDS/HOLIDAY,EW16,EW15,24743.0
WEEKENDS/HOLIDAY,EW16,EW17,33270.0
WEEKENDS/HOLIDAY,EW16,NE1,21727.0
WEEKENDS/HOLIDAY,EW16,NE4,35093.0
WEEKENDS/HOLIDAY,EW17,EW16,33859.0
WEEKENDS/HOLIDAY,EW17,EW18,30772.0
WEEKENDS/HOLIDAY,EW18,EW17,32150.0
WEEKENDS/HOLIDAY,EW18,EW19,30173.0
WEEKENDS/HOLIDAY,EW19,EW18,31746.0
WEEKENDS/HOLIDAY,EW19,EW20,30407.0
WEEKENDS/HOLIDAY,EW2,EW1,16560.0
WEEKENDS/HOLIDAY,EW2,EW3,28505.0
WEEKENDS/HOLIDAY,EW20,EW19,31849.0
WEEKENDS/HOLIDAY,EW20,EW21,31857.0
WEEKENDS/HOLIDAY,EW21,CC21,53238.0
WEEKENDS/HOLIDAY,EW21,CC23,12177.0
WEEKENDS/HOLIDAY,EW21,EW20,33013.0
WEEKENDS/HOLIDAY,EW21,EW22,79588.0
WEEKENDS/HOLIDAY,EW22,EW21,81080.0
WEEKENDS/HOLIDAY,EW22,EW23,79537.0
WEEKENDS/HOLIDAY,EW23,EW22,81301.0
WEEKENDS/HOLIDAY,EW23,NS1,77894.0
WEEKENDS/HOLIDAY,EW25,EW26,57879.0
WEEKENDS/HOLIDAY,EW25,NS1,62409.0
WEEKENDS/HOLIDAY,EW26,EW25,60473.0
WEEKENDS/HOLIDAY,EW26,EW27,48130.0
WEEKENDS/HOLIDAY,EW27,EW26,48316.0
WEEKENDS/HOLIDAY,EW27,EW28,26456.0
WEEKENDS/HOLIDAY,EW28,EW27,29088.0
WEEKENDS/HOLIDAY,EW28,EW29,16636.0
WEEKENDS/HOLIDAY,EW29,EW28,16112.0
WEEKENDS/HOLIDAY,EW29,EW30,8045.0
WEEKENDS/HOLIDAY,EW3,EW2,27990.0
WEEKENDS/HOLIDAY,EW3,EW4,32104.0
WEEKENDS/HOLIDAY,EW30,EW29,8129.0
WEEKENDS/HOLIDAY,EW30,EW31,6545.0
WEEKENDS/HOLIDAY,EW31,EW30,6301.0
WEEKENDS/HOLIDAY,EW31,EW32,4858.0
WEEKENDS/HOLIDAY,EW32,EW31,4076.0
WEEKENDS/HOLIDAY,EW32,EW33,2412.0
WEEKENDS/HOLIDAY,EW33,EW32,2118.0
WEEKENDS/HOLIDAY,EW4,CG1,13078.0
WEEKENDS/HOLIDAY,EW4,EW3,31553.0
WEEKENDS/HOLIDAY,EW4,EW5,46794.0
WEEKENDS/HOLIDAY,EW5,EW4,44265.0
WEEKENDS/HOLIDAY,EW5,EW6,56234.0
WEEKENDS/HOLIDAY,EW6,EW5,53539.0
WEEKENDS/HOLIDAY,EW6,EW7,58152.0
WEEKENDS/HOLIDAY,EW7,EW6,55952.0
WEEKENDS/HOLIDAY,EW7,EW8,61616.0
WEEKENDS/HOLIDAY,EW8,CC10,33994.0
WEEKENDS/HOLIDAY,EW8,CC8,8001.0
WEEKENDS/HOLIDAY,EW8,EW7,60266.0
WEEKENDS/HOLIDAY,EW8,EW9,64594.0
WEEKENDS/HOLIDAY,EW9,EW10,65903.0
WEEKENDS/HOLIDAY,EW9,EW8,63853.0
WEEKENDS/HOLIDAY,NE1,CC28,7954.0
WEEKENDS/HOLIDAY,NE1,EW16,21846.0
WEEKENDS/HOLIDAY,NE10,NE11,76083.0
WEEKENDS/HOLIDAY,NE10,NE9,80697.0
WEEKENDS/HOLIDAY,NE11,NE10,80157.0
WEEKENDS/HOLIDAY,NE11,NE12,75871.0
WEEKENDS/HOLIDAY,NE12,CC12,32672.0
WEEKENDS/HOLIDAY,NE12,CC14,59720.0
WEEKENDS/HOLIDAY,NE12,NE11,79748.0
WEEKENDS/HOLIDAY,NE12,NE13,64246.0
WEEKENDS/HOLIDAY,NE13,NE12,67625.0
WEEKENDS/HOLIDAY,NE13,NE14,60083.0
WEEKENDS/HOLIDAY,NE14,NE13,63235.0
WEEKENDS/HOLIDAY,NE14,NE15,50933.0
WEEKENDS/HOLIDAY,NE15,NE14,53289.0
WEEKENDS/HOLIDAY,NE15,NE16,46086.0
WEEKENDS/HOLIDAY,NE16,NE15,48179.0
WEEKENDS/HOLIDAY,NE16,NE17,27670.0
WEEKENDS/HOLIDAY,NE16,SE1,5596.0
WEEKENDS/HOLIDAY,NE16,SE5,2626.0
WEEKENDS/HOLIDAY,NE16,SW1,3422.0
WEEKENDS/HOLIDAY,NE16,SW8,5823.0
WEEKENDS/HOLIDAY,NE17,NE16,29201.0
WEEKENDS/HOLIDAY,NE17,PE1,5658.0
WEEKENDS/HOLIDAY,NE17,PE7,6286.0
WEEKENDS/HOLIDAY,NE17,PW1,1140.0
WEEKENDS/HOLIDAY,NE17,PW7,3259.0
WEEKENDS/HOLIDAY,NE4,DT18,7611.0
WEEKENDS/HOLIDAY,NE4,DT20,11597.0
WEEKENDS/HOLIDAY,NE4,EW16,36100.0
WEEKENDS/HOLIDAY,NE4,NE5,37660.0
WEEKENDS/HOLIDAY,NE5,NE4,37920.0
WEEKENDS/HOLIDAY,NE5,NS24,39937.0
WEEKENDS/HOLIDAY,NE7,DT11,58946.0
WEEKENDS/HOLIDAY,NE7,DT13,67245.0
WEEKENDS/HOLIDAY,NE7,NE8,79419.0
WEEKENDS/HOLIDAY,NE7,NS24,85258.0
WEEKENDS/HOLIDAY,NE8,NE7,83350.0
WEEKENDS/HOLIDAY,NE8,NE9,77490.0
WEEKENDS/HOLIDAY,NE9,NE10,76482.0
WEEKENDS/HOLIDAY,NE9,NE8,83318.0
WEEKENDS/HOLIDAY,NS1,EW23,79604.0
WEEKENDS/HOLIDAY,NS1,EW25,59626.0
WEEKENDS/HOLIDAY,NS1,NS2,58165.0
WEEKENDS/HOLIDAY,NS10,NS11,50121.0
WEEKENDS/HOLIDAY,NS10,NS9,45644.0
WEEKENDS/HOLIDAY,NS11,NS10,48024.0
WEEKENDS/HOLIDAY,NS11,NS12,55345.0
WEEKENDS/HOLIDAY,NS12,NS11,52876.0
WEEKENDS/HOLIDAY,NS12,NS13,55345.0
WEEKENDS/HOLIDAY,NS13,NS12,52876.0
WEEKENDS/HOLIDAY,NS13,NS14,60676.0
WEEKENDS/HOLIDAY,NS14,NS13,59037.0
WEEKENDS/HOLIDAY,NS14,NS15,65463.0
WEEKENDS/HOLIDAY,NS15,NS14,61380.0
WEEKENDS/HOLIDAY,NS15,NS16,68072.0
WEEKENDS/HOLIDAY,NS16,NS15,63175.0
WEEKENDS/HOLIDAY,NS16,NS17,76975.0
WEEKENDS/HOLIDAY,NS17,CC14,59751.0
WEEKENDS/HOLIDAY,NS17,CC16,23774.0
WEEKENDS/HOLIDAY,NS17,NS16,74935.0
WEEKENDS/HOLIDAY,NS17,NS18,45860.0
WEEKENDS/HOLIDAY,NS18,NS17,43718.0
WEEKENDS/HOLIDAY,NS18,NS19,46083.0
WEEKENDS/HOLIDAY,NS19,NS18,43341.0
WEEKENDS/HOLIDAY,NS19,NS20,45444.0
WEEKENDS/HOLIDAY,NS2,NS1,59015.0
WEEKENDS/HOLIDAY,NS2,NS3,54288.0
WEEKENDS/HOLIDAY,NS20,NS19,43486.0
WEEKENDS/HOLIDAY,NS20,NS21,39989.0
WEEKENDS/HOLIDAY,NS21,NS20,37817.0
WEEKENDS/HOLIDAY,NS21,NS22,34267.0
WEEKENDS/HOLIDAY,NS22,NS21,33583.0
WEEKENDS/HOLIDAY,NS22,NS23,35787.0
WEEKENDS/HOLIDAY,NS23,NS22,37556.0
WEEKENDS/HOLIDAY,NS23,NS24,37725.0
WEEKENDS/HOLIDAY,NS24,CC2,5529.0
WEEKENDS/HOLIDAY,NS24,NE5,41029.0
WEEKENDS/HOLIDAY,NS24,NE7,82186.0
WEEKENDS/HOLIDAY,NS24,NS23,40717.0
WEEKENDS/HOLIDAY,NS24,NS25,19231.0
WEEKENDS/HOLIDAY,NS25,EW12,24176.0
WEEKENDS/HOLIDAY,NS25,NS24,19081.0
WEEKENDS/HOLIDAY,NS25,NS26,30963.0
WEEKENDS/HOLIDAY,NS26,EW15,26119.0
WEEKENDS/HOLIDAY,NS26,NS25,32330.0
WEEKENDS/HOLIDAY,NS26,NS27,2266.0
WEEKENDS/HOLIDAY,NS27,CE1,456.0
WEEKENDS/HOLIDAY,NS27,NS26,1921.0
WEEKENDS/HOLIDAY,NS27,NS28,1132.0
WEEKENDS/HOLIDAY,NS28,NS27,1238.0
WEEKENDS/HOLIDAY,NS3,NS2,55806.0
WEEKENDS/HOLIDAY,NS3,NS4,50518.0
WEEKENDS/HOLIDAY,NS4,BP2,7707.0
WEEKENDS/HOLIDAY,NS4,NS3,51557.0
WEEKENDS/HOLIDAY,NS4,NS5,44251.0
WEEKENDS/HOLIDAY,NS5,NS4,46135.0
WEEKENDS/HOLIDAY,NS5,NS7,38297.0
WEEKENDS/HOLIDAY,NS7,NS5,39906.0
WEEKENDS/HOLIDAY,NS7,NS8,38301.0
WEEKENDS/HOLIDAY,NS8,NS7,38438.0
WEEKENDS/HOLIDAY,NS8,NS9,42033.0
WEEKENDS/HOLIDAY,NS9,NS10,44041.0
WEEKENDS/HOLIDAY,NS9,NS8,39260.0
WEEKENDS/HOLIDAY,PE1,NE17,5899.0
WEEKENDS/HOLIDAY,PE1,PE2,4700.0
WEEKENDS/HOLIDAY,PE2,PE1,4882.0
WEEKENDS/HOLIDAY,PE2,PE3,3186.0
WEEKENDS/HOLIDAY,PE3,PE2,3248.0
WEEKENDS/HOLIDAY,PE3,PE4,1391.0
WEEKENDS/HOLIDAY,PE4,PE3,1439.0
WEEKENDS/HOLIDAY,PE4,PE5,2100.0
WEEKENDS/HOLIDAY,PE5,PE4,2203.0
WEEKENDS/HOLIDAY,PE5,PE6,3977.0
WEEKENDS/HOLIDAY,PE6,PE5,3839.0
WEEKENDS/HOLIDAY,PE6,PE7,5558.0
WEEKENDS/HOLIDAY,PE7,NE17,6865.0
WEEKENDS/HOLIDAY,PE7,PE6,5167.0
WEEKENDS/HOLIDAY,PW1,NE17,1147.0
WEEKENDS/HOLIDAY,PW1,PW3,560.0
WEEKENDS/HOLIDAY,PW3,PW1,586.0
WEEKENDS/HOLIDAY,PW3,PW4,285.0
WEEKENDS/HOLIDAY,PW4,PW3,330.0
WEEKENDS/HOLIDAY,PW4,PW5,82.0
WEEKENDS/HOLIDAY,PW5,PW4,101.0
WEEKENDS/HOLIDAY,PW5,PW6,2235.0
WEEKENDS/HOLIDAY,PW6,PW5,2296.0
WEEKENDS/HOLIDAY,PW6,PW7,2752.0
WEEKENDS/HOLIDAY,PW7,NE17,3132.0
WEEKENDS/HOLIDAY,PW7,PW6,2719.0
WEEKENDS/HOLIDAY,SE1,NE16,5990.0
WEEKENDS/HOLIDAY,SE1,SE2,4127.0
WEEKENDS/HOLIDAY,SE2,SE1,4511.0
WEEKENDS/HOLIDAY,SE2,SE3,2105.0
WEEKENDS/HOLIDAY,SE3,SE2,2327.0
WEEKENDS/HOLIDAY,SE3,SE4,799.0
WEEKENDS/HOLIDAY,SE4,SE3,901.0
WEEKENDS/HOLIDAY,SE4,SE5,1760.0
WEEKENDS/HOLIDAY,SE5,NE16,2679.0
WEEKENDS/HOLIDAY,SE5,SE4,1741.0
WEEKENDS/HOLIDAY,SW1,NE16,3658.0
WEEKENDS/HOLIDAY,SW1,SW2,3092.0
WEEKENDS/HOLIDAY,SW2,SW1,3295.0
WEEKENDS/HOLIDAY,SW2,SW3,2030.0
WEEKENDS/HOLIDAY,SW3,SW2,2057.0
WEEKENDS/HOLIDAY,SW3,SW4,1450.0
WEEKENDS/HOLIDAY,SW4,SW3,1436.0
WEEKENDS/HOLIDAY,SW4,SW5,1099.0
WEEKENDS/HOLIDAY,SW5,SW4,1100.0
WEEKENDS/HOLIDAY,SW5,SW6,4059.0
WEEKENDS/HOLIDAY,SW6,SW5,3810.0
WEEKENDS/HOLIDAY,SW6,SW7,5222.0
WEEKENDS/HOLIDAY,SW7,SW6,4879.0
WEEKENDS/HOLIDAY,SW7,SW8,5950.0
WEEKENDS/HOLIDAY,SW8,NE16,6317.0
WEEKENDS/HOLIDAY,SW8,SW7,5481.0
