DAY_TYPE,ORIGIN_PT_CODE,DESTINATION_PT_CODE,TOTAL_TRIPS
WEEKDAY,BP10,BP11,1571.0
WEEKDAY,BP10,BP9,402.0
WEEKDAY,BP11,BP10,274.0
WEEKDAY,BP11,BP12,2652.0
WEEKDAY,BP12,BP11,1124.0
WEEKDAY,BP12,BP13,3371.0
WEEKDAY,BP13,BP12,1621.0
WEEKDAY,BP13,BP6,3792.0
WEEKDAY,BP2,BP3,5106.0
WEEKDAY,BP2,NS4,5409.0
WEEKDAY,BP3,BP2,5360.0
WEEKDAY,BP3,BP4,4999.0
WEEKDAY,BP4,BP3,5011.0
WEEKDAY,BP4,BP5,4961.0
WEEKDAY,BP5,BP4,4912.0
WEEKDAY,BP5,BP6,5279.0
WEEKDAY,BP6,BP13,1852.0
WEEKDAY,BP6,BP5,5009.0
WEEKDAY,BP6,BP7,2837.0
WEEKDAY,BP7,BP6,1587.0
WEEKDAY,BP7,BP8,2567.0
WEEKDAY,BP8,BP7,1323.0
WEEKDAY,BP8,BP9,2306.0
WEEKDAY,BP9,BP10,1814.0
WEEKDAY,BP9,BP8,1000.0
WEEKDAY,CC10,CC11,17042.0
WEEKDAY,CC10,DT25,9628.0
WEEKDAY,CC10,DT27,12719.0
WEEKDAY,CC10,EW8,14880.0
WEEKDAY,CC11,CC10,16283.0
WEEKDAY,CC11,CC12,18608.0
WEEKDAY,CC12,CC11,17980.0
WEEKDAY,CC12,NE12,19103.0
WEEKDAY,CC14,NE12,33899.0
WEEKDAY,CC14,NS17,34110.0
WEEKDAY,CC16,CC17,15067.0
WEEKDAY,CC16,NS17,15542.0
WEEKDAY,CC17,CC16,14928.0
WEEKDAY,CC17,CC19,15531.0
WEEKDAY,CC19,CC17,15360.0
WEEKDAY,CC19,CC20,29170.0
WEEKDAY,CC19,DT10,23233.0
WEEKDAY,CC19,DT8,10587.0
WEEKDAY,CC2,CC3,925.0
WEEKDAY,CC2,NS24,1494.0
WEEKDAY,CC20,CC19,29333.0
WEEKDAY,CC20,CC21,28960.0
WEEKDAY,CC21,CC20,29166.0
WEEKDAY,CC21,EW21,28670.0
WEEKDAY,CC23,CC24,9733.0
WEEKDAY,CC23,EW21,11731.0
WEEKDAY,CC24,CC23,9833.0
WEEKDAY,CC24,CC25,5171.0
WEEKDAY,CC25,CC24,5056.0
WEEKDAY,CC25,CC26,4261.0
WEEKDAY,CC26,CC25,4000.0
WEEKDAY,CC26,CC27,3957.0
WEEKDAY,CC27,CC26,3756.0
WEEKDAY,CC27,CC28,3881.0
WEEKDAY,CC28,CC27,3773.0
WEEKDAY,CC28,NE1,4101.0
WEEKDAY,CC3,CC2,952.0
WEEKDAY,CC3,CC4,725.0
WEEKDAY,CC4,CC3,742.0
WEEKDAY,CC4,CC5,1592.0
WEEKDAY,CC4,CE1,4562.0
WEEKDAY,CC4,EW12,5974.0
WEEKDAY,CC5,CC4,1475.0
WEEKDAY,CC5,CC6,1332.0
WEEKDAY,CC6,CC5,1273.0
WEEKDAY,CC6,CC7,1879.0
WEEKDAY,CC7,CC6,1805.0
WEEKDAY,CC7,CC8,2198.0
WEEKDAY,CC8,CC7,2201.0
WEEKDAY,CC8,EW8,3400.0
WEEKDAY,CE1,CC4,4265.0
WEEKDAY,CE1,DT17,3400.0
WEEKDAY,CE1,NS27,51.0
WEEKDAY,CG1,CG2,2971.0
WEEKDAY,CG1,DT34,2910.0
WEEKDAY,CG1,EW4,5515.0
WEEKDAY,CG2,CG1,3155.0
WEEKDAY,DT1,DT2,7603.0
WEEKDAY,DT10,CC19,22544.0
WEEKDAY,DT10,DT11,23723.0
WEEKDAY,DT11,DT10,22806.0
WEEKDAY,DT11,NE7,24400.0
WEEKDAY,DT13,EW12,24312.0
WEEKDAY,DT13,NE7,24278.0
WEEKDAY,DT17,CE1,3106.0
WEEKDAY,DT17,DT18,1833.0
WEEKDAY,DT18,DT17,1559.0
WEEKDAY,DT18,NE4,3850.0
WEEKDAY,DT2,DT1,7428.0
WEEKDAY,DT2,DT3,7930.0
WEEKDAY,DT20,DT21,6768.0
WEEKDAY,DT20,NE4,6726.0
WEEKDAY,DT21,DT20,6832.0
WEEKDAY,DT21,DT22,7473.0
WEEKDAY,DT22,DT21,7465.0
WEEKDAY,DT22,DT23,8194.0
WEEKDAY,DT23,DT22,8268.0
WEEKDAY,DT23,DT24,8681.0
WEEKDAY,DT24,DT23,8779.0
WEEKDAY,DT24,DT25,9166.0
WEEKDAY,DT25,CC10,9459.0
WEEKDAY,DT25,DT24,9258.0
WEEKDAY,DT27,CC10,12671.0
WEEKDAY,DT27,DT28,11942.0
WEEKDAY,DT28,DT27,11960.0
WEEKDAY,DT28,DT29,10701.0
WEEKDAY,DT29,DT28,10592.0
WEEKDAY,DT29,DT30,10252.0
WEEKDAY,DT3,DT2,7568.0
WEEKDAY,DT3,DT5,8981.0
WEEKDAY,DT30,DT29,9896.0
WEEKDAY,DT30,DT31,9498.0
WEEKDAY,DT31,DT30,9048.0
WEEKDAY,DT31,DT32,8625.0
WEEKDAY,DT32,DT31,8406.0
WEEKDAY,DT32,DT33,5457.0
WEEKDAY,DT33,DT32,5639.0
WEEKDAY,DT33,DT34,2946.0
WEEKDAY,DT34,CG1,3164.0
WEEKDAY,DT34,DT33,2873.0
WEEKDAY,DT5,DT3,8427.0
WEEKDAY,DT5,DT6,10315.0
WEEKDAY,DT6,DT5,9806.0
WEEKDAY,DT6,DT7,10663.0
WEEKDAY,DT7,DT6,10164.0
WEEKDAY,DT7,DT8,10784.0
WEEKDAY,DT8,CC19,11018.0
WEEKDAY,DT8,DT7,10409.0
WEEKDAY,EW1,EW2,9150.0
WEEKDAY,EW10,EW11,28389.0
WEEKDAY,EW10,EW9,29073.0
WEEKDAY,EW11,EW10,29260.0
WEEKDAY,EW11,EW12,29604.0
WEEKDAY,EW12,CC4,6479.0
WEEKDAY,EW12,DT13,23179.0
WEEKDAY,EW12,EW11,30471.0
WEEKDAY,EW12,NS25,11693.0
WEEKDAY,EW15,EW16,12809.0
WEEKDAY,EW15,NS26,15472.0
WEEKDAY,EW16,EW15,13713.0
WEEKDAY,EW16,EW17,18516.0
WEEKDAY,EW16,NE1,8364.0
WEEKDAY,EW16,NE4,18429.0
WEEKDAY,EW17,EW16,18813.0
WEEKDAY,EW17,EW18,17607.0
WEEKDAY,EW18,EW17,18261.0
WEEKDAY,EW18,EW19,17707.0
WEEKDAY,EW19,EW18,18610.0
WEEKDAY,EW19,EW20,18512.0
WEEKDAY,EW2,EW1,8689.0
WEEKDAY,EW2,EW3,14974.0
WEEKDAY,EW20,EW19,19071.0
WEEKDAY,EW20,EW21,19876.0
WEEKDAY,EW21,CC21,28992.0
WEEKDAY,EW21,CC23,11748.0
WEEKDAY,EW21,EW20,20212.0
WEEKDAY,EW21,EW22,44807.0
WEEKDAY,EW22,EW21,45075.0
WEEKDAY,EW22,EW23,44972.0
WEEKDAY,EW23,EW22,45271.0
WEEKDAY,EW23,NS1,44537.0
WEEKDAY,EW25,EW26,36441.0
WEEKDAY,EW25,NS1,38748.0
WEEKDAY,EW26,EW25,38031.0
WEEKDAY,EW26,EW27,31675.0
WEEKDAY,EW27,EW26,31700.0
WEEKDAY,EW27,EW28,19496.0
WEEKDAY,EW28,EW27,21896.0
WEEKDAY,EW28,EW29,14884.0
WEEKDAY,EW29,EW28,14984.0
WEEKDAY,EW29,EW30,6576.0
WEEKDAY,EW3,EW2,14781.0
WEEKDAY,EW3,EW4,16952.0
WEEKDAY,EW30,EW29,7223.0
WEEKDAY,EW30,EW31,4756.0
WEEKDAY,EW31,EW30,5226.0
WEEKDAY,EW31,EW32,3063.0
WEEKDAY,EW32,EW31,3248.0
WEEKDAY,EW32,EW33,1185.0
WEEKDAY,EW33,EW32,1292.0
WEEKDAY,EW4,CG1,5304.0
WEEKDAY,EW4,EW3,16685.0
WEEKDAY,EW4,EW5,22864.0
WEEKDAY,EW5,EW4,21852.0
WEEKDAY,EW5,EW6,27841.0
WEEKDAY,EW6,EW5,26677.0
WEEKDAY,EW6,EW7,28465.0
WEEKDAY,EW7,EW6,27840.0
WEEKDAY,EW7,EW8,29794.0
WEEKDAY,EW8,CC10,15570.0
WEEKDAY,EW8,CC8,3171.0
WEEKDAY,EW8,EW7,29931.0
WEEKDAY,EW8,EW9,27905.0
WEEKDAY,EW9,EW10,28179.0
WEEKDAY,EW9,EW8,28752.0
WEEKDAY,NE1,CC28,3969.0
WEEKDAY,NE1,EW16,8208.0
WEEKDAY,NE10,NE11,37384.0
WEEKDAY,NE10,NE9,38297.0
WEEKDAY,NE11,NE10,38654.0
WEEKDAY,NE11,NE12,37633.0
WEEKDAY,NE12,CC12,18335.0
WEEKDAY,NE12,CC14,34096.0
WEEKDAY,NE12,NE11,38821.0
WEEKDAY,NE12,NE13,32823.0
WEEKDAY,NE13,NE12,33925.0
WEEKDAY,NE13,NE14,31082.0
WEEKDAY,NE14,NE13,32170.0
WEEKDAY,NE14,NE15,26044.0
WEEKDAY,NE15,NE14,27006.0
WEEKDAY,NE15,NE16,23358.0
WEEKDAY,NE16,NE15,24171.0
WEEKDAY,NE16,NE17,12636.0
WEEKDAY,NE16,SE1,2910.0
WEEKDAY,NE16,SE5,1363.0
WEEKDAY,NE16,SW1,1963.0
WEEKDAY,NE16,SW8,3021.0
WEEKDAY,NE17,NE16,13307.0
WEEKDAY,NE17,PE1,2684.0
WEEKDAY,NE17,PE7,3121.0
WEEKDAY,NE17,PW1,161.0
WEEKDAY,NE17,PW7,1227.0
WEEKDAY,NE4,DT18,3855.0
WEEKDAY,NE4,DT20,6728.0
WEEKDAY,NE4,EW16,18490.0
WEEKDAY,NE4,NE5,19278.0
WEEKDAY,NE5,NE4,19421.0
WEEKDAY,NE5,NS24,20664.0
WEEKDAY,NE7,DT11,23651.0
WEEKDAY,NE7,DT13,25428.0
WEEKDAY,NE7,NE8,37255.0
WEEKDAY,NE7,NS24,37690.0
WEEKDAY,NE8,NE7,38701.0
WEEKDAY,NE8,NE9,36926.0
WEEKDAY,NE9,NE10,37193.0
WEEKDAY,NE9,NE8,38972.0
WEEKDAY,NS1,EW23,45164.0
WEEKDAY,NS1,EW25,36639.0
WEEKDAY,NS1,NS2,37873.0
WEEKDAY,NS10,NS11,29437.0
WEEKDAY,NS10,NS9,28322.0
WEEKDAY,NS11,NS10,29215.0
WEEKDAY,NS11,NS12,32074.0
WEEKDAY,NS12,NS11,32051.0
WEEKDAY,NS12,NS13,32074.0
WEEKDAY,NS13,NS12,32051.0
WEEKDAY,NS13,NS14,35643.0
WEEKDAY,NS14,NS13,36720.0
WEEKDAY,NS14,NS15,38749.0
WEEKDAY,NS15,NS14,38586.0
WEEKDAY,NS15,NS16,39800.0
WEEKDAY,NS16,NS15,39069.0
WEEKDAY,NS16,NS17,44138.0
WEEKDAY,NS17,CC14,33801.0
WEEKDAY,NS17,CC16,15634.0
WEEKDAY,NS17,NS16,44656.0
WEEKDAY,NS17,NS18,26823.0
WEEKDAY,NS18,NS17,26553.0
WEEKDAY,NS18,NS19,26915.0
WEEKDAY,NS19,NS18,26212.0
WEEKDAY,NS19,NS20,25137.0
WEEKDAY,NS2,NS1,37599.0
WEEKDAY,NS2,NS3,35130.0
WEEKDAY,NS20,NS19,25349.0
WEEKDAY,NS20,NS21,17199.0
WEEKDAY,NS21,NS20,16890.0
WEEKDAY,NS21,NS22,13282.0
WEEKDAY,NS22,NS21,13021.0
WEEKDAY,NS22,NS23,11440.0
WEEKDAY,NS23,NS22,12041.0
WEEKDAY,NS23,NS24,11373.0
WEEKDAY,NS24,CC2,1472.0
WEEKDAY,NS24,NE5,20763.0
WEEKDAY,NS24,NE7,36904.0
WEEKDAY,NS24,NS23,12493.0
WEEKDAY,NS24,NS25,10960.0
WEEKDAY,NS25,EW12,12133.0
WEEKDAY,NS25,NS24,10639.0
WEEKDAY,NS25,NS26,20052.0
WEEKDAY,NS26,EW15,15162.0
WEEKDAY,NS26,NS25,20418.0
WEEKDAY,NS26,NS27,1080.0
WEEKDAY,NS27,CE1,27.0
WEEKDAY,NS27,NS26,1229.0
WEEKDAY,NS27,NS28,287.0
WEEKDAY,NS28,NS27,358.0
WEEKDAY,NS3,NS2,35460.0
WEEKDAY,NS3,NS4,32457.0
WEEKDAY,NS4,BP2,4951.0
WEEKDAY,NS4,NS3,32495.0
WEEKDAY,NS4,NS5,27925.0
WEEKDAY,NS5,NS4,28652.0
WEEKDAY,NS5,NS7,24263.0
WEEKDAY,NS7,NS5,24447.0
WEEKDAY,NS7,NS8,24656.0
WEEKDAY,NS8,NS7,24910.0
WEEKDAY,NS8,NS9,26901.0
WEEKDAY,NS9,NS10,26134.0
WEEKDAY,NS9,NS8,25290.0
WEEKDAY,PE1,NE17,2880.0
WEEKDAY,PE1,PE2,2300.0
WEEKDAY,PE2,PE1,2481.0
WEEKDAY,PE2,PE3,1659.0
WEEKDAY,PE3,PE2,1736.0
WEEKDAY,PE3,PE4,858.0
WEEKDAY,PE4,PE3,906.0
WEEKDAY,PE4,PE5,1118.0
WEEKDAY,PE5,PE4,1170.0
WEEKDAY,PE5,PE6,1990.0
WEEKDAY,PE6,PE5,1965.0
WEEKDAY,PE6,PE7,2703.0
WEEKDAY,PE7,NE17,3264.0
WEEKDAY,PE7,PE6,2589.0
WEEKDAY,PW1,NE17,161.0
WEEKDAY,PW1,PW3,123.0
WEEKDAY,PW3,PW1,117.0
WEEKDAY,PW3,PW4,53.0
WEEKDAY,PW4,PW3,56.0
WEEKDAY,PW4,PW5,23.0
WEEKDAY,PW5,PW4,39.0
WEEKDAY,PW5,PW6,745.0
WEEKDAY,PW6,PW5,791.0
WEEKDAY,PW6,PW7,992.0
WEEKDAY,PW7,NE17,1123.0
WEEKDAY,PW7,PW6,992.0
WEEKDAY,SE1,NE16,3257.0
WEEKDAY,SE1,SE2,2152.0
WEEKDAY,SE2,SE1,2458.0
WEEKDAY,SE2,SE3,1084.0
WEEKDAY,SE3,SE2,1288.0
WEEKDAY,SE3,SE4,427.0
WEEKDAY,SE4,SE3,521.0
WEEKDAY,SE4,SE5,873.0
WEEKDAY,SE5,NE16,1299.0
WEEKDAY,SE5,SE4,910.0
WEEKDAY,SW1,NE16,1816.0
WEEKDAY,SW1,SW2,1526.0
WEEKDAY,SW2,SW1,1542.0
WEEKDAY,SW2,SW3,1137.0
WEEKDAY,SW3,SW2,1118.0
WEEKDAY,SW3,SW4,781.0
WEEKDAY,SW4,SW3,758.0
WEEKDAY,SW4,SW5,660.0
WEEKDAY,SW5,SW4,630.0
WEEKDAY,SW5,SW6,2159.0
WEEKDAY,SW6,SW5,1920.0
WEEKDAY,SW6,SW7,2790.0
WEEKDAY,SW7,SW6,2462.0
WEEKDAY,SW7,SW8,3187.0
WEEKDAY,SW8,NE16,3427.0
WEEKDAY,SW8,SW7,2776.0
WEEKENDS/HOLIDAY,BP10,BP11,1118.0
WEEKENDS/HOLIDAY,BP10,BP9,94.0
WEEKENDS/HOLIDAY,BP11,BP10,64.0
WEEKENDS/HOLIDAY,BP11,BP12,1742.0
WEEKENDS/HOLIDAY,BP12,BP11,582.0
WEEKENDS/HOLIDAY,BP12,BP13,2010.0
WEEKENDS/HOLIDAY,BP13,BP12,800.0
WEEKENDS/HOLIDAY,BP13,BP6,2229.0
WEEKENDS/HOLIDAY,BP2,BP3,2829.0
WEEKENDS/HOLIDAY,BP2,NS4,3055.0
WEEKENDS/HOLIDAY,BP3,BP2,3033.0
WEEKENDS/HOLIDAY,BP3,BP4,2778.0
WEEKENDS/HOLIDAY,BP4,BP3,2825.0
WEEKENDS/HOLIDAY,BP4,BP5,2834.0
WEEKENDS/HOLIDAY,BP5,BP4,2835.0
WEEKENDS/HOLIDAY,BP5,BP6,3059.0
WEEKENDS/HOLIDAY,BP6,BP13,940.0
WEEKENDS/HOLIDAY,BP6,BP5,2915.0
WEEKENDS/HOLIDAY,BP6,BP7,1778.0
WEEKENDS/HOLIDAY,BP7,BP6,810.0
WEEKENDS/HOLIDAY,BP7,BP8,1672.0
WEEKENDS/HOLIDAY,BP8,BP7,764.0
WEEKENDS/HOLIDAY,BP8,BP9,1501.0
WEEKENDS/HOLIDAY,BP9,BP10,1299.0
WEEKENDS/HOLIDAY,BP9,BP8,539.0
WEEKENDS/HOLIDAY,CC10,CC11,9585.0
WEEKENDS/HOLIDAY,CC10,DT25,5254.0
WEEKENDS/HOLIDAY,CC10,DT27,6391.0
WEEKENDS/HOLIDAY,CC10,EW8,9389.0
WEEKENDS/HOLIDAY,CC11,CC10,9132.0
WEEKENDS/HOLIDAY,CC11,CC12,10065.0
WEEKENDS/HOLIDAY,CC12,CC11,9587.0
WEEKENDS/HOLIDAY,CC12,NE12,10241.0
WEEKENDS/HOLIDAY,CC14,NE12,18338.0
WEEKENDS/HOLIDAY,CC14,NS17,18490.0
WEEKENDS/HOLIDAY,CC16,CC17,7155.0
WEEKENDS/HOLIDAY,CC16,NS17,7343.0
WEEKENDS/HOLIDAY,CC17,CC16,6985.0
WEEKENDS/HOLIDAY,CC17,CC19,7366.0
WEEKENDS/HOLIDAY,CC19,CC17,7183.0
WEEKENDS/HOLIDAY,CC19,CC20,16161.0
WEEKENDS/HOLIDAY,CC19,DT10,14606.0
WEEKENDS/HOLIDAY,CC19,DT8,5766.0
WEEKENDS/HOLIDAY,CC2,CC3,783.0
WEEKENDS/HOLIDAY,CC2,NS24,1142.0
WEEKENDS/HOLIDAY,CC20,CC19,16225.0
WEEKENDS/HOLIDAY,CC20,CC21,16109.0
WEEKENDS/HOLIDAY,CC21,CC20,16220.0
WEEKENDS/HOLIDAY,CC21,EW21,15856.0
WEEKENDS/HOLIDAY,CC23,CC24,4230.0
WEEKENDS/HOLIDAY,CC23,EW21,5011.0
WEEKENDS/HOLIDAY,CC24,CC23,4377.0
WEEKENDS/HOLIDAY,CC24,CC25,2867.0
WEEKENDS/HOLIDAY,CC25,CC24,2918.0
WEEKENDS/HOLIDAY,CC25,CC26,2417.0
WEEKENDS/HOLIDAY,CC26,CC25,2386.0
WEEKENDS/HOLIDAY,CC26,CC27,2378.0
WEEKENDS/HOLIDAY,CC27,CC26,2336.0
WEEKENDS/HOLIDAY,CC27,CC28,2355.0
WEEKENDS/HOLIDAY,CC28,CC27,2324.0
WEEKENDS/HOLIDAY,CC28,NE1,2631.0
WEEKENDS/HOLIDAY,CC3,CC2,803.0
WEEKENDS/HOLIDAY,CC3,CC4,667.0
WEEKENDS/HOLIDAY,CC4,CC3,675.0
WEEKENDS/HOLIDAY,CC4,CC5,1155.0
WEEKENDS/HOLIDAY,CC4,CE1,2956.0
WEEKENDS/HOLIDAY,CC4,EW12,3668.0
WEEKENDS/HOLIDAY,CC5,CC4,1123.0
WEEKENDS/HOLIDAY,CC5,CC6,1019.0
WEEKENDS/HOLIDAY,CC6,CC5,1008.0
WEEKENDS/HOLIDAY,CC6,CC7,1633.0
WEEKENDS/HOLIDAY,CC7,CC6,1518.0
WEEKENDS/HOLIDAY,CC7,CC8,1603.0
WEEKENDS/HOLIDAY,CC8,CC7,1617.0
WEEKENDS/HOLIDAY,CC8,EW8,2238.0
WEEKENDS/HOLIDAY,CE1,CC4,2583.0
WEEKENDS/HOLIDAY,CE1,DT17,1551.0
WEEKENDS/HOLIDAY,CE1,NS27,20.0
WEEKENDS/HOLIDAY,CG1,CG2,2483.0
WEEKENDS/HOLIDAY,CG1,DT34,1803.0
WEEKENDS/HOLIDAY,CG1,EW4,3701.0
WEEKENDS/HOLIDAY,CG2,CG1,2642.0
WEEKENDS/HOLIDAY,DT1,DT2,4419.0
WEEKENDS/HOLIDAY,DT10,CC19,14104.0
WEEKENDS/HOLIDAY,DT10,DT11,14901.0
WEEKENDS/HOLIDAY,DT11,DT10,14308.0
WEEKENDS/HOLIDAY,DT11,NE7,15740.0
WEEKENDS/HOLIDAY,DT13,EW12,16173.0
WEEKENDS/HOLIDAY,DT13,NE7,16465.0
WEEKENDS/HOLIDAY,DT17,CE1,1245.0
WEEKENDS/HOLIDAY,DT17,DT18,1255.0
WEEKENDS/HOLIDAY,DT18,DT17,959.0
WEEKENDS/HOLIDAY,DT18,NE4,1789.0
WEEKENDS/HOLIDAY,DT2,DT1,4264.0
WEEKENDS/HOLIDAY,DT2,DT3,4514.0
WEEKENDS/HOLIDAY,DT20,DT21,3539.0
WEEKENDS/HOLIDAY,DT20,NE4,3593.0
WEEKENDS/HOLIDAY,DT21,DT20,3635.0
WEEKENDS/HOLIDAY,DT21,DT22,3888.0
WEEKENDS/HOLIDAY,DT22,DT21,3974.0
WEEKENDS/HOLIDAY,DT22,DT23,4622.0
WEEKENDS/HOLIDAY,DT23,DT22,4819.0
WEEKENDS/HOLIDAY,DT23,DT24,4774.0
WEEKENDS/HOLIDAY,DT24,DT23,5001.0
WEEKENDS/HOLIDAY,DT24,DT25,4965.0
WEEKENDS/HOLIDAY,DT25,CC10,5025.0
WEEKENDS/HOLIDAY,DT25,DT24,5193.0
WEEKENDS/HOLIDAY,DT27,CC10,6655.0
WEEKENDS/HOLIDAY,DT27,DT28,5899.0
WEEKENDS/HOLIDAY,DT28,DT27,6143.0
WEEKENDS/HOLIDAY,DT28,DT29,5275.0
WEEKENDS/HOLIDAY,DT29,DT28,5392.0
WEEKENDS/HOLIDAY,DT29,DT30,5100.0
WEEKENDS/HOLIDAY,DT3,DT2,4314.0
WEEKENDS/HOLIDAY,DT3,DT5,5080.0
WEEKENDS/HOLIDAY,DT30,DT29,5087.0
WEEKENDS/HOLIDAY,DT30,DT31,4852.0
WEEKENDS/HOLIDAY,DT31,DT30,4753.0
WEEKENDS/HOLIDAY,DT31,DT32,4638.0
WEEKENDS/HOLIDAY,DT32,DT31,4684.0
WEEKENDS/HOLIDAY,DT32,DT33,2985.0
WEEKENDS/HOLIDAY,DT33,DT32,3186.0
WEEKENDS/HOLIDAY,DT33,DT34,1723.0
WEEKENDS/HOLIDAY,DT34,CG1,1862.0
WEEKENDS/HOLIDAY,DT34,DT33,1729.0
WEEKENDS/HOLIDAY,DT5,DT3,4725.0
WEEKENDS/HOLIDAY,DT5,DT6,5805.0
WEEKENDS/HOLIDAY,DT6,DT5,5384.0
WEEKENDS/HOLIDAY,DT6,DT7,5972.0
WEEKENDS/HOLIDAY,DT7,DT6,5545.0
WEEKENDS/HOLIDAY,DT7,DT8,6054.0
WEEKENDS/HOLIDAY,DT8,CC19,6106.0
WEEKENDS/HOLIDAY,DT8,DT7,5722.0
WEEKENDS/HOLIDAY,EW1,EW2,5581.0
WEEKENDS/HOLIDAY,EW10,EW11,17832.0
WEEKENDS/HOLIDAY,EW10,EW9,17831.0
WEEKENDS/HOLIDAY,EW11,EW10,18077.0
WEEKENDS/HOLIDAY,EW11,EW12,18666.0
WEEKENDS/HOLIDAY,EW12,CC4,4086.0
WEEKENDS/HOLIDAY,EW12,DT13,15670.0
WEEKENDS/HOLIDAY,EW12,EW11,18879.0
WEEKENDS/HOLIDAY,EW12,NS25,6557.0
WEEKENDS/HOLIDAY,EW15,EW16,6878.0
WEEKENDS/HOLIDAY,EW15,NS26,8205.0
WEEKENDS/HOLIDAY,EW16,EW15,7406.0
WEEKENDS/HOLIDAY,EW16,EW17,10401.0
WEEKENDS/HOLIDAY,EW16,NE1,6178.0
WEEKENDS/HOLIDAY,EW16,NE4,10909.0
WEEKENDS/HOLIDAY,EW17,EW16,10425.0
WEEKENDS/HOLIDAY,EW17,EW18,9988.0
WEEKENDS/HOLIDAY,EW18,EW17,10297.0
WEEKENDS/HOLIDAY,EW18,EW19,9897.0
WEEKENDS/HOLIDAY,EW19,EW18,10309.0
WEEKENDS/HOLIDAY,EW19,EW20,10216.0
WEEKENDS/HOLIDAY,EW2,EW1,5245.0
WEEKENDS/HOLIDAY,EW2,EW3,9215.0
WEEKENDS/HOLIDAY,EW20,EW19,10534.0
WEEKENDS/HOLIDAY,EW20,EW21,10857.0
WEEKENDS/HOLIDAY,EW21,CC21,16010.0
WEEKENDS/HOLIDAY,EW21,CC23,4874.0
WEEKENDS/HOLIDAY,EW21,EW20,10966.0
WEEKENDS/HOLIDAY,EW21,EW22,25348.0
WEEKENDS/HOLIDAY,EW22,EW21,25429.0
WEEKENDS/HOLIDAY,EW22,EW23,25452.0
WEEKENDS/HOLIDAY,EW23,EW22,25609.0
WEEKENDS/HOLIDAY,EW23,NS1,25504.0
WEEKENDS/HOLIDAY,EW25,EW26,20575.0
WEEKENDS/HOLIDAY,EW25,NS1,21825.0
WEEKENDS/HOLIDAY,EW26,EW25,21411.0
WEEKENDS/HOLIDAY,EW26,EW27,17678.0
WEEKENDS/HOLIDAY,EW27,EW26,17569.0
WEEKENDS/HOLIDAY,EW27,EW28,10814.0
WEEKENDS/HOLIDAY,EW28,EW27,11900.0
WEEKENDS/HOLIDAY,EW28,EW29,7735.0
WEEKENDS/HOLIDAY,EW29,EW28,7674.0
WEEKENDS/HOLIDAY,EW29,EW30,3359.0
WEEKENDS/HOLIDAY,EW3,EW2,8915.0
WEEKENDS/HOLIDAY,EW3,EW4,10201.0
WEEKENDS/HOLIDAY,EW30,EW29,3639.0
WEEKENDS/HOLIDAY,EW30,EW31,2597.0
WEEKENDS/HOLIDAY,EW31,EW30,2768.0
WEEKENDS/HOLIDAY,EW31,EW32,1762.0
WEEKENDS/HOLIDAY,EW32,EW31,1747.0
WEEKENDS/HOLIDAY,EW32,EW33,782.0
WEEKENDS/HOLIDAY,EW33,EW32,776.0
WEEKENDS/HOLIDAY,EW4,CG1,3563.0
WEEKENDS/HOLIDAY,EW4,EW3,9858.0
WEEKENDS/HOLIDAY,EW4,EW5,13713.0
WEEKENDS/HOLIDAY,EW5,EW4,12938.0
WEEKENDS/HOLIDAY,EW5,EW6,16749.0
WEEKENDS/HOLIDAY,EW6,EW5,15880.0
WEEKENDS/HOLIDAY,EW6,EW7,17065.0
WEEKENDS/HOLIDAY,EW7,EW6,16402.0
WEEKENDS/HOLIDAY,EW7,EW8,18102.0
WEEKENDS/HOLIDAY,EW8,CC10,9658.0
WEEKENDS/HOLIDAY,EW8,CC8,2165.0
WEEKENDS/HOLIDAY,EW8,EW7,17710.0
WEEKENDS/HOLIDAY,EW8,EW9,17450.0
WEEKENDS/HOLIDAY,EW9,EW10,17609.0
WEEKENDS/HOLIDAY,EW9,EW8,17518.0
WEEKENDS/HOLIDAY,NE1,CC28,2522.0
WEEKENDS/HOLIDAY,NE1,EW16,6101.0
WEEKENDS/HOLIDAY,NE10,NE11,23146.0
WEEKENDS/HOLIDAY,NE10,NE9,24298.0
WEEKENDS/HOLIDAY,NE11,NE10,24201.0
WEEKENDS/HOLIDAY,NE11,NE12,23141.0
WEEKENDS/HOLIDAY,NE12,CC12,9744.0
WEEKENDS/HOLIDAY,NE12,CC14,18507.0
WEEKENDS/HOLIDAY,NE12,NE11,24165.0
WEEKENDS/HOLIDAY,NE12,NE13,19443.0
WEEKENDS/HOLIDAY,NE13,NE12,20421.0
WEEKENDS/HOLIDAY,NE13,NE14,18689.0
WEEKENDS/HOLIDAY,NE14,NE13,19556.0
WEEKENDS/HOLIDAY,NE14,NE15,15723.0
WEEKENDS/HOLIDAY,NE15,NE14,16430.0
WEEKENDS/HOLIDAY,NE15,NE16,14209.0
WEEKENDS/HOLIDAY,NE16,NE15,14862.0
WEEKENDS/HOLIDAY,NE16,NE17,8226.0
WEEKENDS/HOLIDAY,NE16,SE1,1909.0
WEEKENDS/HOLIDAY,NE16,SE5,940.0
WEEKENDS/HOLIDAY,NE16,SW1,1213.0
WEEKENDS/HOLIDAY,NE16,SW8,1846.0
WEEKENDS/HOLIDAY,NE17,NE16,8733.0
WEEKENDS/HOLIDAY,NE17,PE1,1714.0
WEEKENDS/HOLIDAY,NE17,PE7,2018.0
WEEKENDS/HOLIDAY,NE17,PW1,138.0
WEEKENDS/HOLIDAY,NE17,PW7,854.0
WEEKENDS/HOLIDAY,NE4,DT18,1593.0
WEEKENDS/HOLIDAY,NE4,DT20,3553.0
WEEKENDS/HOLIDAY,NE4,EW16,11152.0
WEEKENDS/HOLIDAY,NE4,NE5,12167.0
WEEKENDS/HOLIDAY,NE5,NE4,12387.0
WEEKENDS/HOLIDAY,NE5,NS24,12937.0
WEEKENDS/HOLIDAY,NE7,DT11,15136.0
WEEKENDS/HOLIDAY,NE7,DT13,17061.0
WEEKENDS/HOLIDAY,NE7,NE8,23469.0
WEEKENDS/HOLIDAY,NE7,NS24,24789.0
WEEKENDS/HOLIDAY,NE8,NE7,24808.0
WEEKENDS/HOLIDAY,NE8,NE9,23288.0
WEEKENDS/HOLIDAY,NE9,NE10,23236.0
WEEKENDS/HOLIDAY,NE9,NE8,25133.0
WEEKENDS/HOLIDAY,NS1,EW23,25694.0
WEEKENDS/HOLIDAY,NS1,EW25,20835.0
WEEKENDS/HOLIDAY,NS1,NS2,21497.0
WEEKENDS/HOLIDAY,NS10,NS11,18106.0
WEEKENDS/HOLIDAY,NS10,NS9,17290.0
WEEKENDS/HOLIDAY,NS11,NS10,17876.0
WEEKENDS/HOLIDAY,NS11,NS12,19853.0
WEEKENDS/HOLIDAY,NS12,NS11,19566.0
WEEKENDS/HOLIDAY,NS12,NS13,19853.0
WEEKENDS/HOLIDAY,NS13,NS12,19566.0
WEEKENDS/HOLIDAY,NS13,NS14,21801.0
WEEKENDS/HOLIDAY,NS14,NS13,22085.0
WEEKENDS/HOLIDAY,NS14,NS15,23452.0
WEEKENDS/HOLIDAY,NS15,NS14,22998.0
WEEKENDS/HOLIDAY,NS15,NS16,24032.0
WEEKENDS/HOLIDAY,NS16,NS15,23286.0
WEEKENDS/HOLIDAY,NS16,NS17,26919.0
WEEKENDS/HOLIDAY,NS17,CC14,18277.0
WEEKENDS/HOLIDAY,NS17,CC16,7586.0
WEEKENDS/HOLIDAY,NS17,NS16,26825.0
WEEKENDS/HOLIDAY,NS17,NS18,16948.0
WEEKENDS/HOLIDAY,NS18,NS17,16444.0
WEEKENDS/HOLIDAY,NS18,NS19,17177.0
WEEKENDS/HOLIDAY,NS19,NS18,16435.0
WEEKENDS/HOLIDAY,NS19,NS20,16556.0
WEEKENDS/HOLIDAY,NS2,NS1,21528.0
WEEKENDS/HOLIDAY,NS2,NS3,20010.0
WEEKENDS/HOLIDAY,NS20,NS19,16227.0
WEEKENDS/HOLIDAY,NS20,NS21,12872.0
WEEKENDS/HOLIDAY,NS21,NS20,12300.0
WEEKENDS/HOLIDAY,NS21,NS22,10474.0
WEEKENDS/HOLIDAY,NS22,NS21,10267.0
WEEKENDS/HOLIDAY,NS22,NS23,9289.0
WEEKENDS/HOLIDAY,NS23,NS22,9873.0
WEEKENDS/HOLIDAY,NS23,NS24,9230.0
WEEKENDS/HOLIDAY,NS24,CC2,1121.0
WEEKENDS/HOLIDAY,NS24,NE5,13149.0
WEEKENDS/HOLIDAY,NS24,NE7,24007.0
WEEKENDS/HOLIDAY,NS24,NS23,10164.0
WEEKENDS/HOLIDAY,NS24,NS25,5300.0
WEEKENDS/HOLIDAY,NS25,EW12,6994.0
WEEKENDS/HOLIDAY,NS25,NS24,5180.0
WEEKENDS/HOLIDAY,NS25,NS26,9285.0
WEEKENDS/HOLIDAY,NS26,EW15,7913.0
WEEKENDS/HOLIDAY,NS26,NS25,9720.0
WEEKENDS/HOLIDAY,NS26,NS27,493.0
WEEKENDS/HOLIDAY,NS27,CE1,28.0
WEEKENDS/HOLIDAY,NS27,NS26,530.0
WEEKENDS/HOLIDAY,NS27,NS28,265.0
WEEKENDS/HOLIDAY,NS28,NS27,321.0
WEEKENDS/HOLIDAY,NS3,NS2,20323.0
WEEKENDS/HOLIDAY,NS3,NS4,18521.0
WEEKENDS/HOLIDAY,NS4,BP2,2745.0
WEEKENDS/HOLIDAY,NS4,NS3,18773.0
WEEKENDS/HOLIDAY,NS4,NS5,16156.0
WEEKENDS/HOLIDAY,NS5,NS4,16549.0
WEEKENDS/HOLIDAY,NS5,NS7,13949.0
WEEKENDS/HOLIDAY,NS7,NS5,14164.0
WEEKENDS/HOLIDAY,NS7,NS8,14237.0
WEEKENDS/HOLIDAY,NS8,NS7,14346.0
WEEKENDS/HOLIDAY,NS8,NS9,15913.0
WEEKENDS/HOLIDAY,NS9,NS10,16385.0
WEEKENDS/HOLIDAY,NS9,NS8,14963.0
WEEKENDS/HOLIDAY,PE1,NE17,1881.0
WEEKENDS/HOLIDAY,PE1,PE2,1498.0
WEEKENDS/HOLIDAY,PE2,PE1,1631.0
WEEKENDS/HOLIDAY,PE2,PE3,1097.0
WEEKENDS/HOLIDAY,PE3,PE2,1214.0
WEEKENDS/HOLIDAY,PE3,PE4,624.0
WEEKENDS/HOLIDAY,PE4,PE3,703.0
WEEKENDS/HOLIDAY,PE4,PE5,811.0
WEEKENDS/HOLIDAY,PE5,PE4,917.0
WEEKENDS/HOLIDAY,PE5,PE6,1351.0
WEEKENDS/HOLIDAY,PE6,PE5,1427.0
WEEKENDS/HOLIDAY,PE6,PE7,1755.0
WEEKENDS/HOLIDAY,PE7,NE17,2061.0
WEEKENDS/HOLIDAY,PE7,PE6,1728.0
WEEKENDS/HOLIDAY,PW1,NE17,156.0
WEEKENDS/HOLIDAY,PW1,PW3,93.0
WEEKENDS/HOLIDAY,PW3,PW1,100.0
WEEKENDS/HOLIDAY,PW3,PW4,40.0
WEEKENDS/HOLIDAY,PW4,PW3,51.0
WEEKENDS/HOLIDAY,PW4,PW5,16.0
WEEKENDS/HOLIDAY,PW5,PW4,21.0
WEEKENDS/HOLIDAY,PW5,PW6,545.0
WEEKENDS/HOLIDAY,PW6,PW5,567.0
WEEKENDS/HOLIDAY,PW6,PW7,682.0
WEEKENDS/HOLIDAY,PW7,NE17,762.0
WEEKENDS/HOLIDAY,PW7,PW6,698.0
WEEKENDS/HOLIDAY,SE1,NE16,2139.0
WEEKENDS/HOLIDAY,SE1,SE2,1484.0
WEEKENDS/HOLIDAY,SE2,SE1,1647.0
WEEKENDS/HOLIDAY,SE2,SE3,809.0
WEEKENDS/HOLIDAY,SE3,SE2,926.0
WEEKENDS/HOLIDAY,SE3,SE4,374.0
WEEKENDS/HOLIDAY,SE4,SE3,452.0
WEEKENDS/HOLIDAY,SE4,SE5,592.0
WEEKENDS/HOLIDAY,SE5,NE16,861.0
WEEKENDS/HOLIDAY,SE5,SE4,635.0
WEEKENDS/HOLIDAY,SW1,NE16,1063.0
WEEKENDS/HOLIDAY,SW1,SW2,1032.0
WEEKENDS/HOLIDAY,SW2,SW1,973.0
WEEKENDS/HOLIDAY,SW2,SW3,796.0
WEEKENDS/HOLIDAY,SW3,SW2,731.0
WEEKENDS/HOLIDAY,SW3,SW4,583.0
WEEKENDS/HOLIDAY,SW4,SW3,531.0
WEEKENDS/HOLIDAY,SW4,SW5,525.0
WEEKENDS/HOLIDAY,SW5,SW4,472.0
WEEKENDS/HOLIDAY,SW5,SW6,1480.0
WEEKENDS/HOLIDAY,SW6,SW5,1356.0
WEEKENDS/HOLIDAY,SW6,SW7,1824.0
WEEKENDS/HOLIDAY,SW7,SW6,1634.0
WEEKENDS/HOLIDAY,SW7,SW8,2030.0
WEEKENDS/HOLIDAY,SW8,NE16,2104.0
WEEKENDS/HOLIDAY,SW8,SW7,1779.0
