DAY_TYPE,ORIGIN_PT_CODE,DESTINATION_PT_CODE,TOTAL_TRIPS
WEEKDAY,BP10,BP11,3449.0
WEEKDAY,BP10,BP9,841.0
WEEKDAY,BP11,BP10,607.0
WEEKDAY,BP11,BP12,5913.0
WEEKDAY,BP12,BP11,2462.0
WEEKDAY,BP12,BP13,7854.0
WEEKDAY,BP13,BP12,3790.0
WEEKDAY,BP13,DT1,8777.0
WEEKDAY,BP2,BP3,16979.0
WEEKDAY,BP2,NS4,17296.0
WEEKDAY,BP3,BP2,17271.0
WEEKDAY,BP3,BP4,16934.0
WEEKDAY,BP4,BP3,16642.0
WEEKDAY,BP4,BP5,16146.0
WEEKDAY,BP5,BP4,15801.0
WEEKDAY,BP5,DT1,16784.0
WEEKDAY,BP7,BP8,5683.0
WEEKDAY,BP7,DT1,3425.0
WEEKDAY,BP8,BP7,2913.0
WEEKDAY,BP8,BP9,5283.0
WEEKDAY,BP9,BP10,3968.0
WEEKDAY,BP9,BP8,2261.0
WEEKDAY,CC10,CC11,35338.0
WEEKDAY,CC10,DT25,38263.0
WEEKDAY,CC10,DT27,57008.0
WEEKDAY,CC10,EW8,53147.0
WEEKDAY,CC11,CC10,37722.0
WEEKDAY,CC11,CC12,37539.0
WEEKDAY,CC12,CC11,40476.0
WEEKDAY,CC12,NE12,39070.0
WEEKDAY,CC14,NE12,48862.0
WEEKDAY,CC14,NS17,47914.0
WEEKDAY,CC16,CC17,35860.0
WEEKDAY,CC16,NS17,33298.0
WEEKDAY,CC17,CC16,33140.0
WEEKDAY,CC17,CC19,37066.0
WEEKDAY,CC19,CC17,34257.0
WEEKDAY,CC19,CC20,67525.0
WEEKDAY,CC19,DT10,67461.0
WEEKDAY,CC19,DT8,37449.0
WEEKDAY,CC2,CC3,3424.0
WEEKDAY,CC2,NS24,5046.0
WEEKDAY,CC20,CC19,67237.0
WEEKDAY,CC20,CC21,66954.0
WEEKDAY,CC21,CC20,66827.0
WEEKDAY,CC21,EW21,66122.0
WEEKDAY,CC23,CC24,20830.0
WEEKDAY,CC23,EW21,25665.0
WEEKDAY,CC24,CC23,20212.0
WEEKDAY,CC24,CC25,12198.0
WEEKDAY,CC25,CC24,11545.0
WEEKDAY,CC25,CC26,10679.0
WEEKDAY,CC26,CC25,9736.0
WEEKDAY,CC26,CC27,9903.0
WEEKDAY,CC27,CC26,9261.0
WEEKDAY,CC27,CC28,9969.0
WEEKDAY,CC28,CC27,9450.0
WEEKDAY,CC28,NE1,10463.0
WEEKDAY,CC3,CC2,3478.0
WEEKDAY,CC3,CC4,2956.0
WEEKDAY,CC4,CC3,2833.0
WEEKDAY,CC4,CC5,13390.0
WEEKDAY,CC4,CE1,20381.0
WEEKDAY,CC4,EW12,19633.0
WEEKDAY,CC5,CC4,13272.0
WEEKDAY,CC5,CC6,12438.0
WEEKDAY,CC6,CC5,12426.0
WEEKDAY,CC6,CC7,12797.0
WEEKDAY,CC7,CC6,13032.0
WEEKDAY,CC7,CC8,13855.0
WEEKDAY,CC8,CC7,14241.0
WEEKDAY,CC8,EW8,15753.0
WEEKDAY,CE1,CC4,19773.0
WEEKDAY,CE1,DT17,12282.0
WEEKDAY,CE1,NS27,913.0
WEEKDAY,CG1,CG2,4142.0
WEEKDAY,CG1,DT34,4665.0
WEEKDAY,CG1,EW4,7841.0
WEEKDAY,CG2,CG1,4179.0
WEEKDAY,DT1,BP13,4252.0
WEEKDAY,DT1,BP5,16020.0
WEEKDAY,DT1,BP7,6200.0
WEEKDAY,DT1,DT2,24039.0
WEEKDAY,DT10,CC19,63756.0
WEEKDAY,DT10,NS21,69300.0
WEEKDAY,DT13,EW12,66035.0
WEEKDAY,DT13,NE7,66557.0
WEEKDAY,DT17,CE1,12116.0
WEEKDAY,DT17,DT18,8060.0
WEEKDAY,DT18,DT17,7857.0
WEEKDAY,DT18,NE4,13567.0
WEEKDAY,DT2,DT1,23493.0
WEEKDAY,DT2,DT3,25184.0
WEEKDAY,DT20,DT21,31365.0
WEEKDAY,DT20,NE4,31720.0
WEEKDAY,DT21,DT20,31795.0
WEEKDAY,DT21,DT22,33536.0
WEEKDAY,DT22,DT21,33871.0
WEEKDAY,DT22,DT23,35056.0
WEEKDAY,DT23,DT22,35795.0
WEEKDAY,DT23,DT24,35966.0
WEEKDAY,DT24,DT23,36849.0
WEEKDAY,DT24,DT25,36702.0
WEEKDAY,DT25,CC10,37259.0
WEEKDAY,DT25,DT24,37540.0
WEEKDAY,DT27,CC10,56834.0
WEEKDAY,DT27,DT28,55048.0
WEEKDAY,DT28,DT27,54844.0
WEEKDAY,DT28,DT29,52342.0
WEEKDAY,DT29,DT28,51825.0
WEEKDAY,DT29,DT30,50687.0
WEEKDAY,DT3,DT2,24206.0
WEEKDAY,DT3,DT5,29351.0
WEEKDAY,DT30,DT29,49703.0
WEEKDAY,DT30,DT31,48047.0
WEEKDAY,DT31,DT30,46917.0
WEEKDAY,DT31,EW2,45413.0
WEEKDAY,DT33,DT34,5754.0
WEEKDAY,DT33,EW2,15318.0
WEEKDAY,DT34,CG1,5579.0
WEEKDAY,DT34,DT33,5051.0
WEEKDAY,DT5,DT3,27784.0
WEEKDAY,DT5,DT6,33769.0
WEEKDAY,DT6,DT5,32463.0
WEEKDAY,DT6,DT7,36184.0
WEEKDAY,DT7,DT6,34705.0
WEEKDAY,DT7,DT8,37310.0
WEEKDAY,DT8,CC19,39006.0
WEEKDAY,DT8,DT7,36065.0
WEEKDAY,EW1,EW2,22788.0
WEEKDAY,EW10,EW11,51237.0
WEEKDAY,EW10,EW9,51042.0
WEEKDAY,EW11,EW10,51776.0
WEEKDAY,EW11,EW12,55145.0
WEEKDAY,EW12,CC4,20779.0
WEEKDAY,EW12,DT13,63218.0
WEEKDAY,EW12,EW11,55910.0
WEEKDAY,EW12,NS25,18353.0
WEEKDAY,EW15,EW16,20559.0
WEEKDAY,EW15,NS26,25583.0
WEEKDAY,EW16,EW15,22380.0
WEEKDAY,EW16,EW17,44929.0
WEEKDAY,EW16,NE1,23285.0
WEEKDAY,EW16,NE4,57439.0
WEEKDAY,EW17,EW16,45571.0
WEEKDAY,EW17,EW18,42193.0
WEEKDAY,EW18,EW17,43920.0
WEEKDAY,EW18,EW19,42139.0
WEEKDAY,EW19,EW18,44481.0
WEEKDAY,EW19,EW20,44064.0
WEEKDAY,EW2,DT31,44727.0
WEEKDAY,EW2,DT33,15340.0
WEEKDAY,EW2,EW1,22063.0
WEEKDAY,EW2,EW3,12368.0
WEEKDAY,EW20,EW19,45939.0
WEEKDAY,EW20,EW21,48182.0
WEEKDAY,EW21,CC21,66540.0
WEEKDAY,EW21,CC23,26162.0
WEEKDAY,EW21,EW20,49541.0
WEEKDAY,EW21,EW22,98355.0
WEEKDAY,EW22,EW21,99290.0
WEEKDAY,EW22,EW23,98643.0
WEEKDAY,EW23,EW22,99787.0
WEEKDAY,EW23,NS1,97563.0
WEEKDAY,EW25,EW26,79089.0
WEEKDAY,EW25,NS1,85370.0
WEEKDAY,EW26,EW25,82635.0
WEEKDAY,EW26,EW27,66692.0
WEEKDAY,EW27,EW26,67456.0
WEEKDAY,EW27,EW28,36202.0
WEEKDAY,EW28,EW27,42380.0
WEEKDAY,EW28,EW29,22608.0
WEEKDAY,EW29,EW28,23184.0
WEEKDAY,EW29,EW30,10161.0
WEEKDAY,EW3,EW2,12486.0
WEEKDAY,EW3,EW4,17444.0
WEEKDAY,EW30,EW29,11151.0
WEEKDAY,EW30,EW31,7497.0
WEEKDAY,EW31,EW30,8229.0
WEEKDAY,EW31,EW32,4723.0
WEEKDAY,EW32,EW31,4995.0
WEEKDAY,EW32,EW33,1914.0
WEEKDAY,EW33,EW32,1969.0
WEEKDAY,EW4,CG1,6935.0
WEEKDAY,EW4,EW3,17610.0
WEEKDAY,EW4,EW5,29045.0
WEEKDAY,EW5,EW4,27204.0
WEEKDAY,EW5,EW6,41000.0
WEEKDAY,EW6,EW5,38900.0
WEEKDAY,EW6,EW7,43260.0
WEEKDAY,EW7,EW6,42657.0
WEEKDAY,EW7,EW8,46850.0
WEEKDAY,EW8,CC10,51688.0
WEEKDAY,EW8,CC8,15504.0
WEEKDAY,EW8,EW7,47927.0
WEEKDAY,EW8,EW9,49122.0
WEEKDAY,EW9,EW10,50633.0
WEEKDAY,EW9,EW8,49761.0
WEEKDAY,NE1,CC28,9988.0
WEEKDAY,NE1,EW16,22905.0
WEEKDAY,NE10,NE11,70248.0
WEEKDAY,NE10,NE9,72168.0
WEEKDAY,NE11,NE10,72747.0
WEEKDAY,NE11,NE12,70527.0
WEEKDAY,NE12,CC12,41515.0
WEEKDAY,NE12,CC14,48059.0
WEEKDAY,NE12,NE11,72630.0
WEEKDAY,NE12,NE13,88370.0
WEEKDAY,NE13,NE12,90299.0
WEEKDAY,NE13,NE14,82904.0
WEEKDAY,NE14,NE13,85192.0
WEEKDAY,NE14,NE15,71168.0
WEEKDAY,NE15,NE14,73134.0
WEEKDAY,NE15,NE16,63222.0
WEEKDAY,NE16,NE15,64777.0
WEEKDAY,NE16,NE17,35085.0
WEEKDAY,NE16,SE1,7530.0
WEEKDAY,NE16,SE5,3707.0
WEEKDAY,NE16,SW1,4773.0
WEEKDAY,NE16,SW8,8379.0
WEEKDAY,NE17,NE16,36464.0
WEEKDAY,NE17,PE1,7861.0
WEEKDAY,NE17,PE7,8887.0
WEEKDAY,NE17,PW1,1307.0
WEEKDAY,NE17,PW7,3108.0
WEEKDAY,NE4,DT18,14009.0
WEEKDAY,NE4,DT20,31557.0
WEEKDAY,NE4,EW16,58343.0
WEEKDAY,NE4,NE5,49158.0
WEEKDAY,NE5,NE4,50020.0
WEEKDAY,NE5,NS24,52769.0
WEEKDAY,NE7,DT13,69831.0
WEEKDAY,NE7,NE8,71235.0
WEEKDAY,NE7,NS21,100252.0
WEEKDAY,NE7,NS24,109959.0
WEEKDAY,NE8,NE7,73217.0
WEEKDAY,NE8,NE9,69994.0
WEEKDAY,NE9,NE10,69948.0
WEEKDAY,NE9,NE8,73990.0
WEEKDAY,NS1,EW23,100348.0
WEEKDAY,NS1,EW25,81501.0
WEEKDAY,NS1,NS2,78360.0
WEEKDAY,NS10,NS11,67823.0
WEEKDAY,NS10,NS9,62605.0
WEEKDAY,NS11,NS10,66402.0
WEEKDAY,NS11,NS12,75613.0
WEEKDAY,NS12,NS11,74318.0
WEEKDAY,NS12,NS13,78702.0
WEEKDAY,NS13,NS12,76511.0
WEEKDAY,NS13,NS14,85359.0
WEEKDAY,NS14,NS13,85610.0
WEEKDAY,NS14,NS15,91778.0
WEEKDAY,NS15,NS14,89484.0
WEEKDAY,NS15,NS16,93772.0
WEEKDAY,NS16,NS15,90337.0
WEEKDAY,NS16,NS17,103210.0
WEEKDAY,NS17,CC14,48626.0
WEEKDAY,NS17,CC16,36207.0
WEEKDAY,NS17,NS16,102726.0
WEEKDAY,NS17,NS18,80556.0
WEEKDAY,NS18,NS17,77868.0
WEEKDAY,NS18,NS19,82550.0
WEEKDAY,NS19,NS18,78720.0
WEEKDAY,NS19,NS20,84376.0
WEEKDAY,NS2,NS1,78232.0
WEEKDAY,NS2,NS3,72182.0
WEEKDAY,NS20,NS19,82176.0
WEEKDAY,NS20,NS21,78634.0
WEEKDAY,NS21,DT10,64701.0
WEEKDAY,NS21,NE7,105366.0
WEEKDAY,NS21,NS20,76268.0
WEEKDAY,NS21,NS22,27189.0
WEEKDAY,NS22,NS21,26601.0
WEEKDAY,NS22,NS23,21500.0
WEEKDAY,NS23,NS22,23525.0
WEEKDAY,NS23,NS24,20212.0
WEEKDAY,NS24,CC2,5437.0
WEEKDAY,NS24,NE5,53638.0
WEEKDAY,NS24,NE7,106828.0
WEEKDAY,NS24,NS23,23725.0
WEEKDAY,NS24,NS25,33702.0
WEEKDAY,NS25,EW12,19011.0
WEEKDAY,NS25,NS24,33688.0
WEEKDAY,NS25,NS26,37346.0
WEEKDAY,NS26,EW15,24981.0
WEEKDAY,NS26,NS25,38642.0
WEEKDAY,NS26,NS27,2757.0
WEEKDAY,NS27,CE1,1038.0
WEEKDAY,NS27,NS26,2848.0
WEEKDAY,NS27,NS28,839.0
WEEKDAY,NS28,NS27,979.0
WEEKDAY,NS3,NS2,73241.0
WEEKDAY,NS3,NS4,66500.0
WEEKDAY,NS4,BP2,16331.0
WEEKDAY,NS4,NS3,67048.0
WEEKDAY,NS4,NS5,61413.0
WEEKDAY,NS5,NS4,63256.0
WEEKDAY,NS5,NS7,51606.0
WEEKDAY,NS7,NS5,52303.0
WEEKDAY,NS7,NS8,52194.0
WEEKDAY,NS8,NS7,53179.0
WEEKDAY,NS8,NS9,58114.0
WEEKDAY,NS9,NS10,58688.0
WEEKDAY,NS9,NS8,55181.0
WEEKDAY,NS9,TE1,1396.0
WEEKDAY,NS9,TE3,2182.0
WEEKDAY,PE1,NE17,7982.0
WEEKDAY,PE1,PE2,6620.0
WEEKDAY,PE2,PE1,6720.0
WEEKDAY,PE2,PE3,4505.0
WEEKDAY,PE3,PE2,4426.0
WEEKDAY,PE3,PE4,1967.0
WEEKDAY,PE4,PE3,2000.0
WEEKDAY,PE4,PE5,2841.0
WEEKDAY,PE5,PE4,2859.0
WEEKDAY,PE5,PE6,5347.0
WEEKDAY,PE6,PE5,5148.0
WEEKDAY,PE6,PE7,7540.0
WEEKDAY,PE7,NE17,9389.0
WEEKDAY,PE7,PE6,7120.0
WEEKDAY,PW1,NE17,1347.0
WEEKDAY,PW1,PW3,948.0
WEEKDAY,PW3,PW1,988.0
WEEKDAY,PW3,PW4,712.0
WEEKDAY,PW4,PW3,798.0
WEEKDAY,PW4,PW5,254.0
WEEKDAY,PW5,PW4,300.0
WEEKDAY,PW5,PW6,1837.0
WEEKDAY,PW6,PW5,1818.0
WEEKDAY,PW6,PW7,2567.0
WEEKDAY,PW7,NE17,2969.0
WEEKDAY,PW7,PW6,2462.0
WEEKDAY,SE1,NE16,8081.0
WEEKDAY,SE1,SE2,5321.0
WEEKDAY,SE2,SE1,5889.0
WEEKDAY,SE2,SE3,2773.0
WEEKDAY,SE3,SE2,3037.0
WEEKDAY,SE3,SE4,996.0
WEEKDAY,SE4,SE3,1188.0
WEEKDAY,SE4,SE5,2270.0
WEEKDAY,SE5,NE16,3563.0
WEEKDAY,SE5,SE4,2382.0
WEEKDAY,SW1,NE16,4999.0
WEEKDAY,SW1,SW2,4025.0
WEEKDAY,SW2,SW1,4357.0
WEEKDAY,SW2,SW3,2808.0
WEEKDAY,SW3,SW2,2951.0
WEEKDAY,SW3,SW4,1953.0
WEEKDAY,SW4,SW3,2003.0
WEEKDAY,SW4,SW5,1431.0
WEEKDAY,SW5,SW4,1489.0
WEEKDAY,SW5,SW6,5415.0
WEEKDAY,SW6,SW5,5001.0
WEEKDAY,SW6,SW7,7440.0
WEEKDAY,SW7,SW6,6878.0
WEEKDAY,SW7,SW8,8580.0
WEEKDAY,SW8,NE16,9121.0
WEEKDAY,SW8,SW7,7851.0
WEEKDAY,TE1,NS9,1672.0
WEEKDAY,TE3,NS9,2845.0
WEEKENDS/HOLIDAY,BP10,BP11,2402.0
WEEKENDS/HOLIDAY,BP10,BP9,134.0
WEEKENDS/HOLIDAY,BP11,BP10,94.0
WEEKENDS/HOLIDAY,BP11,BP12,4093.0
WEEKENDS/HOLIDAY,BP12,BP11,1483.0
WEEKENDS/HOLIDAY,BP12,BP13,5117.0
WEEKENDS/HOLIDAY,BP13,BP12,2181.0
WEEKENDS/HOLIDAY,BP13,DT1,5801.0
WEEKENDS/HOLIDAY,BP2,BP3,12212.0
WEEKENDS/HOLIDAY,BP2,NS4,12141.0
WEEKENDS/HOLIDAY,BP3,BP2,12197.0
WEEKENDS/HOLIDAY,BP3,BP4,12278.0
WEEKENDS/HOLIDAY,BP4,BP3,11897.0
WEEKENDS/HOLIDAY,BP4,BP5,12415.0
WEEKENDS/HOLIDAY,BP5,BP4,11952.0
WEEKENDS/HOLIDAY,BP5,DT1,12796.0
WEEKENDS/HOLIDAY,BP7,BP8,4074.0
WEEKENDS/HOLIDAY,BP7,DT1,1906.0
WEEKENDS/HOLIDAY,BP8,BP7,1756.0
WEEKENDS/HOLIDAY,BP8,BP9,3603.0
WEEKENDS/HOLIDAY,BP9,BP10,2816.0
WEEKENDS/HOLIDAY,BP9,BP8,1195.0
WEEKENDS/HOLIDAY,CC10,CC11,26058.0
WEEKENDS/HOLIDAY,CC10,DT25,25956.0
WEEKENDS/HOLIDAY,CC10,DT27,40511.0
WEEKENDS/HOLIDAY,CC10,EW8,45810.0
WEEKENDS/HOLIDAY,CC11,CC10,28265.0
WEEKENDS/HOLIDAY,CC11,CC12,26372.0
WEEKENDS/HOLIDAY,CC12,CC11,28719.0
WEEKENDS/HOLIDAY,CC12,NE12,26729.0
WEEKENDS/HOLIDAY,CC14,NE12,32547.0
WEEKENDS/HOLIDAY,CC14,NS17,31500.0
WEEKENDS/HOLIDAY,CC16,CC17,20079.0
WEEKENDS/HOLIDAY,CC16,NS17,18597.0
WEEKENDS/HOLIDAY,CC17,CC16,18424.0
WEEKENDS/HOLIDAY,CC17,CC19,20700.0
WEEKENDS/HOLIDAY,CC19,CC17,19126.0
WEEKENDS/HOLIDAY,CC19,CC20,48252.0
WEEKENDS/HOLIDAY,CC19,DT10,58775.0
WEEKENDS/HOLIDAY,CC19,DT8,28618.0
WEEKENDS/HOLIDAY,CC2,CC3,4004.0
WEEKENDS/HOLIDAY,CC2,NS24,4713.0
WEEKENDS/HOLIDAY,CC20,CC19,48643.0
WEEKENDS/HOLIDAY,CC20,CC21,47832.0
WEEKENDS/HOLIDAY,CC21,CC20,48317.0
WEEKENDS/HOLIDAY,CC21,EW21,46878.0
WEEKENDS/HOLIDAY,CC23,CC24,10439.0
WEEKENDS/HOLIDAY,CC23,EW21,11694.0
WEEKENDS/HOLIDAY,CC24,CC23,10419.0
WEEKENDS/HOLIDAY,CC24,CC25,8530.0
WEEKENDS/HOLIDAY,CC25,CC24,8533.0
WEEKENDS/HOLIDAY,CC25,CC26,8146.0
WEEKENDS/HOLIDAY,CC26,CC25,7837.0
WEEKENDS/HOLIDAY,CC26,CC27,8097.0
WEEKENDS/HOLIDAY,CC27,CC26,7888.0
WEEKENDS/HOLIDAY,CC27,CC28,8070.0
WEEKENDS/HOLIDAY,CC28,CC27,8057.0
WEEKENDS/HOLIDAY,CC28,NE1,8828.0
WEEKENDS/HOLIDAY,CC3,CC2,4075.0
WEEKENDS/HOLIDAY,CC3,CC4,3723.0
WEEKENDS/HOLIDAY,CC4,CC3,3387.0
WEEKENDS/HOLIDAY,CC4,CC5,12473.0
WEEKENDS/HOLIDAY,CC4,CE1,21307.0
WEEKENDS/HOLIDAY,CC4,EW12,19777.0
WEEKENDS/HOLIDAY,CC5,CC4,12591.0
WEEKENDS/HOLIDAY,CC5,CC6,11706.0
WEEKENDS/HOLIDAY,CC6,CC5,11948.0
WEEKENDS/HOLIDAY,CC6,CC7,12333.0
WEEKENDS/HOLIDAY,CC7,CC6,12474.0
WEEKENDS/HOLIDAY,CC7,CC8,12214.0
WEEKENDS/HOLIDAY,CC8,CC7,12816.0
WEEKENDS/HOLIDAY,CC8,EW8,12652.0
WEEKENDS/HOLIDAY,CE1,CC4,21255.0
WEEKENDS/HOLIDAY,CE1,DT17,8748.0
WEEKENDS/HOLIDAY,CE1,NS27,1243.0
WEEKENDS/HOLIDAY,CG1,CG2,5821.0
WEEKENDS/HOLIDAY,CG1,DT34,3498.0
WEEKENDS/HOLIDAY,CG1,EW4,7088.0
WEEKENDS/HOLIDAY,CG2,CG1,5849.0
WEEKENDS/HOLIDAY,DT1,BP13,2533.0
WEEKENDS/HOLIDAY,DT1,BP5,12062.0
WEEKENDS/HOLIDAY,DT1,BP7,4459.0
WEEKENDS/HOLIDAY,DT1,DT2,19270.0
WEEKENDS/HOLIDAY,DT10,CC19,56167.0
WEEKENDS/HOLIDAY,DT10,NS21,60048.0
WEEKENDS/HOLIDAY,DT13,EW12,62023.0
WEEKENDS/HOLIDAY,DT13,NE7,62132.0
WEEKENDS/HOLIDAY,DT17,CE1,8514.0
WEEKENDS/HOLIDAY,DT17,DT18,7938.0
WEEKENDS/HOLIDAY,DT18,DT17,7629.0
WEEKENDS/HOLIDAY,DT18,NE4,9348.0
WEEKENDS/HOLIDAY,DT2,DT1,18617.0
WEEKENDS/HOLIDAY,DT2,DT3,19876.0
WEEKENDS/HOLIDAY,DT20,DT21,21073.0
WEEKENDS/HOLIDAY,DT20,NE4,21527.0
WEEKENDS/HOLIDAY,DT21,DT20,21514.0
WEEKENDS/HOLIDAY,DT21,DT22,22308.0
WEEKENDS/HOLIDAY,DT22,DT21,22664.0
WEEKENDS/HOLIDAY,DT22,DT23,24100.0
WEEKENDS/HOLIDAY,DT23,DT22,24967.0
WEEKENDS/HOLIDAY,DT23,DT24,24491.0
WEEKENDS/HOLIDAY,DT24,DT23,25404.0
WEEKENDS/HOLIDAY,DT24,DT25,24764.0
WEEKENDS/HOLIDAY,DT25,CC10,25006.0
WEEKENDS/HOLIDAY,DT25,DT24,25684.0
WEEKENDS/HOLIDAY,DT27,CC10,41493.0
WEEKENDS/HOLIDAY,DT27,DT28,39019.0
WEEKENDS/HOLIDAY,DT28,DT27,40005.0
WEEKENDS/HOLIDAY,DT28,DT29,37320.0
WEEKENDS/HOLIDAY,DT29,DT28,38059.0
WEEKENDS/HOLIDAY,DT29,DT30,36187.0
WEEKENDS/HOLIDAY,DT3,DT2,19083.0
WEEKENDS/HOLIDAY,DT3,DT5,23141.0
WEEKENDS/HOLIDAY,DT30,DT29,36662.0
WEEKENDS/HOLIDAY,DT30,DT31,34510.0
WEEKENDS/HOLIDAY,DT31,DT30,34840.0
WEEKENDS/HOLIDAY,DT31,EW2,33330.0
WEEKENDS/HOLIDAY,DT33,DT34,4157.0
WEEKENDS/HOLIDAY,DT33,EW2,10658.0
WEEKENDS/HOLIDAY,DT34,CG1,4081.0
WEEKENDS/HOLIDAY,DT34,DT33,3612.0
WEEKENDS/HOLIDAY,DT5,DT3,21678.0
WEEKENDS/HOLIDAY,DT5,DT6,26776.0
WEEKENDS/HOLIDAY,DT6,DT5,25151.0
WEEKENDS/HOLIDAY,DT6,DT7,28280.0
WEEKENDS/HOLIDAY,DT7,DT6,26734.0
WEEKENDS/HOLIDAY,DT7,DT8,29180.0
WEEKENDS/HOLIDAY,DT8,CC19,29855.0
WEEKENDS/HOLIDAY,DT8,DT7,27885.0
WEEKENDS/HOLIDAY,EW1,EW2,17601.0
WEEKENDS/HOLIDAY,EW10,EW11,45519.0
WEEKENDS/HOLIDAY,EW10,EW9,44469.0
WEEKENDS/HOLIDAY,EW11,EW10,45349.0
WEEKENDS/HOLIDAY,EW11,EW12,48086.0
WEEKENDS/HOLIDAY,EW12,CC4,20044.0
WEEKENDS/HOLIDAY,EW12,DT13,59955.0
WEEKENDS/HOLIDAY,EW12,EW11,48296.0
WEEKENDS/HOLIDAY,EW12,NS25,13462.0
WEEKENDS/HOLIDAY,EW15,EW16,11204.0
WEEKENDS/HOLIDAY,EW15,NS26,13765.0
WEEKENDS/HOLIDAY,EW16,EW15,12292.0
WEEKENDS/HOLIDAY,EW16,EW17,30730.0
WEEKENDS/HOLIDAY,EW16,NE1,24987.0
WEEKENDS/HOLIDAY,EW16,NE4,46951.0
WEEKENDS/HOLIDAY,EW17,EW16,30723.0
WEEKENDS/HOLIDAY,EW17,EW18,28255.0
WEEKENDS/HOLIDAY,EW18,EW17,29304.0
WEEKENDS/HOLIDAY,EW18,EW19,27659.0
WEEKENDS/HOLIDAY,EW19,EW18,29093.0
WEEKENDS/HOLIDAY,EW19,EW20,28215.0
WEEKENDS/HOLIDAY,EW2,DT31,33919.0
WEEKENDS/HOLIDAY,EW2,DT33,10477.0
WEEKENDS/HOLIDAY,EW2,EW1,16889.0
WEEKENDS/HOLIDAY,EW2,EW3,9824.0
WEEKENDS/HOLIDAY,EW20,EW19,29728.0
WEEKENDS/HOLIDAY,EW20,EW21,30855.0
WEEKENDS/HOLIDAY,EW21,CC21,47511.0
WEEKENDS/HOLIDAY,EW21,CC23,11695.0
WEEKENDS/HOLIDAY,EW21,EW20,32192.0
WEEKENDS/HOLIDAY,EW21,EW22,71146.0
WEEKENDS/HOLIDAY,EW22,EW21,72869.0
WEEKENDS/HOLIDAY,EW22,EW23,71010.0
WEEKENDS/HOLIDAY,EW23,EW22,73143.0
WEEKENDS/HOLIDAY,EW23,NS1,69550.0
WEEKENDS/HOLIDAY,EW25,EW26,56703.0
WEEKENDS/HOLIDAY,EW25,NS1,61271.0
WEEKENDS/HOLIDAY,EW26,EW25,59039.0
WEEKENDS/HOLIDAY,EW26,EW27,44847.0
WEEKENDS/HOLIDAY,EW27,EW26,45159.0
WEEKENDS/HOLIDAY,EW27,EW28,21507.0
WEEKENDS/HOLIDAY,EW28,EW27,24970.0
WEEKENDS/HOLIDAY,EW28,EW29,11446.0
WEEKENDS/HOLIDAY,EW29,EW28,11709.0
WEEKENDS/HOLIDAY,EW29,EW30,5124.0
WEEKENDS/HOLIDAY,EW3,EW2,9545.0
WEEKENDS/HOLIDAY,EW3,EW4,13669.0
WEEKENDS/HOLIDAY,EW30,EW29,5604.0
WEEKENDS/HOLIDAY,EW30,EW31,4030.0
WEEKENDS/HOLIDAY,EW31,EW30,4380.0
WEEKENDS/HOLIDAY,EW31,EW32,2811.0
WEEKENDS/HOLIDAY,EW32,EW31,2939.0
WEEKENDS/HOLIDAY,EW32,EW33,1508.0
WEEKENDS/HOLIDAY,EW33,EW32,1579.0
WEEKENDS/HOLIDAY,EW4,CG1,6656.0
WEEKENDS/HOLIDAY,EW4,EW3,13329.0
WEEKENDS/HOLIDAY,EW4,EW5,22667.0
WEEKENDS/HOLIDAY,EW5,EW4,21325.0
WEEKENDS/HOLIDAY,EW5,EW6,32581.0
WEEKENDS/HOLIDAY,EW6,EW5,31015.0
WEEKENDS/HOLIDAY,EW6,EW7,34472.0
WEEKENDS/HOLIDAY,EW7,EW6,33630.0
WEEKENDS/HOLIDAY,EW7,EW8,37772.0
WEEKENDS/HOLIDAY,EW8,CC10,43313.0
WEEKENDS/HOLIDAY,EW8,CC8,13280.0
WEEKENDS/HOLIDAY,EW8,EW7,37757.0
WEEKENDS/HOLIDAY,EW8,EW9,43696.0
WEEKENDS/HOLIDAY,EW9,EW10,44914.0
WEEKENDS/HOLIDAY,EW9,EW8,43224.0
WEEKENDS/HOLIDAY,NE1,CC28,8727.0
WEEKENDS/HOLIDAY,NE1,EW16,24877.0
WEEKENDS/HOLIDAY,NE10,NE11,55250.0
WEEKENDS/HOLIDAY,NE10,NE9,58939.0
WEEKENDS/HOLIDAY,NE11,NE10,58470.0
WEEKENDS/HOLIDAY,NE11,NE12,54947.0
WEEKENDS/HOLIDAY,NE12,CC12,28987.0
WEEKENDS/HOLIDAY,NE12,CC14,31718.0
WEEKENDS/HOLIDAY,NE12,NE11,58059.0
WEEKENDS/HOLIDAY,NE12,NE13,65860.0
WEEKENDS/HOLIDAY,NE13,NE12,68899.0
WEEKENDS/HOLIDAY,NE13,NE14,61712.0
WEEKENDS/HOLIDAY,NE14,NE13,64489.0
WEEKENDS/HOLIDAY,NE14,NE15,52860.0
WEEKENDS/HOLIDAY,NE15,NE14,55071.0
WEEKENDS/HOLIDAY,NE15,NE16,47270.0
WEEKENDS/HOLIDAY,NE16,NE15,49100.0
WEEKENDS/HOLIDAY,NE16,NE17,27726.0
WEEKENDS/HOLIDAY,NE16,SE1,5675.0
WEEKENDS/HOLIDAY,NE16,SE5,2560.0
WEEKENDS/HOLIDAY,NE16,SW1,3397.0
WEEKENDS/HOLIDAY,NE16,SW8,6104.0
WEEKENDS/HOLIDAY,NE17,NE16,29116.0
WEEKENDS/HOLIDAY,NE17,PE1,5627.0
WEEKENDS/HOLIDAY,NE17,PE7,6392.0
WEEKENDS/HOLIDAY,NE17,PW1,1210.0
WEEKENDS/HOLIDAY,NE17,PW7,2415.0
WEEKENDS/HOLIDAY,NE4,DT18,9329.0
WEEKENDS/HOLIDAY,NE4,DT20,21420.0
WEEKENDS/HOLIDAY,NE4,EW16,47755.0
WEEKENDS/HOLIDAY,NE4,NE5,41103.0
WEEKENDS/HOLIDAY,NE5,NE4,42026.0
WEEKENDS/HOLIDAY,NE5,NS24,43349.0
WEEKENDS/HOLIDAY,NE7,DT13,64666.0
WEEKENDS/HOLIDAY,NE7,NE8,57812.0
WEEKENDS/HOLIDAY,NE7,NS21,83826.0
WEEKENDS/HOLIDAY,NE7,NS24,89536.0
WEEKENDS/HOLIDAY,NE8,NE7,60829.0
WEEKENDS/HOLIDAY,NE8,NE9,56670.0
WEEKENDS/HOLIDAY,NE9,NE10,55721.0
WEEKENDS/HOLIDAY,NE9,NE8,61382.0
WEEKENDS/HOLIDAY,NS1,EW23,72277.0
WEEKENDS/HOLIDAY,NS1,EW25,59211.0
WEEKENDS/HOLIDAY,NS1,NS2,52321.0
WEEKENDS/HOLIDAY,NS10,NS11,51305.0
WEEKENDS/HOLIDAY,NS10,NS9,46038.0
WEEKENDS/HOLIDAY,NS11,NS10,50000.0
WEEKENDS/HOLIDAY,NS11,NS12,57887.0
WEEKENDS/HOLIDAY,NS12,NS11,56097.0
WEEKENDS/HOLIDAY,NS12,NS13,59828.0
WEEKENDS/HOLIDAY,NS13,NS12,57526.0
WEEKENDS/HOLIDAY,NS13,NS14,63782.0
WEEKENDS/HOLIDAY,NS14,NS13,62585.0
WEEKENDS/HOLIDAY,NS14,NS15,68024.0
WEEKENDS/HOLIDAY,NS15,NS14,64807.0
WEEKENDS/HOLIDAY,NS15,NS16,69880.0
WEEKENDS/HOLIDAY,NS16,NS15,65945.0
WEEKENDS/HOLIDAY,NS16,NS17,77558.0
WEEKENDS/HOLIDAY,NS17,CC14,32260.0
WEEKENDS/HOLIDAY,NS17,CC16,20503.0
WEEKENDS/HOLIDAY,NS17,NS16,75421.0
WEEKENDS/HOLIDAY,NS17,NS18,62630.0
WEEKENDS/HOLIDAY,NS18,NS17,59358.0
WEEKENDS/HOLIDAY,NS18,NS19,64579.0
WEEKENDS/HOLIDAY,NS19,NS18,60642.0
WEEKENDS/HOLIDAY,NS19,NS20,67432.0
WEEKENDS/HOLIDAY,NS2,NS1,53059.0
WEEKENDS/HOLIDAY,NS2,NS3,48014.0
WEEKENDS/HOLIDAY,NS20,NS19,64293.0
WEEKENDS/HOLIDAY,NS20,NS21,65147.0
WEEKENDS/HOLIDAY,NS21,DT10,57053.0
WEEKENDS/HOLIDAY,NS21,NE7,88205.0
WEEKENDS/HOLIDAY,NS21,NS20,62016.0
WEEKENDS/HOLIDAY,NS21,NS22,28375.0
WEEKENDS/HOLIDAY,NS22,NS21,27635.0
WEEKENDS/HOLIDAY,NS22,NS23,24674.0
WEEKENDS/HOLIDAY,NS23,NS22,25980.0
WEEKENDS/HOLIDAY,NS23,NS24,23286.0
WEEKENDS/HOLIDAY,NS24,CC2,4798.0
WEEKENDS/HOLIDAY,NS24,NE5,44437.0
WEEKENDS/HOLIDAY,NS24,NE7,86276.0
WEEKENDS/HOLIDAY,NS24,NS23,25913.0
WEEKENDS/HOLIDAY,NS24,NS25,22311.0
WEEKENDS/HOLIDAY,NS25,EW12,13671.0
WEEKENDS/HOLIDAY,NS25,NS24,21799.0
WEEKENDS/HOLIDAY,NS25,NS26,17843.0
WEEKENDS/HOLIDAY,NS26,EW15,13372.0
WEEKENDS/HOLIDAY,NS26,NS25,18103.0
WEEKENDS/HOLIDAY,NS26,NS27,2720.0
WEEKENDS/HOLIDAY,NS27,CE1,1333.0
WEEKENDS/HOLIDAY,NS27,NS26,2455.0
WEEKENDS/HOLIDAY,NS27,NS28,1950.0
WEEKENDS/HOLIDAY,NS28,NS27,2166.0
WEEKENDS/HOLIDAY,NS3,NS2,49404.0
WEEKENDS/HOLIDAY,NS3,NS4,44016.0
WEEKENDS/HOLIDAY,NS4,BP2,11758.0
WEEKENDS/HOLIDAY,NS4,NS3,44927.0
WEEKENDS/HOLIDAY,NS4,NS5,41442.0
WEEKENDS/HOLIDAY,NS5,NS4,43199.0
WEEKENDS/HOLIDAY,NS5,NS7,34874.0
WEEKENDS/HOLIDAY,NS7,NS5,36217.0
WEEKENDS/HOLIDAY,NS7,NS8,35080.0
WEEKENDS/HOLIDAY,NS8,NS7,36440.0
WEEKENDS/HOLIDAY,NS8,NS9,39731.0
WEEKENDS/HOLIDAY,NS9,NS10,43681.0
WEEKENDS/HOLIDAY,NS9,NS8,38727.0
WEEKENDS/HOLIDAY,NS9,TE1,319.0
WEEKENDS/HOLIDAY,NS9,TE3,1085.0
WEEKENDS/HOLIDAY,PE1,NE17,5635.0
WEEKENDS/HOLIDAY,PE1,PE2,4694.0
WEEKENDS/HOLIDAY,PE2,PE1,4777.0
WEEKENDS/HOLIDAY,PE2,PE3,3099.0
WEEKENDS/HOLIDAY,PE3,PE2,3058.0
WEEKENDS/HOLIDAY,PE3,PE4,1251.0
WEEKENDS/HOLIDAY,PE4,PE3,1247.0
WEEKENDS/HOLIDAY,PE4,PE5,2088.0
WEEKENDS/HOLIDAY,PE5,PE4,2143.0
WEEKENDS/HOLIDAY,PE5,PE6,4052.0
WEEKENDS/HOLIDAY,PE6,PE5,3902.0
WEEKENDS/HOLIDAY,PE6,PE7,5656.0
WEEKENDS/HOLIDAY,PE7,NE17,6933.0
WEEKENDS/HOLIDAY,PE7,PE6,5296.0
WEEKENDS/HOLIDAY,PW1,NE17,1334.0
WEEKENDS/HOLIDAY,PW1,PW3,752.0
WEEKENDS/HOLIDAY,PW3,PW1,807.0
WEEKENDS/HOLIDAY,PW3,PW4,629.0
WEEKENDS/HOLIDAY,PW4,PW3,721.0
WEEKENDS/HOLIDAY,PW4,PW5,160.0
WEEKENDS/HOLIDAY,PW5,PW4,214.0
WEEKENDS/HOLIDAY,PW5,PW6,1293.0
WEEKENDS/HOLIDAY,PW6,PW5,1340.0
WEEKENDS/HOLIDAY,PW6,PW7,1806.0
WEEKENDS/HOLIDAY,PW7,NE17,2258.0
WEEKENDS/HOLIDAY,PW7,PW6,1793.0
WEEKENDS/HOLIDAY,SE1,NE16,6181.0
WEEKENDS/HOLIDAY,SE1,SE2,4162.0
WEEKENDS/HOLIDAY,SE2,SE1,4653.0
WEEKENDS/HOLIDAY,SE2,SE3,2042.0
WEEKENDS/HOLIDAY,SE3,SE2,2287.0
WEEKENDS/HOLIDAY,SE3,SE4,743.0
WEEKENDS/HOLIDAY,SE4,SE3,866.0
WEEKENDS/HOLIDAY,SE4,SE5,1703.0
WEEKENDS/HOLIDAY,SE5,NE16,2546.0
WEEKENDS/HOLIDAY,SE5,SE4,1733.0
WEEKENDS/HOLIDAY,SW1,NE16,3610.0
WEEKENDS/HOLIDAY,SW1,SW2,3089.0
WEEKENDS/HOLIDAY,SW2,SW1,3270.0
WEEKENDS/HOLIDAY,SW2,SW3,2059.0
WEEKENDS/HOLIDAY,SW3,SW2,2043.0
WEEKENDS/HOLIDAY,SW3,SW4,1410.0
WEEKENDS/HOLIDAY,SW4,SW3,1368.0
WEEKENDS/HOLIDAY,SW4,SW5,1034.0
WEEKENDS/HOLIDAY,SW5,SW4,1024.0
WEEKENDS/HOLIDAY,SW5,SW6,4197.0
WEEKENDS/HOLIDAY,SW6,SW5,3923.0
WEEKENDS/HOLIDAY,SW6,SW7,5494.0
WEEKENDS/HOLIDAY,SW7,SW6,5136.0
WEEKENDS/HOLIDAY,SW7,SW8,6254.0
WEEKENDS/HOLIDAY,SW8,NE16,6611.0
WEEKENDS/HOLIDAY,SW8,SW7,5785.0
WEEKENDS/HOLIDAY,TE1,NS9,353.0
WEEKENDS/HOLIDAY,TE3,NS9,1532.0
