DAY_TYPE,PT_CODE,TOTAL_TAP_IN_VOLUME,TOTAL_TAP_OUT_VOLUME
WEEKDAY,BP10,3198.0,3475.0
WEEKDAY,BP11,3309.0,2705.0
WEEKDAY,BP12,2747.0,2127.0
WEEKDAY,BP13,1434.0,982.0
WEEKDAY,BP2,3030.0,2358.0
WEEKDAY,BP3,3873.0,3308.0
WEEKDAY,BP4,4093.0,4039.0
WEEKDAY,BP5,1991.0,1580.0
WEEKDAY,BP6/DT1,28409.0,30394.0
WEEKDAY,BP7,1087.0,1102.0
WEEKDAY,BP8,2039.0,1803.0
WEEKDAY,BP9,2494.0,2400.0
WEEKDAY,CC10/DT26,12424.0,11895.0
WEEKDAY,CC11,11524.0,11658.0
WEEKDAY,CC12,5152.0,4420.0
WEEKDAY,CC14,6240.0,5945.0
WEEKDAY,CC16,8070.0,7881.0
WEEKDAY,CC17,3242.0,3108.0
WEEKDAY,CC19/DT9,4371.0,4743.0
WEEKDAY,CC2,2987.0,3398.0
WEEKDAY,CC20,4108.0,4176.0
WEEKDAY,CC21,6000.0,6438.0
WEEKDAY,CC22/EW21,17640.0,15933.0
WEEKDAY,CC23,7587.0,7348.0
WEEKDAY,CC24,14117.0,13786.0
WEEKDAY,CC25,5135.0,4760.0
WEEKDAY,CC26,3709.0,3950.0
WEEKDAY,CC27,2696.0,2788.0
WEEKDAY,CC28,2926.0,2916.0
WEEKDAY,CC3,3339.0,3023.0
WEEKDAY,CC4/DT15,9590.0,10027.0
WEEKDAY,CC5,2707.0,2745.0
WEEKDAY,CC6,4383.0,4575.0
WEEKDAY,CC7,5381.0,5463.0
WEEKDAY,CC8,6481.0,5697.0
WEEKDAY,CE1/DT16,13033.0,13482.0
WEEKDAY,CG1/DT35,7561.0,7532.0
WEEKDAY,CG2,4506.0,4427.0
WEEKDAY,DT10,4175.0,3263.0
WEEKDAY,DT13,6069.0,6517.0
WEEKDAY,DT17,8562.0,8533.0
WEEKDAY,DT18,8394.0,9004.0
WEEKDAY,DT2,2178.0,1741.0
WEEKDAY,DT20,3054.0,3281.0
WEEKDAY,DT21,4094.0,3992.0
WEEKDAY,DT22,3830.0,4210.0
WEEKDAY,DT23,2387.0,2449.0
WEEKDAY,DT24,3802.0,3733.0
WEEKDAY,DT25,3011.0,3179.0
WEEKDAY,DT27,5916.0,5816.0
WEEKDAY,DT28,7051.0,6689.0
WEEKDAY,DT29,5623.0,5110.0
WEEKDAY,DT3,5378.0,4764.0
WEEKDAY,DT30,5554.0,5371.0
WEEKDAY,DT31,6022.0,6446.0
WEEKDAY,DT33,13311.0,12561.0
WEEKDAY,DT34,3185.0,2925.0
WEEKDAY,DT5,8773.0,9027.0
WEEKDAY,DT6,4803.0,4558.0
WEEKDAY,DT7,2999.0,3206.0
WEEKDAY,DT8,4251.0,3847.0
WEEKDAY,EW1,23108.0,22361.0
WEEKDAY,EW10,7494.0,7604.0
WEEKDAY,EW11,11284.0,11491.0
WEEKDAY,EW12/DT14,29934.0,31394.0
WEEKDAY,EW13/NS25,22019.0,22606.0
WEEKDAY,EW14/NS26,25885.0,25250.0
WEEKDAY,EW15,22335.0,23486.0
WEEKDAY,EW16/NE3,21258.0,20491.0
WEEKDAY,EW17,19787.0,20869.0
WEEKDAY,EW18,13371.0,13960.0
WEEKDAY,EW19,10651.0,10155.0
WEEKDAY,EW2/DT32,38602.0,39972.0
WEEKDAY,EW20,11771.0,11246.0
WEEKDAY,EW22,11488.0,11568.0
WEEKDAY,EW23,34219.0,35796.0
WEEKDAY,EW24/NS1,54252.0,55028.0
WEEKDAY,EW25,7401.0,7119.0
WEEKDAY,EW26,27557.0,24759.0
WEEKDAY,EW27,37026.0,42403.0
WEEKDAY,EW28,24813.0,19066.0
WEEKDAY,EW29,12997.0,13396.0
WEEKDAY,EW3,13453.0,13427.0
WEEKDAY,EW30,3097.0,2802.0
WEEKDAY,EW31,3406.0,2921.0
WEEKDAY,EW32,3174.0,2950.0
WEEKDAY,EW33,2118.0,2063.0
WEEKDAY,EW4,11601.0,10435.0
WEEKDAY,EW5,24735.0,24396.0
WEEKDAY,EW6,7275.0,8764.0
WEEKDAY,EW7,10157.0,11861.0
WEEKDAY,EW8/CC9,30250.0,30933.0
WEEKDAY,EW9,14538.0,14231.0
WEEKDAY,NE1/CC29,22235.0,22950.0
WEEKDAY,NE10,11245.0,11500.0
WEEKDAY,NE11,4878.0,4473.0
WEEKDAY,NE12/CC13,22491.0,20602.0
WEEKDAY,NE13,15946.0,16340.0
WEEKDAY,NE14,23869.0,23579.0
WEEKDAY,NE15,13406.0,13046.0
WEEKDAY,NE16/STC,32215.0,33527.0
WEEKDAY,NE17/PTC,29071.0,28295.0
WEEKDAY,NE4/DT19,33130.0,32711.0
WEEKDAY,NE5,7710.0,7681.0
WEEKDAY,NE7/DT12,15588.0,16279.0
WEEKDAY,NE8,14768.0,16781.0
WEEKDAY,NE9,17581.0,15817.0
WEEKDAY,NS10,40978.0,35543.0
WEEKDAY,NS11,33036.0,33123.0
WEEKDAY,NS12,11416.0,10519.0
WEEKDAY,NS13,41862.0,44294.0
WEEKDAY,NS14,26912.0,24370.0
WEEKDAY,NS15,20843.0,19426.0
WEEKDAY,NS16,38883.0,41850.0
WEEKDAY,NS17/CC15,15921.0,9889.0
WEEKDAY,NS18,12132.0,11039.0
WEEKDAY,NS19,27611.0,29239.0
WEEKDAY,NS2,22345.0,23532.0
WEEKDAY,NS20,26472.0,26065.0
WEEKDAY,NS21/DT11,38934.0,40088.0
WEEKDAY,NS22,32282.0,34730.0
WEEKDAY,NS23,18434.0,19811.0
WEEKDAY,NS24/NE6/CC1,20476.0,18661.0
WEEKDAY,NS27/CE2,2372.0,2295.0
WEEKDAY,NS28,1088.0,979.0
WEEKDAY,NS3,16266.0,15743.0
WEEKDAY,NS4/BP1,30301.0,32550.0
WEEKDAY,NS5,25723.0,24576.0
WEEKDAY,NS7,4446.0,4724.0
WEEKDAY,NS8,19754.0,15761.0
WEEKDAY,NS9/TE2,33098.0,40900.0
WEEKDAY,PE1,2747.0,2747.0
WEEKDAY,PE2,4400.0,4215.0
WEEKDAY,PE3,4436.0,4556.0
WEEKDAY,PE4,1288.0,1299.0
WEEKDAY,PE5,4448.0,4234.0
WEEKDAY,PE6,5032.0,4841.0
WEEKDAY,PE7,3249.0,3149.0
WEEKDAY,PW1,473.0,493.0
WEEKDAY,PW3,340.0,390.0
WEEKDAY,PW4,1084.0,1049.0
WEEKDAY,PW5,1944.0,1895.0
WEEKDAY,PW6,987.0,919.0
WEEKDAY,PW7,1695.0,1937.0
WEEKDAY,SE1,3597.0,3614.0
WEEKDAY,SE2,4510.0,4220.0
WEEKDAY,SE3,2485.0,2394.0
WEEKDAY,SE4,2911.0,2846.0
WEEKDAY,SE5,2436.0,2478.0
WEEKDAY,SW1,1807.0,1926.0
WEEKDAY,SW2,2832.0,2661.0
WEEKDAY,SW3,2146.0,2063.0
WEEKDAY,SW4,1060.0,1092.0
WEEKDAY,SW5,6161.0,5692.0
WEEKDAY,SW6,3220.0,3071.0
WEEKDAY,SW7,2355.0,2174.0
WEEKDAY,SW8,1848.0,1847.0
WEEKDAY,TE1,1795.0,1482.0
WEEKDAY,TE3,2988.0,2301.0
WEEKENDS/HOLIDAY,BP10,2094.0,2474.0
WEEKENDS/HOLIDAY,BP11,2168.0,1848.0
WEEKENDS/HOLIDAY,BP12,1415.0,1078.0
WEEKENDS/HOLIDAY,BP13,938.0,604.0
WEEKENDS/HOLIDAY,BP2,2189.0,1810.0
WEEKENDS/HOLIDAY,BP3,2838.0,2456.0
WEEKENDS/HOLIDAY,BP4,1240.0,1148.0
WEEKENDS/HOLIDAY,BP5,1353.0,1078.0
WEEKENDS/HOLIDAY,BP6/DT1,22147.0,22907.0
WEEKENDS/HOLIDAY,BP7,528.0,768.0
WEEKENDS/HOLIDAY,BP8,1209.0,1117.0
WEEKENDS/HOLIDAY,BP9,1644.0,1369.0
WEEKENDS/HOLIDAY,CC10/DT26,9014.0,8541.0
WEEKENDS/HOLIDAY,CC11,4986.0,4956.0
WEEKENDS/HOLIDAY,CC12,2595.0,2441.0
WEEKENDS/HOLIDAY,CC14,3362.0,3254.0
WEEKENDS/HOLIDAY,CC16,4402.0,4504.0
WEEKENDS/HOLIDAY,CC17,1586.0,1695.0
WEEKENDS/HOLIDAY,CC19/DT9,5121.0,5624.0
WEEKENDS/HOLIDAY,CC2,1562.0,1704.0
WEEKENDS/HOLIDAY,CC20,2837.0,2878.0
WEEKENDS/HOLIDAY,CC21,5152.0,5236.0
WEEKENDS/HOLIDAY,CC22/EW21,8781.0,8409.0
WEEKENDS/HOLIDAY,CC23,1931.0,1904.0
WEEKENDS/HOLIDAY,CC24,3479.0,3514.0
WEEKENDS/HOLIDAY,CC25,3374.0,3013.0
WEEKENDS/HOLIDAY,CC26,1967.0,2076.0
WEEKENDS/HOLIDAY,CC27,1086.0,1270.0
WEEKENDS/HOLIDAY,CC28,2414.0,2322.0
WEEKENDS/HOLIDAY,CC3,3780.0,3284.0
WEEKENDS/HOLIDAY,CC4/DT15,8339.0,8921.0
WEEKENDS/HOLIDAY,CC5,2458.0,2535.0
WEEKENDS/HOLIDAY,CC6,5243.0,5070.0
WEEKENDS/HOLIDAY,CC7,3615.0,4015.0
WEEKENDS/HOLIDAY,CC8,3967.0,3899.0
WEEKENDS/HOLIDAY,CE1/DT16,22029.0,21801.0
WEEKENDS/HOLIDAY,CG1/DT35,4573.0,4741.0
WEEKENDS/HOLIDAY,CG2,6182.0,6070.0
WEEKENDS/HOLIDAY,DT10,2222.0,1823.0
WEEKENDS/HOLIDAY,DT13,4481.0,4953.0
WEEKENDS/HOLIDAY,DT17,2088.0,2007.0
WEEKENDS/HOLIDAY,DT18,2644.0,2923.0
WEEKENDS/HOLIDAY,DT2,1011.0,875.0
WEEKENDS/HOLIDAY,DT20,2397.0,2714.0
WEEKENDS/HOLIDAY,DT21,2594.0,2527.0
WEEKENDS/HOLIDAY,DT22,3937.0,4431.0
WEEKENDS/HOLIDAY,DT23,1089.0,1123.0
WEEKENDS/HOLIDAY,DT24,2704.0,2697.0
WEEKENDS/HOLIDAY,DT25,1884.0,1869.0
WEEKENDS/HOLIDAY,DT27,3211.0,3171.0
WEEKENDS/HOLIDAY,DT28,4093.0,3809.0
WEEKENDS/HOLIDAY,DT29,4014.0,3697.0
WEEKENDS/HOLIDAY,DT3,4504.0,3834.0
WEEKENDS/HOLIDAY,DT30,4060.0,3865.0
WEEKENDS/HOLIDAY,DT31,4003.0,4245.0
WEEKENDS/HOLIDAY,DT33,9210.0,8417.0
WEEKENDS/HOLIDAY,DT34,2139.0,2074.0
WEEKENDS/HOLIDAY,DT5,7983.0,7778.0
WEEKENDS/HOLIDAY,DT6,2973.0,3041.0
WEEKENDS/HOLIDAY,DT7,1928.0,2177.0
WEEKENDS/HOLIDAY,DT8,1657.0,1709.0
WEEKENDS/HOLIDAY,EW1,17894.0,17157.0
WEEKENDS/HOLIDAY,EW10,7698.0,7946.0
WEEKENDS/HOLIDAY,EW11,8513.0,8887.0
WEEKENDS/HOLIDAY,EW12/DT14,32070.0,33813.0
WEEKENDS/HOLIDAY,EW13/NS25,24074.0,24582.0
WEEKENDS/HOLIDAY,EW14/NS26,7667.0,7499.0
WEEKENDS/HOLIDAY,EW15,9418.0,10080.0
WEEKENDS/HOLIDAY,EW16/NE3,9946.0,9534.0
WEEKENDS/HOLIDAY,EW17,15323.0,16380.0
WEEKENDS/HOLIDAY,EW18,9098.0,9461.0
WEEKENDS/HOLIDAY,EW19,7620.0,7700.0
WEEKENDS/HOLIDAY,EW2/DT32,32164.0,32028.0
WEEKENDS/HOLIDAY,EW20,8157.0,7959.0
WEEKENDS/HOLIDAY,EW22,2732.0,3146.0
WEEKENDS/HOLIDAY,EW23,25222.0,25777.0
WEEKENDS/HOLIDAY,EW24/NS1,46945.0,46922.0
WEEKENDS/HOLIDAY,EW25,5510.0,5776.0
WEEKENDS/HOLIDAY,EW26,20924.0,18810.0
WEEKENDS/HOLIDAY,EW27,29081.0,32180.0
WEEKENDS/HOLIDAY,EW28,16338.0,13088.0
WEEKENDS/HOLIDAY,EW29,7010.0,7223.0
WEEKENDS/HOLIDAY,EW3,10254.0,10174.0
WEEKENDS/HOLIDAY,EW30,1379.0,1218.0
WEEKENDS/HOLIDAY,EW31,1591.0,1353.0
WEEKENDS/HOLIDAY,EW32,1496.0,1426.0
WEEKENDS/HOLIDAY,EW33,1703.0,1644.0
WEEKENDS/HOLIDAY,EW4,7941.0,7344.0
WEEKENDS/HOLIDAY,EW5,21089.0,20774.0
WEEKENDS/HOLIDAY,EW6,6245.0,6967.0
WEEKENDS/HOLIDAY,EW7,8530.0,9350.0
WEEKENDS/HOLIDAY,EW8/CC9,31957.0,32873.0
WEEKENDS/HOLIDAY,EW9,13208.0,13179.0
WEEKENDS/HOLIDAY,NE1/CC29,28809.0,28884.0
WEEKENDS/HOLIDAY,NE10,8092.0,8101.0
WEEKENDS/HOLIDAY,NE11,2944.0,2813.0
WEEKENDS/HOLIDAY,NE12/CC13,18920.0,17314.0
WEEKENDS/HOLIDAY,NE13,13635.0,13378.0
WEEKENDS/HOLIDAY,NE14,18468.0,17911.0
WEEKENDS/HOLIDAY,NE15,10439.0,10075.0
WEEKENDS/HOLIDAY,NE16/STC,25802.0,26610.0
WEEKENDS/HOLIDAY,NE17/PTC,25588.0,24688.0
WEEKENDS/HOLIDAY,NE4/DT19,31039.0,31243.0
WEEKENDS/HOLIDAY,NE5,5811.0,5931.0
WEEKENDS/HOLIDAY,NE7/DT12,17275.0,18886.0
WEEKENDS/HOLIDAY,NE8,17558.0,19315.0
WEEKENDS/HOLIDAY,NE9,13201.0,11690.0
WEEKENDS/HOLIDAY,NS10,29283.0,25498.0
WEEKENDS/HOLIDAY,NS11,26302.0,25707.0
WEEKENDS/HOLIDAY,NS12,9063.0,8522.0
WEEKENDS/HOLIDAY,NS13,33462.0,34465.0
WEEKENDS/HOLIDAY,NS14,19848.0,17750.0
WEEKENDS/HOLIDAY,NS15,9574.0,8768.0
WEEKENDS/HOLIDAY,NS16,31291.0,33107.0
WEEKENDS/HOLIDAY,NS17/CC15,10429.0,6448.0
WEEKENDS/HOLIDAY,NS18,9114.0,8458.0
WEEKENDS/HOLIDAY,NS19,23713.0,24463.0
WEEKENDS/HOLIDAY,NS2,16838.0,17471.0
WEEKENDS/HOLIDAY,NS20,14991.0,14898.0
WEEKENDS/HOLIDAY,NS21/DT11,33424.0,34344.0
WEEKENDS/HOLIDAY,NS22,36710.0,38667.0
WEEKENDS/HOLIDAY,NS23,19169.0,20400.0
WEEKENDS/HOLIDAY,NS24/NE6/CC1,20249.0,19120.0
WEEKENDS/HOLIDAY,NS27/CE2,1092.0,1484.0
WEEKENDS/HOLIDAY,NS28,2310.0,2087.0
WEEKENDS/HOLIDAY,NS3,12826.0,12374.0
WEEKENDS/HOLIDAY,NS4/BP1,22116.0,23336.0
WEEKENDS/HOLIDAY,NS5,18111.0,17638.0
WEEKENDS/HOLIDAY,NS7,3556.0,3549.0
WEEKENDS/HOLIDAY,NS8,14314.0,11914.0
WEEKENDS/HOLIDAY,NS9/TE2,27413.0,31273.0
WEEKENDS/HOLIDAY,PE1,1986.0,2017.0
WEEKENDS/HOLIDAY,PE2,3032.0,2916.0
WEEKENDS/HOLIDAY,PE3,3219.0,3283.0
WEEKENDS/HOLIDAY,PE4,1232.0,1258.0
WEEKENDS/HOLIDAY,PE5,2962.0,2775.0
WEEKENDS/HOLIDAY,PE6,3750.0,3513.0
WEEKENDS/HOLIDAY,PE7,2321.0,2134.0
WEEKENDS/HOLIDAY,PW1,664.0,606.0
WEEKENDS/HOLIDAY,PW3,199.0,246.0
WEEKENDS/HOLIDAY,PW4,936.0,899.0
WEEKENDS/HOLIDAY,PW5,1411.0,1422.0
WEEKENDS/HOLIDAY,PW6,722.0,660.0
WEEKENDS/HOLIDAY,PW7,1185.0,1375.0
WEEKENDS/HOLIDAY,SE1,2572.0,2545.0
WEEKENDS/HOLIDAY,SE2,3524.0,3293.0
WEEKENDS/HOLIDAY,SE3,1920.0,1808.0
WEEKENDS/HOLIDAY,SE4,2293.0,2192.0
WEEKENDS/HOLIDAY,SE5,1595.0,1581.0
WEEKENDS/HOLIDAY,SW1,1101.0,1075.0
WEEKENDS/HOLIDAY,SW2,2353.0,2161.0
WEEKENDS/HOLIDAY,SW3,1412.0,1383.0
WEEKENDS/HOLIDAY,SW4,823.0,848.0
WEEKENDS/HOLIDAY,SW5,4920.0,4666.0
WEEKENDS/HOLIDAY,SW6,2064.0,1964.0
WEEKENDS/HOLIDAY,SW7,1700.0,1575.0
WEEKENDS/HOLIDAY,SW8,1247.0,1198.0
WEEKENDS/HOLIDAY,TE1,433.0,381.0
WEEKENDS/HOLIDAY,TE3,1653.0,1199.0
