DAY_TYPE,ORIGIN_PT_CODE,DESTINATION_PT_CODE,TOTAL_TRIPS
WEEKDAY,BP10,BP11,3831.0
WEEKDAY,BP10,BP9,958.0
WEEKDAY,BP11,BP10,672.0
WEEKDAY,BP11,BP12,6605.0
WEEKDAY,BP12,BP11,2801.0
WEEKDAY,BP12,BP13,9036.0
WEEKDAY,BP13,BP12,4506.0
WEEKDAY,BP13,BP6,10134.0
WEEKDAY,BP2,BP3,15939.0
WEEKDAY,BP2,NS4,16357.0
WEEKDAY,BP3,BP2,16318.0
WEEKDAY,BP3,BP4,15867.0
WEEKDAY,BP4,BP3,15602.0
WEEKDAY,BP4,BP5,14650.0
WEEKDAY,BP5,BP4,14199.0
WEEKDAY,BP5,BP6,15316.0
WEEKDAY,BP6,BP13,5092.0
WEEKDAY,BP6,BP5,14339.0
WEEKDAY,BP6,BP7,7243.0
WEEKDAY,BP7,BP6,4202.0
WEEKDAY,BP7,BP8,6559.0
WEEKDAY,BP8,BP7,3485.0
WEEKDAY,BP8,BP9,5983.0
WEEKDAY,BP9,BP10,4427.0
WEEKDAY,BP9,BP8,2647.0
WEEKDAY,CC10,CC11,54695.0
WEEKDAY,CC10,DT25,33928.0
WEEKDAY,CC10,DT27,42450.0
WEEKDAY,CC10,EW8,52722.0
WEEKDAY,CC11,CC10,52832.0
WEEKDAY,CC11,CC12,58900.0
WEEKDAY,CC12,CC11,57197.0
WEEKDAY,CC12,NE12,61490.0
WEEKDAY,CC14,NE12,115149.0
WEEKDAY,CC14,NS17,115138.0
WEEKDAY,CC16,CC17,55282.0
WEEKDAY,CC16,NS17,55503.0
WEEKDAY,CC17,CC16,54167.0
WEEKDAY,CC17,CC19,56834.0
WEEKDAY,CC19,CC17,55501.0
WEEKDAY,CC19,CC20,99950.0
WEEKDAY,CC19,DT10,89622.0
WEEKDAY,CC19,DT8,46767.0
WEEKDAY,CC2,CC3,5987.0
WEEKDAY,CC2,NS24,8841.0
WEEKDAY,CC20,CC19,100818.0
WEEKDAY,CC20,CC21,98942.0
WEEKDAY,CC21,CC20,99803.0
WEEKDAY,CC21,EW21,98342.0
WEEKDAY,CC23,CC24,30516.0
WEEKDAY,CC23,EW21,40833.0
WEEKDAY,CC24,CC23,29790.0
WEEKDAY,CC24,CC25,17759.0
WEEKDAY,CC25,CC24,16995.0
WEEKDAY,CC25,CC26,15766.0
WEEKDAY,CC26,CC25,14552.0
WEEKDAY,CC26,CC27,14996.0
WEEKDAY,CC27,CC26,13907.0
WEEKDAY,CC27,CC28,15530.0
WEEKDAY,CC28,CC27,14556.0
WEEKDAY,CC28,NE1,16258.0
WEEKDAY,CC3,CC2,6376.0
WEEKDAY,CC3,CC4,4984.0
WEEKDAY,CC4,CC3,5132.0
WEEKDAY,CC4,CC5,9307.0
WEEKDAY,CC4,CE1,31750.0
WEEKDAY,CC4,EW12,37892.0
WEEKDAY,CC5,CC4,8613.0
WEEKDAY,CC5,CC6,7561.0
WEEKDAY,CC6,CC5,6983.0
WEEKDAY,CC6,CC7,7792.0
WEEKDAY,CC7,CC6,7500.0
WEEKDAY,CC7,CC8,9016.0
WEEKDAY,CC8,CC7,8816.0
WEEKDAY,CC8,EW8,13487.0
WEEKDAY,CE1,CC4,30172.0
WEEKDAY,CE1,DT17,23206.0
WEEKDAY,CE1,NS27,772.0
WEEKDAY,CG1,CG2,13061.0
WEEKDAY,CG1,DT34,10651.0
WEEKDAY,CG1,EW4,23707.0
WEEKDAY,CG2,CG1,14091.0
WEEKDAY,DT1,DT2,26888.0
WEEKDAY,DT10,CC19,85208.0
WEEKDAY,DT10,DT11,91978.0
WEEKDAY,DT11,DT10,86481.0
WEEKDAY,DT11,NE7,96049.0
WEEKDAY,DT13,EW12,97024.0
WEEKDAY,DT13,NE7,97181.0
WEEKDAY,DT17,CE1,21601.0
WEEKDAY,DT17,DT18,13688.0
WEEKDAY,DT18,DT17,12447.0
WEEKDAY,DT18,NE4,23374.0
WEEKDAY,DT2,DT1,26046.0
WEEKDAY,DT2,DT3,28884.0
WEEKDAY,DT20,DT21,24912.0
WEEKDAY,DT20,NE4,26161.0
WEEKDAY,DT21,DT20,25796.0
WEEKDAY,DT21,DT22,27375.0
WEEKDAY,DT22,DT21,28346.0
WEEKDAY,DT22,DT23,29602.0
WEEKDAY,DT23,DT22,30984.0
WEEKDAY,DT23,DT24,30924.0
WEEKDAY,DT24,DT23,32314.0
WEEKDAY,DT24,DT25,31911.0
WEEKDAY,DT25,CC10,32563.0
WEEKDAY,DT25,DT24,33102.0
WEEKDAY,DT27,CC10,43069.0
WEEKDAY,DT27,DT28,39333.0
WEEKDAY,DT28,DT27,39772.0
WEEKDAY,DT28,DT29,34994.0
WEEKDAY,DT29,DT28,34815.0
WEEKDAY,DT29,DT30,32844.0
WEEKDAY,DT3,DT2,27139.0
WEEKDAY,DT3,DT5,34403.0
WEEKDAY,DT30,DT29,32023.0
WEEKDAY,DT30,DT31,29315.0
WEEKDAY,DT31,DT30,28249.0
WEEKDAY,DT31,DT32,25661.0
WEEKDAY,DT32,DT31,25118.0
WEEKDAY,DT32,DT33,16062.0
WEEKDAY,DT33,DT32,16947.0
WEEKDAY,DT33,DT34,9885.0
WEEKDAY,DT34,CG1,11160.0
WEEKDAY,DT34,DT33,9756.0
WEEKDAY,DT5,DT3,31856.0
WEEKDAY,DT5,DT6,41385.0
WEEKDAY,DT6,DT5,38748.0
WEEKDAY,DT6,DT7,45902.0
WEEKDAY,DT7,DT6,42246.0
WEEKDAY,DT7,DT8,47472.0
WEEKDAY,DT8,CC19,49673.0
WEEKDAY,DT8,DT7,44888.0
WEEKDAY,EW1,EW2,28497.0
WEEKDAY,EW10,EW11,106902.0
WEEKDAY,EW10,EW9,106923.0
WEEKDAY,EW11,EW10,108398.0
WEEKDAY,EW11,EW12,111396.0
WEEKDAY,EW12,CC4,40688.0
WEEKDAY,EW12,DT13,93329.0
WEEKDAY,EW12,EW11,113065.0
WEEKDAY,EW12,NS25,46221.0
WEEKDAY,EW15,EW16,49477.0
WEEKDAY,EW15,NS26,66105.0
WEEKDAY,EW16,EW15,54150.0
WEEKDAY,EW16,EW17,64624.0
WEEKDAY,EW16,NE1,34294.0
WEEKDAY,EW16,NE4,59735.0
WEEKDAY,EW17,EW16,66999.0
WEEKDAY,EW17,EW18,59766.0
WEEKDAY,EW18,EW17,63174.0
WEEKDAY,EW18,EW19,59318.0
WEEKDAY,EW19,EW18,63118.0
WEEKDAY,EW19,EW20,61049.0
WEEKDAY,EW2,EW1,27128.0
WEEKDAY,EW2,EW3,45024.0
WEEKDAY,EW20,EW19,63761.0
WEEKDAY,EW20,EW21,64267.0
WEEKDAY,EW21,CC21,99900.0
WEEKDAY,EW21,CC23,41200.0
WEEKDAY,EW21,EW20,66352.0
WEEKDAY,EW21,EW22,141008.0
WEEKDAY,EW22,EW21,143290.0
WEEKDAY,EW22,EW23,140619.0
WEEKDAY,EW23,EW22,142795.0
WEEKDAY,EW23,NS1,138142.0
WEEKDAY,EW25,EW26,95776.0
WEEKDAY,EW25,NS1,105298.0
WEEKDAY,EW26,EW25,101371.0
WEEKDAY,EW26,EW27,80931.0
WEEKDAY,EW27,EW26,82555.0
WEEKDAY,EW27,EW28,44090.0
WEEKDAY,EW28,EW27,52346.0
WEEKDAY,EW28,EW29,27958.0
WEEKDAY,EW29,EW28,28935.0
WEEKDAY,EW29,EW30,12499.0
WEEKDAY,EW3,EW2,44546.0
WEEKDAY,EW3,EW4,52194.0
WEEKDAY,EW30,EW29,13707.0
WEEKDAY,EW30,EW31,9628.0
WEEKDAY,EW31,EW30,10372.0
WEEKDAY,EW31,EW32,6623.0
WEEKDAY,EW32,EW31,6622.0
WEEKDAY,EW32,EW33,3123.0
WEEKDAY,EW33,EW32,3036.0
WEEKDAY,EW4,CG1,22530.0
WEEKDAY,EW4,EW3,51927.0
WEEKDAY,EW4,EW5,79567.0
WEEKDAY,EW5,EW4,76508.0
WEEKDAY,EW5,EW6,95003.0
WEEKDAY,EW6,EW5,91595.0
WEEKDAY,EW6,EW7,98658.0
WEEKDAY,EW7,EW6,97084.0
WEEKDAY,EW7,EW8,103670.0
WEEKDAY,EW8,CC10,54472.0
WEEKDAY,EW8,CC8,12214.0
WEEKDAY,EW8,EW7,104279.0
WEEKDAY,EW8,EW9,102853.0
WEEKDAY,EW9,EW10,105535.0
WEEKDAY,EW9,EW8,104799.0
WEEKDAY,NE1,CC28,15472.0
WEEKDAY,NE1,EW16,34955.0
WEEKDAY,NE10,NE11,130533.0
WEEKDAY,NE10,NE9,134532.0
WEEKDAY,NE11,NE10,134822.0
WEEKDAY,NE11,NE12,131029.0
WEEKDAY,NE12,CC12,58760.0
WEEKDAY,NE12,CC14,115406.0
WEEKDAY,NE12,NE11,134847.0
WEEKDAY,NE12,NE13,111495.0
WEEKDAY,NE13,NE12,114684.0
WEEKDAY,NE13,NE14,103311.0
WEEKDAY,NE14,NE13,106774.0
WEEKDAY,NE14,NE15,87124.0
WEEKDAY,NE15,NE14,89381.0
WEEKDAY,NE15,NE16,77583.0
WEEKDAY,NE16,NE15,78750.0
WEEKDAY,NE16,NE17,42608.0
WEEKDAY,NE16,SE1,8811.0
WEEKDAY,NE16,SE5,4239.0
WEEKDAY,NE16,SW1,5235.0
WEEKDAY,NE16,SW8,9230.0
WEEKDAY,NE17,NE16,43591.0
WEEKDAY,NE17,PE1,9186.0
WEEKDAY,NE17,PE7,9902.0
WEEKDAY,NE17,PW1,1228.0
WEEKDAY,NE17,PW7,4151.0
WEEKDAY,NE4,DT18,23142.0
WEEKDAY,NE4,DT20,25896.0
WEEKDAY,NE4,EW16,60355.0
WEEKDAY,NE4,NE5,64367.0
WEEKDAY,NE5,NE4,64226.0
WEEKDAY,NE5,NS24,69644.0
WEEKDAY,NE7,DT11,91351.0
WEEKDAY,NE7,DT13,101293.0
WEEKDAY,NE7,NE8,135006.0
WEEKDAY,NE7,NS24,140033.0
WEEKDAY,NE8,NE7,139186.0
WEEKDAY,NE8,NE9,131271.0
WEEKDAY,NE9,NE10,130501.0
WEEKDAY,NE9,NE8,137538.0
WEEKDAY,NS1,EW23,141547.0
WEEKDAY,NS1,EW25,98311.0
WEEKDAY,NS1,NS2,104104.0
WEEKDAY,NS10,NS11,81140.0
WEEKDAY,NS10,NS9,76472.0
WEEKDAY,NS11,NS10,80364.0
WEEKDAY,NS11,NS12,89280.0
WEEKDAY,NS12,NS11,88605.0
WEEKDAY,NS12,NS13,89280.0
WEEKDAY,NS13,NS12,88605.0
WEEKDAY,NS13,NS14,101365.0
WEEKDAY,NS14,NS13,103225.0
WEEKDAY,NS14,NS15,111580.0
WEEKDAY,NS15,NS14,109612.0
WEEKDAY,NS15,NS16,116327.0
WEEKDAY,NS16,NS15,112593.0
WEEKDAY,NS16,NS17,130797.0
WEEKDAY,NS17,CC14,114268.0
WEEKDAY,NS17,CC16,56373.0
WEEKDAY,NS17,NS16,130820.0
WEEKDAY,NS17,NS18,71890.0
WEEKDAY,NS18,NS17,69645.0
WEEKDAY,NS18,NS19,71664.0
WEEKDAY,NS19,NS18,67858.0
WEEKDAY,NS19,NS20,69225.0
WEEKDAY,NS2,NS1,104730.0
WEEKDAY,NS2,NS3,97000.0
WEEKDAY,NS20,NS19,67114.0
WEEKDAY,NS20,NS21,57914.0
WEEKDAY,NS21,NS20,55603.0
WEEKDAY,NS21,NS22,46545.0
WEEKDAY,NS22,NS21,45346.0
WEEKDAY,NS22,NS23,45655.0
WEEKDAY,NS23,NS22,48046.0
WEEKDAY,NS23,NS24,49165.0
WEEKDAY,NS24,CC2,8894.0
WEEKDAY,NS24,NE5,70714.0
WEEKDAY,NS24,NE7,136489.0
WEEKDAY,NS24,NS23,53669.0
WEEKDAY,NS24,NS25,50185.0
WEEKDAY,NS25,EW12,48357.0
WEEKDAY,NS25,NS24,50827.0
WEEKDAY,NS25,NS26,86712.0
WEEKDAY,NS26,EW15,63184.0
WEEKDAY,NS26,NS25,90582.0
WEEKDAY,NS26,NS27,5983.0
WEEKDAY,NS27,CE1,801.0
WEEKDAY,NS27,NS26,6162.0
WEEKDAY,NS27,NS28,1231.0
WEEKDAY,NS28,NS27,1321.0
WEEKDAY,NS3,NS2,98658.0
WEEKDAY,NS3,NS4,89932.0
WEEKDAY,NS4,BP2,15121.0
WEEKDAY,NS4,NS3,90606.0
WEEKDAY,NS4,NS5,78565.0
WEEKDAY,NS5,NS4,81189.0
WEEKDAY,NS5,NS7,68094.0
WEEKDAY,NS7,NS5,69050.0
WEEKDAY,NS7,NS8,67523.0
WEEKDAY,NS8,NS7,67191.0
WEEKDAY,NS8,NS9,72773.0
WEEKDAY,NS9,NS10,70779.0
WEEKDAY,NS9,NS8,67242.0
WEEKDAY,PE1,NE17,9380.0
WEEKDAY,PE1,PE2,7605.0
WEEKDAY,PE2,PE1,7750.0
WEEKDAY,PE2,PE3,5150.0
WEEKDAY,PE3,PE2,4997.0
WEEKDAY,PE3,PE4,2107.0
WEEKDAY,PE4,PE3,2099.0
WEEKDAY,PE4,PE5,3023.0
WEEKDAY,PE5,PE4,2894.0
WEEKDAY,PE5,PE6,5930.0
WEEKDAY,PE6,PE5,5548.0
WEEKDAY,PE6,PE7,8447.0
WEEKDAY,PE7,NE17,10564.0
WEEKDAY,PE7,PE6,7914.0
WEEKDAY,PW1,NE17,1129.0
WEEKDAY,PW1,PW3,777.0
WEEKDAY,PW3,PW1,737.0
WEEKDAY,PW3,PW4,377.0
WEEKDAY,PW4,PW3,357.0
WEEKDAY,PW4,PW5,129.0
WEEKDAY,PW5,PW4,166.0
WEEKDAY,PW5,PW6,2711.0
WEEKDAY,PW6,PW5,3100.0
WEEKDAY,PW6,PW7,3427.0
WEEKDAY,PW7,NE17,3733.0
WEEKDAY,PW7,PW6,3695.0
WEEKDAY,SE1,NE16,9567.0
WEEKDAY,SE1,SE2,6226.0
WEEKDAY,SE2,SE1,6958.0
WEEKDAY,SE2,SE3,3087.0
WEEKDAY,SE3,SE2,3440.0
WEEKDAY,SE3,SE4,981.0
WEEKDAY,SE4,SE3,1156.0
WEEKDAY,SE4,SE5,2685.0
WEEKDAY,SE5,NE16,4169.0
WEEKDAY,SE5,SE4,2730.0
WEEKDAY,SW1,NE16,5559.0
WEEKDAY,SW1,SW2,4501.0
WEEKDAY,SW2,SW1,4917.0
WEEKDAY,SW2,SW3,3072.0
WEEKDAY,SW3,SW2,3229.0
WEEKDAY,SW3,SW4,2115.0
WEEKDAY,SW4,SW3,2161.0
WEEKDAY,SW4,SW5,1452.0
WEEKDAY,SW5,SW4,1527.0
WEEKDAY,SW5,SW6,5961.0
WEEKDAY,SW6,SW5,5428.0
WEEKDAY,SW6,SW7,8252.0
WEEKDAY,SW7,SW6,7535.0
WEEKDAY,SW7,SW8,9574.0
WEEKDAY,SW8,NE16,10203.0
WEEKDAY,SW8,SW7,8567.0
WEEKENDS/HOLIDAY,BP10,BP11,2788.0
WEEKENDS/HOLIDAY,BP10,BP9,205.0
WEEKENDS/HOLIDAY,BP11,BP10,156.0
WEEKENDS/HOLIDAY,BP11,BP12,4579.0
WEEKENDS/HOLIDAY,BP12,BP11,1607.0
WEEKENDS/HOLIDAY,BP12,BP13,5759.0
WEEKENDS/HOLIDAY,BP13,BP12,2400.0
WEEKENDS/HOLIDAY,BP13,BP6,6495.0
WEEKENDS/HOLIDAY,BP2,BP3,9134.0
WEEKENDS/HOLIDAY,BP2,NS4,9371.0
WEEKENDS/HOLIDAY,BP3,BP2,9377.0
WEEKENDS/HOLIDAY,BP3,BP4,9134.0
WEEKENDS/HOLIDAY,BP4,BP3,8894.0
WEEKENDS/HOLIDAY,BP4,BP5,9285.0
WEEKENDS/HOLIDAY,BP5,BP4,8935.0
WEEKENDS/HOLIDAY,BP5,BP6,9747.0
WEEKENDS/HOLIDAY,BP6,BP13,2752.0
WEEKENDS/HOLIDAY,BP6,BP5,9061.0
WEEKENDS/HOLIDAY,BP6,BP7,4978.0
WEEKENDS/HOLIDAY,BP7,BP6,2251.0
WEEKENDS/HOLIDAY,BP7,BP8,4576.0
WEEKENDS/HOLIDAY,BP8,BP7,2080.0
WEEKENDS/HOLIDAY,BP8,BP9,4072.0
WEEKENDS/HOLIDAY,BP9,BP10,3244.0
WEEKENDS/HOLIDAY,BP9,BP8,1461.0
WEEKENDS/HOLIDAY,CC10,CC11,35636.0
WEEKENDS/HOLIDAY,CC10,DT25,20384.0
WEEKENDS/HOLIDAY,CC10,DT27,24208.0
WEEKENDS/HOLIDAY,CC10,EW8,38328.0
WEEKENDS/HOLIDAY,CC11,CC10,34830.0
WEEKENDS/HOLIDAY,CC11,CC12,36971.0
WEEKENDS/HOLIDAY,CC12,CC11,35979.0
WEEKENDS/HOLIDAY,CC12,NE12,37996.0
WEEKENDS/HOLIDAY,CC14,NE12,67842.0
WEEKENDS/HOLIDAY,CC14,NS17,67162.0
WEEKENDS/HOLIDAY,CC16,CC17,25413.0
WEEKENDS/HOLIDAY,CC16,NS17,26212.0
WEEKENDS/HOLIDAY,CC17,CC16,24918.0
WEEKENDS/HOLIDAY,CC17,CC19,25970.0
WEEKENDS/HOLIDAY,CC19,CC17,25507.0
WEEKENDS/HOLIDAY,CC19,CC20,60786.0
WEEKENDS/HOLIDAY,CC19,DT10,66077.0
WEEKENDS/HOLIDAY,CC19,DT8,29144.0
WEEKENDS/HOLIDAY,CC2,CC3,5903.0
WEEKENDS/HOLIDAY,CC2,NS24,7259.0
WEEKENDS/HOLIDAY,CC20,CC19,61483.0
WEEKENDS/HOLIDAY,CC20,CC21,60165.0
WEEKENDS/HOLIDAY,CC21,CC20,60864.0
WEEKENDS/HOLIDAY,CC21,EW21,58840.0
WEEKENDS/HOLIDAY,CC23,CC24,11454.0
WEEKENDS/HOLIDAY,CC23,EW21,13379.0
WEEKENDS/HOLIDAY,CC24,CC23,11485.0
WEEKENDS/HOLIDAY,CC24,CC25,8719.0
WEEKENDS/HOLIDAY,CC25,CC24,8615.0
WEEKENDS/HOLIDAY,CC25,CC26,8114.0
WEEKENDS/HOLIDAY,CC26,CC25,7630.0
WEEKENDS/HOLIDAY,CC26,CC27,8076.0
WEEKENDS/HOLIDAY,CC27,CC26,7719.0
WEEKENDS/HOLIDAY,CC27,CC28,8030.0
WEEKENDS/HOLIDAY,CC28,CC27,7773.0
WEEKENDS/HOLIDAY,CC28,NE1,8779.0
WEEKENDS/HOLIDAY,CC3,CC2,6170.0
WEEKENDS/HOLIDAY,CC3,CC4,5160.0
WEEKENDS/HOLIDAY,CC4,CC3,5197.0
WEEKENDS/HOLIDAY,CC4,CC5,6834.0
WEEKENDS/HOLIDAY,CC4,CE1,21523.0
WEEKENDS/HOLIDAY,CC4,EW12,25558.0
WEEKENDS/HOLIDAY,CC5,CC4,6808.0
WEEKENDS/HOLIDAY,CC5,CC6,5626.0
WEEKENDS/HOLIDAY,CC6,CC5,5514.0
WEEKENDS/HOLIDAY,CC6,CC7,6792.0
WEEKENDS/HOLIDAY,CC7,CC6,6384.0
WEEKENDS/HOLIDAY,CC7,CC8,6684.0
WEEKENDS/HOLIDAY,CC8,CC7,6696.0
WEEKENDS/HOLIDAY,CC8,EW8,9041.0
WEEKENDS/HOLIDAY,CE1,CC4,20662.0
WEEKENDS/HOLIDAY,CE1,DT17,10735.0
WEEKENDS/HOLIDAY,CE1,NS27,500.0
WEEKENDS/HOLIDAY,CG1,CG2,13212.0
WEEKENDS/HOLIDAY,CG1,DT34,5764.0
WEEKENDS/HOLIDAY,CG1,EW4,18784.0
WEEKENDS/HOLIDAY,CG2,CG1,14658.0
WEEKENDS/HOLIDAY,DT1,DT2,18127.0
WEEKENDS/HOLIDAY,DT10,CC19,64016.0
WEEKENDS/HOLIDAY,DT10,DT11,67537.0
WEEKENDS/HOLIDAY,DT11,DT10,64964.0
WEEKENDS/HOLIDAY,DT11,NE7,71752.0
WEEKENDS/HOLIDAY,DT13,EW12,73862.0
WEEKENDS/HOLIDAY,DT13,NE7,75060.0
WEEKENDS/HOLIDAY,DT17,CE1,9123.0
WEEKENDS/HOLIDAY,DT17,DT18,9557.0
WEEKENDS/HOLIDAY,DT18,DT17,7997.0
WEEKENDS/HOLIDAY,DT18,NE4,11167.0
WEEKENDS/HOLIDAY,DT2,DT1,17248.0
WEEKENDS/HOLIDAY,DT2,DT3,18951.0
WEEKENDS/HOLIDAY,DT20,DT21,13242.0
WEEKENDS/HOLIDAY,DT20,NE4,13941.0
WEEKENDS/HOLIDAY,DT21,DT20,13558.0
WEEKENDS/HOLIDAY,DT21,DT22,14686.0
WEEKENDS/HOLIDAY,DT22,DT21,15040.0
WEEKENDS/HOLIDAY,DT22,DT23,18175.0
WEEKENDS/HOLIDAY,DT23,DT22,19164.0
WEEKENDS/HOLIDAY,DT23,DT24,18584.0
WEEKENDS/HOLIDAY,DT24,DT23,19697.0
WEEKENDS/HOLIDAY,DT24,DT25,18923.0
WEEKENDS/HOLIDAY,DT25,CC10,19262.0
WEEKENDS/HOLIDAY,DT25,DT24,20047.0
WEEKENDS/HOLIDAY,DT27,CC10,25552.0
WEEKENDS/HOLIDAY,DT27,DT28,21879.0
WEEKENDS/HOLIDAY,DT28,DT27,23145.0
WEEKENDS/HOLIDAY,DT28,DT29,18622.0
WEEKENDS/HOLIDAY,DT29,DT28,19604.0
WEEKENDS/HOLIDAY,DT29,DT30,17572.0
WEEKENDS/HOLIDAY,DT3,DT2,17726.0
WEEKENDS/HOLIDAY,DT3,DT5,22179.0
WEEKENDS/HOLIDAY,DT30,DT29,18142.0
WEEKENDS/HOLIDAY,DT30,DT31,16002.0
WEEKENDS/HOLIDAY,DT31,DT30,16290.0
WEEKENDS/HOLIDAY,DT31,DT32,14719.0
WEEKENDS/HOLIDAY,DT32,DT31,15204.0
WEEKENDS/HOLIDAY,DT32,DT33,9056.0
WEEKENDS/HOLIDAY,DT33,DT32,9791.0
WEEKENDS/HOLIDAY,DT33,DT34,5282.0
WEEKENDS/HOLIDAY,DT34,CG1,5804.0
WEEKENDS/HOLIDAY,DT34,DT33,5340.0
WEEKENDS/HOLIDAY,DT5,DT3,20434.0
WEEKENDS/HOLIDAY,DT5,DT6,26934.0
WEEKENDS/HOLIDAY,DT6,DT5,25109.0
WEEKENDS/HOLIDAY,DT6,DT7,28692.0
WEEKENDS/HOLIDAY,DT7,DT6,26807.0
WEEKENDS/HOLIDAY,DT7,DT8,29871.0
WEEKENDS/HOLIDAY,DT8,CC19,30626.0
WEEKENDS/HOLIDAY,DT8,DT7,28379.0
WEEKENDS/HOLIDAY,EW1,EW2,19301.0
WEEKENDS/HOLIDAY,EW10,EW11,76653.0
WEEKENDS/HOLIDAY,EW10,EW9,74709.0
WEEKENDS/HOLIDAY,EW11,EW10,76266.0
WEEKENDS/HOLIDAY,EW11,EW12,79349.0
WEEKENDS/HOLIDAY,EW12,CC4,27051.0
WEEKENDS/HOLIDAY,EW12,DT13,72196.0
WEEKENDS/HOLIDAY,EW12,EW11,79209.0
WEEKENDS/HOLIDAY,EW12,NS25,26721.0
WEEKENDS/HOLIDAY,EW15,EW16,25978.0
WEEKENDS/HOLIDAY,EW15,NS26,32444.0
WEEKENDS/HOLIDAY,EW16,EW15,28841.0
WEEKENDS/HOLIDAY,EW16,EW17,36208.0
WEEKENDS/HOLIDAY,EW16,NE1,24593.0
WEEKENDS/HOLIDAY,EW16,NE4,38604.0
WEEKENDS/HOLIDAY,EW17,EW16,37174.0
WEEKENDS/HOLIDAY,EW17,EW18,33454.0
WEEKENDS/HOLIDAY,EW18,EW17,35247.0
WEEKENDS/HOLIDAY,EW18,EW19,32838.0
WEEKENDS/HOLIDAY,EW19,EW18,34877.0
WEEKENDS/HOLIDAY,EW19,EW20,33264.0
WEEKENDS/HOLIDAY,EW2,EW1,18745.0
WEEKENDS/HOLIDAY,EW2,EW3,31968.0
WEEKENDS/HOLIDAY,EW20,EW19,35121.0
WEEKENDS/HOLIDAY,EW20,EW21,35140.0
WEEKENDS/HOLIDAY,EW21,CC21,59853.0
WEEKENDS/HOLIDAY,EW21,CC23,13271.0
WEEKENDS/HOLIDAY,EW21,EW20,36706.0
WEEKENDS/HOLIDAY,EW21,EW22,88382.0
WEEKENDS/HOLIDAY,EW22,EW21,90225.0
WEEKENDS/HOLIDAY,EW22,EW23,88316.0
WEEKENDS/HOLIDAY,EW23,EW22,90456.0
WEEKENDS/HOLIDAY,EW23,NS1,86706.0
WEEKENDS/HOLIDAY,EW25,EW26,63098.0
WEEKENDS/HOLIDAY,EW25,NS1,68470.0
WEEKENDS/HOLIDAY,EW26,EW25,66151.0
WEEKENDS/HOLIDAY,EW26,EW27,52016.0
WEEKENDS/HOLIDAY,EW27,EW26,52458.0
WEEKENDS/HOLIDAY,EW27,EW28,27918.0
WEEKENDS/HOLIDAY,EW28,EW27,31119.0
WEEKENDS/HOLIDAY,EW28,EW29,17000.0
WEEKENDS/HOLIDAY,EW29,EW28,16683.0
WEEKENDS/HOLIDAY,EW29,EW30,8428.0
WEEKENDS/HOLIDAY,EW3,EW2,31326.0
WEEKENDS/HOLIDAY,EW3,EW4,36122.0
WEEKENDS/HOLIDAY,EW30,EW29,8606.0
WEEKENDS/HOLIDAY,EW30,EW31,6892.0
WEEKENDS/HOLIDAY,EW31,EW30,6747.0
WEEKENDS/HOLIDAY,EW31,EW32,5169.0
WEEKENDS/HOLIDAY,EW32,EW31,4422.0
WEEKENDS/HOLIDAY,EW32,EW33,2630.0
WEEKENDS/HOLIDAY,EW33,EW32,2391.0
WEEKENDS/HOLIDAY,EW4,CG1,17351.0
WEEKENDS/HOLIDAY,EW4,EW3,35498.0
WEEKENDS/HOLIDAY,EW4,EW5,55571.0
WEEKENDS/HOLIDAY,EW5,EW4,52713.0
WEEKENDS/HOLIDAY,EW5,EW6,66003.0
WEEKENDS/HOLIDAY,EW6,EW5,63032.0
WEEKENDS/HOLIDAY,EW6,EW7,68177.0
WEEKENDS/HOLIDAY,EW7,EW6,65747.0
WEEKENDS/HOLIDAY,EW7,EW8,71872.0
WEEKENDS/HOLIDAY,EW8,CC10,38419.0
WEEKENDS/HOLIDAY,EW8,CC8,8842.0
WEEKENDS/HOLIDAY,EW8,EW7,70568.0
WEEKENDS/HOLIDAY,EW8,EW9,73929.0
WEEKENDS/HOLIDAY,EW9,EW10,75383.0
WEEKENDS/HOLIDAY,EW9,EW8,73180.0
WEEKENDS/HOLIDAY,NE1,CC28,8387.0
WEEKENDS/HOLIDAY,NE1,EW16,24753.0
WEEKENDS/HOLIDAY,NE10,NE11,83445.0
WEEKENDS/HOLIDAY,NE10,NE9,88491.0
WEEKENDS/HOLIDAY,NE11,NE10,87927.0
WEEKENDS/HOLIDAY,NE11,NE12,83252.0
WEEKENDS/HOLIDAY,NE12,CC12,36763.0
WEEKENDS/HOLIDAY,NE12,CC14,67532.0
WEEKENDS/HOLIDAY,NE12,NE11,87525.0
WEEKENDS/HOLIDAY,NE12,NE13,70531.0
WEEKENDS/HOLIDAY,NE13,NE12,74340.0
WEEKENDS/HOLIDAY,NE13,NE14,65717.0
WEEKENDS/HOLIDAY,NE14,NE13,69296.0
WEEKENDS/HOLIDAY,NE14,NE15,55743.0
WEEKENDS/HOLIDAY,NE15,NE14,58462.0
WEEKENDS/HOLIDAY,NE15,NE16,50456.0
WEEKENDS/HOLIDAY,NE16,NE15,52813.0
WEEKENDS/HOLIDAY,NE16,NE17,30215.0
WEEKENDS/HOLIDAY,NE16,SE1,6236.0
WEEKENDS/HOLIDAY,NE16,SE5,2886.0
WEEKENDS/HOLIDAY,NE16,SW1,3655.0
WEEKENDS/HOLIDAY,NE16,SW8,6282.0
WEEKENDS/HOLIDAY,NE17,NE16,31814.0
WEEKENDS/HOLIDAY,NE17,PE1,6216.0
WEEKENDS/HOLIDAY,NE17,PE7,6941.0
WEEKENDS/HOLIDAY,NE17,PW1,1343.0
WEEKENDS/HOLIDAY,NE17,PW7,3455.0
WEEKENDS/HOLIDAY,NE4,DT18,10124.0
WEEKENDS/HOLIDAY,NE4,DT20,13727.0
WEEKENDS/HOLIDAY,NE4,EW16,40046.0
WEEKENDS/HOLIDAY,NE4,NE5,41716.0
WEEKENDS/HOLIDAY,NE5,NE4,41668.0
WEEKENDS/HOLIDAY,NE5,NS24,44142.0
WEEKENDS/HOLIDAY,NE7,DT11,68440.0
WEEKENDS/HOLIDAY,NE7,DT13,77238.0
WEEKENDS/HOLIDAY,NE7,NE8,88166.0
WEEKENDS/HOLIDAY,NE7,NS24,95036.0
WEEKENDS/HOLIDAY,NE8,NE7,92360.0
WEEKENDS/HOLIDAY,NE8,NE9,85056.0
WEEKENDS/HOLIDAY,NE9,NE10,83862.0
WEEKENDS/HOLIDAY,NE9,NE8,91565.0
WEEKENDS/HOLIDAY,NS1,EW23,88761.0
WEEKENDS/HOLIDAY,NS1,EW25,65120.0
WEEKENDS/HOLIDAY,NS1,NS2,65409.0
WEEKENDS/HOLIDAY,NS10,NS11,56838.0
WEEKENDS/HOLIDAY,NS10,NS9,52021.0
WEEKENDS/HOLIDAY,NS11,NS10,54412.0
WEEKENDS/HOLIDAY,NS11,NS12,62665.0
WEEKENDS/HOLIDAY,NS12,NS11,59652.0
WEEKENDS/HOLIDAY,NS12,NS13,62665.0
WEEKENDS/HOLIDAY,NS13,NS12,59652.0
WEEKENDS/HOLIDAY,NS13,NS14,68397.0
WEEKENDS/HOLIDAY,NS14,NS13,66349.0
WEEKENDS/HOLIDAY,NS14,NS15,73812.0
WEEKENDS/HOLIDAY,NS15,NS14,69004.0
WEEKENDS/HOLIDAY,NS15,NS16,76718.0
WEEKENDS/HOLIDAY,NS16,NS15,70980.0
WEEKENDS/HOLIDAY,NS16,NS17,86114.0
WEEKENDS/HOLIDAY,NS17,CC14,67390.0
WEEKENDS/HOLIDAY,NS17,CC16,26797.0
WEEKENDS/HOLIDAY,NS17,NS16,83543.0
WEEKENDS/HOLIDAY,NS17,NS18,51389.0
WEEKENDS/HOLIDAY,NS18,NS17,48536.0
WEEKENDS/HOLIDAY,NS18,NS19,51643.0
WEEKENDS/HOLIDAY,NS19,NS18,48032.0
WEEKENDS/HOLIDAY,NS19,NS20,50980.0
WEEKENDS/HOLIDAY,NS2,NS1,66330.0
WEEKENDS/HOLIDAY,NS2,NS3,61397.0
WEEKENDS/HOLIDAY,NS20,NS19,48356.0
WEEKENDS/HOLIDAY,NS20,NS21,45572.0
WEEKENDS/HOLIDAY,NS21,NS20,42637.0
WEEKENDS/HOLIDAY,NS21,NS22,38787.0
WEEKENDS/HOLIDAY,NS22,NS21,37801.0
WEEKENDS/HOLIDAY,NS22,NS23,40259.0
WEEKENDS/HOLIDAY,NS23,NS22,42015.0
WEEKENDS/HOLIDAY,NS23,NS24,42963.0
WEEKENDS/HOLIDAY,NS24,CC2,7274.0
WEEKENDS/HOLIDAY,NS24,NE5,45387.0
WEEKENDS/HOLIDAY,NS24,NE7,91866.0
WEEKENDS/HOLIDAY,NS24,NS23,45862.0
WEEKENDS/HOLIDAY,NS24,NS25,22656.0
WEEKENDS/HOLIDAY,NS25,EW12,28252.0
WEEKENDS/HOLIDAY,NS25,NS24,22422.0
WEEKENDS/HOLIDAY,NS25,NS26,36753.0
WEEKENDS/HOLIDAY,NS26,EW15,30171.0
WEEKENDS/HOLIDAY,NS26,NS25,38054.0
WEEKENDS/HOLIDAY,NS26,NS27,3191.0
WEEKENDS/HOLIDAY,NS27,CE1,785.0
WEEKENDS/HOLIDAY,NS27,NS26,2522.0
WEEKENDS/HOLIDAY,NS27,NS28,1306.0
WEEKENDS/HOLIDAY,NS28,NS27,1560.0
WEEKENDS/HOLIDAY,NS3,NS2,63041.0
WEEKENDS/HOLIDAY,NS3,NS4,57314.0
WEEKENDS/HOLIDAY,NS4,BP2,8692.0
WEEKENDS/HOLIDAY,NS4,NS3,58361.0
WEEKENDS/HOLIDAY,NS4,NS5,50698.0
WEEKENDS/HOLIDAY,NS5,NS4,52680.0
WEEKENDS/HOLIDAY,NS5,NS7,44320.0
WEEKENDS/HOLIDAY,NS7,NS5,45827.0
WEEKENDS/HOLIDAY,NS7,NS8,43641.0
WEEKENDS/HOLIDAY,NS8,NS7,43423.0
WEEKENDS/HOLIDAY,NS8,NS9,47995.0
WEEKENDS/HOLIDAY,NS9,NS10,50228.0
WEEKENDS/HOLIDAY,NS9,NS8,44470.0
WEEKENDS/HOLIDAY,PE1,NE17,6568.0
WEEKENDS/HOLIDAY,PE1,PE2,5160.0
WEEKENDS/HOLIDAY,PE2,PE1,5396.0
WEEKENDS/HOLIDAY,PE2,PE3,3563.0
WEEKENDS/HOLIDAY,PE3,PE2,3614.0
WEEKENDS/HOLIDAY,PE3,PE4,1495.0
WEEKENDS/HOLIDAY,PE4,PE3,1548.0
WEEKENDS/HOLIDAY,PE4,PE5,2293.0
WEEKENDS/HOLIDAY,PE5,PE4,2379.0
WEEKENDS/HOLIDAY,PE5,PE6,4380.0
WEEKENDS/HOLIDAY,PE6,PE5,4219.0
WEEKENDS/HOLIDAY,PE6,PE7,6100.0
WEEKENDS/HOLIDAY,PE7,NE17,7555.0
WEEKENDS/HOLIDAY,PE7,PE6,5722.0
WEEKENDS/HOLIDAY,PW1,NE17,1331.0
WEEKENDS/HOLIDAY,PW1,PW3,610.0
WEEKENDS/HOLIDAY,PW3,PW1,616.0
WEEKENDS/HOLIDAY,PW3,PW4,299.0
WEEKENDS/HOLIDAY,PW4,PW3,307.0
WEEKENDS/HOLIDAY,PW4,PW5,83.0
WEEKENDS/HOLIDAY,PW5,PW4,106.0
WEEKENDS/HOLIDAY,PW5,PW6,2351.0
WEEKENDS/HOLIDAY,PW6,PW5,2404.0
WEEKENDS/HOLIDAY,PW6,PW7,2899.0
WEEKENDS/HOLIDAY,PW7,NE17,3307.0
WEEKENDS/HOLIDAY,PW7,PW6,2850.0
WEEKENDS/HOLIDAY,SE1,NE16,6794.0
WEEKENDS/HOLIDAY,SE1,SE2,4633.0
WEEKENDS/HOLIDAY,SE2,SE1,5128.0
WEEKENDS/HOLIDAY,SE2,SE3,2365.0
WEEKENDS/HOLIDAY,SE3,SE2,2611.0
WEEKENDS/HOLIDAY,SE3,SE4,873.0
WEEKENDS/HOLIDAY,SE4,SE3,1008.0
WEEKENDS/HOLIDAY,SE4,SE5,1937.0
WEEKENDS/HOLIDAY,SE5,NE16,2898.0
WEEKENDS/HOLIDAY,SE5,SE4,1913.0
WEEKENDS/HOLIDAY,SW1,NE16,3881.0
WEEKENDS/HOLIDAY,SW1,SW2,3310.0
WEEKENDS/HOLIDAY,SW2,SW1,3523.0
WEEKENDS/HOLIDAY,SW2,SW3,2147.0
WEEKENDS/HOLIDAY,SW3,SW2,2229.0
WEEKENDS/HOLIDAY,SW3,SW4,1565.0
WEEKENDS/HOLIDAY,SW4,SW3,1586.0
WEEKENDS/HOLIDAY,SW4,SW5,1173.0
WEEKENDS/HOLIDAY,SW5,SW4,1236.0
WEEKENDS/HOLIDAY,SW5,SW6,4409.0
WEEKENDS/HOLIDAY,SW6,SW5,4213.0
WEEKENDS/HOLIDAY,SW6,SW7,5714.0
WEEKENDS/HOLIDAY,SW7,SW6,5376.0
WEEKENDS/HOLIDAY,SW7,SW8,6500.0
WEEKENDS/HOLIDAY,SW8,NE16,6848.0
WEEKENDS/HOLIDAY,SW8,SW7,5973.0
