DAY_TYPE,ORIGIN_PT_CODE,DESTINATION_PT_CODE,TOTAL_TRIPS
WEEKDAY,BP10,BP11,2843.0
WEEKDAY,BP10,BP9,701.0
WEEKDAY,BP11,BP10,488.0
WEEKDAY,BP11,BP12,4847.0
WEEKDAY,BP12,BP11,2033.0
WEEKDAY,BP12,BP13,6433.0
WEEKDAY,BP13,BP12,3153.0
WEEKDAY,BP13,DT1,7227.0
WEEKDAY,BP2,BP3,13327.0
WEEKDAY,BP2,NS4,13646.0
WEEKDAY,BP3,BP2,13596.0
WEEKDAY,BP3,BP4,13312.0
WEEKDAY,BP4,BP3,13162.0
WEEKDAY,BP4,BP5,13147.0
WEEKDAY,BP5,BP4,12870.0
WEEKDAY,BP5,DT1,13742.0
WEEKDAY,BP7,BP8,4688.0
WEEKDAY,BP7,DT1,2900.0
WEEKDAY,BP8,BP7,2427.0
WEEKDAY,BP8,BP9,4304.0
WEEKDAY,BP9,BP10,3272.0
WEEKDAY,BP9,BP8,1864.0
WEEKDAY,CC10,CC11,28236.0
WEEKDAY,CC10,DT25,29449.0
WEEKDAY,CC10,DT27,44581.0
WEEKDAY,CC10,EW8,42542.0
WEEKDAY,CC11,CC10,29741.0
WEEKDAY,CC11,CC12,30336.0
WEEKDAY,CC12,CC11,32305.0
WEEKDAY,CC12,NE12,31313.0
WEEKDAY,CC14,NE12,37866.0
WEEKDAY,CC14,NS17,36944.0
WEEKDAY,CC16,CC17,26148.0
WEEKDAY,CC16,NS17,24515.0
WEEKDAY,CC17,CC16,24162.0
WEEKDAY,CC17,CC19,27086.0
WEEKDAY,CC19,CC17,25044.0
WEEKDAY,CC19,CC20,51427.0
WEEKDAY,CC19,DT10,51147.0
WEEKDAY,CC19,DT8,27653.0
WEEKDAY,CC2,CC3,2522.0
WEEKDAY,CC2,NS24,3296.0
WEEKDAY,CC20,CC19,50836.0
WEEKDAY,CC20,CC21,51023.0
WEEKDAY,CC21,CC20,50513.0
WEEKDAY,CC21,EW21,50206.0
WEEKDAY,CC23,CC24,15506.0
WEEKDAY,CC23,EW21,18593.0
WEEKDAY,CC24,CC23,15253.0
WEEKDAY,CC24,CC25,9243.0
WEEKDAY,CC25,CC24,8745.0
WEEKDAY,CC25,CC26,7927.0
WEEKDAY,CC26,CC25,7345.0
WEEKDAY,CC26,CC27,7254.0
WEEKDAY,CC27,CC26,6911.0
WEEKDAY,CC27,CC28,7177.0
WEEKDAY,CC28,CC27,6971.0
WEEKDAY,CC28,NE1,7632.0
WEEKDAY,CC3,CC2,2648.0
WEEKDAY,CC3,CC4,2078.0
WEEKDAY,CC4,CC3,2073.0
WEEKDAY,CC4,CC5,9117.0
WEEKDAY,CC4,CE1,12852.0
WEEKDAY,CC4,EW12,13009.0
WEEKDAY,CC5,CC4,9106.0
WEEKDAY,CC5,CC6,8525.0
WEEKDAY,CC6,CC5,8615.0
WEEKDAY,CC6,CC7,9101.0
WEEKDAY,CC7,CC6,9252.0
WEEKDAY,CC7,CC8,9923.0
WEEKDAY,CC8,CC7,10145.0
WEEKDAY,CC8,EW8,11394.0
WEEKDAY,CE1,CC4,12517.0
WEEKDAY,CE1,DT17,7450.0
WEEKDAY,CE1,NS27,516.0
WEEKDAY,CG1,CG2,4315.0
WEEKDAY,CG1,DT34,4051.0
WEEKDAY,CG1,EW4,6771.0
WEEKDAY,CG2,CG1,4232.0
WEEKDAY,DT1,BP13,3542.0
WEEKDAY,DT1,BP5,13035.0
WEEKDAY,DT1,BP7,5180.0
WEEKDAY,DT1,DT2,19083.0
WEEKDAY,DT10,CC19,48765.0
WEEKDAY,DT10,NS21,52371.0
WEEKDAY,DT13,EW12,51071.0
WEEKDAY,DT13,NE7,51544.0
WEEKDAY,DT17,CE1,7359.0
WEEKDAY,DT17,DT18,4958.0
WEEKDAY,DT18,DT17,4866.0
WEEKDAY,DT18,NE4,8992.0
WEEKDAY,DT2,DT1,18598.0
WEEKDAY,DT2,DT3,19867.0
WEEKDAY,DT20,DT21,24298.0
WEEKDAY,DT20,NE4,24549.0
WEEKDAY,DT21,DT20,24619.0
WEEKDAY,DT21,DT22,25722.0
WEEKDAY,DT22,DT21,25807.0
WEEKDAY,DT22,DT23,26888.0
WEEKDAY,DT23,DT22,27265.0
WEEKDAY,DT23,DT24,27691.0
WEEKDAY,DT24,DT23,28078.0
WEEKDAY,DT24,DT25,28404.0
WEEKDAY,DT25,CC10,28932.0
WEEKDAY,DT25,DT24,28767.0
WEEKDAY,DT27,CC10,44419.0
WEEKDAY,DT27,DT28,43164.0
WEEKDAY,DT28,DT27,42977.0
WEEKDAY,DT28,DT29,41147.0
WEEKDAY,DT29,DT28,40810.0
WEEKDAY,DT29,DT30,39974.0
WEEKDAY,DT3,DT2,19041.0
WEEKDAY,DT3,DT5,22820.0
WEEKDAY,DT30,DT29,39274.0
WEEKDAY,DT30,DT31,38033.0
WEEKDAY,DT31,DT30,37310.0
WEEKDAY,DT31,EW2,36160.0
WEEKDAY,DT33,DT34,4671.0
WEEKDAY,DT33,EW2,12152.0
WEEKDAY,DT34,CG1,4591.0
WEEKDAY,DT34,DT33,4310.0
WEEKDAY,DT5,DT3,21479.0
WEEKDAY,DT5,DT6,25863.0
WEEKDAY,DT6,DT5,24753.0
WEEKDAY,DT6,DT7,27182.0
WEEKDAY,DT7,DT6,26015.0
WEEKDAY,DT7,DT8,27879.0
WEEKDAY,DT8,CC19,28902.0
WEEKDAY,DT8,DT7,26848.0
WEEKDAY,EW1,EW2,18581.0
WEEKDAY,EW10,EW11,41477.0
WEEKDAY,EW10,EW9,41077.0
WEEKDAY,EW11,EW10,41589.0
WEEKDAY,EW11,EW12,45195.0
WEEKDAY,EW12,CC4,13646.0
WEEKDAY,EW12,DT13,49266.0
WEEKDAY,EW12,EW11,45278.0
WEEKDAY,EW12,NS25,14086.0
WEEKDAY,EW15,EW16,15455.0
WEEKDAY,EW15,NS26,18915.0
WEEKDAY,EW16,EW15,16757.0
WEEKDAY,EW16,EW17,34914.0
WEEKDAY,EW16,NE1,18396.0
WEEKDAY,EW16,NE4,46147.0
WEEKDAY,EW17,EW16,35112.0
WEEKDAY,EW17,EW18,32639.0
WEEKDAY,EW18,EW17,33605.0
WEEKDAY,EW18,EW19,32542.0
WEEKDAY,EW19,EW18,33965.0
WEEKDAY,EW19,EW20,34200.0
WEEKDAY,EW2,DT31,35875.0
WEEKDAY,EW2,DT33,12082.0
WEEKDAY,EW2,EW1,17874.0
WEEKDAY,EW2,EW3,10293.0
WEEKDAY,EW20,EW19,35300.0
WEEKDAY,EW20,EW21,37515.0
WEEKDAY,EW21,CC21,50099.0
WEEKDAY,EW21,CC23,18870.0
WEEKDAY,EW21,EW20,38185.0
WEEKDAY,EW21,EW22,77220.0
WEEKDAY,EW22,EW21,77197.0
WEEKDAY,EW22,EW23,77522.0
WEEKDAY,EW23,EW22,77559.0
WEEKDAY,EW23,NS1,76752.0
WEEKDAY,EW25,EW26,61302.0
WEEKDAY,EW25,NS1,65728.0
WEEKDAY,EW26,EW25,63920.0
WEEKDAY,EW26,EW27,51507.0
WEEKDAY,EW27,EW26,51678.0
WEEKDAY,EW27,EW28,27815.0
WEEKDAY,EW28,EW27,32247.0
WEEKDAY,EW28,EW29,18769.0
WEEKDAY,EW29,EW28,19126.0
WEEKDAY,EW29,EW30,7977.0
WEEKDAY,EW3,EW2,10496.0
WEEKDAY,EW3,EW4,14279.0
WEEKDAY,EW30,EW29,8820.0
WEEKDAY,EW30,EW31,5762.0
WEEKDAY,EW31,EW30,6362.0
WEEKDAY,EW31,EW32,3623.0
WEEKDAY,EW32,EW31,3849.0
WEEKDAY,EW32,EW33,1327.0
WEEKDAY,EW33,EW32,1423.0
WEEKDAY,EW4,CG1,6333.0
WEEKDAY,EW4,EW3,14376.0
WEEKDAY,EW4,EW5,23534.0
WEEKDAY,EW5,EW4,22119.0
WEEKDAY,EW5,EW6,33038.0
WEEKDAY,EW6,EW5,31533.0
WEEKDAY,EW6,EW7,34716.0
WEEKDAY,EW7,EW6,34295.0
WEEKDAY,EW7,EW8,37625.0
WEEKDAY,EW8,CC10,41380.0
WEEKDAY,EW8,CC8,11108.0
WEEKDAY,EW8,EW7,38629.0
WEEKDAY,EW8,EW9,39792.0
WEEKDAY,EW9,EW10,41035.0
WEEKDAY,EW9,EW8,40112.0
WEEKDAY,NE1,CC28,7358.0
WEEKDAY,NE1,EW16,17858.0
WEEKDAY,NE10,NE11,54100.0
WEEKDAY,NE10,NE9,55637.0
WEEKDAY,NE11,NE10,56177.0
WEEKDAY,NE11,NE12,54460.0
WEEKDAY,NE12,CC12,32965.0
WEEKDAY,NE12,CC14,37038.0
WEEKDAY,NE12,NE11,56307.0
WEEKDAY,NE12,NE13,68353.0
WEEKDAY,NE13,NE12,69911.0
WEEKDAY,NE13,NE14,64279.0
WEEKDAY,NE14,NE13,65983.0
WEEKDAY,NE14,NE15,54529.0
WEEKDAY,NE15,NE14,55845.0
WEEKDAY,NE15,NE16,48994.0
WEEKDAY,NE16,NE15,50176.0
WEEKDAY,NE16,NE17,27466.0
WEEKDAY,NE16,SE1,5977.0
WEEKDAY,NE16,SE5,2937.0
WEEKDAY,NE16,SW1,3783.0
WEEKDAY,NE16,SW8,6485.0
WEEKDAY,NE17,NE16,28377.0
WEEKDAY,NE17,PE1,6179.0
WEEKDAY,NE17,PE7,7003.0
WEEKDAY,NE17,PW1,636.0
WEEKDAY,NE17,PW7,2544.0
WEEKDAY,NE4,DT18,9370.0
WEEKDAY,NE4,DT20,24403.0
WEEKDAY,NE4,EW16,47111.0
WEEKDAY,NE4,NE5,39356.0
WEEKDAY,NE5,NE4,40449.0
WEEKDAY,NE5,NS24,42225.0
WEEKDAY,NE7,DT13,53649.0
WEEKDAY,NE7,NE8,54941.0
WEEKDAY,NE7,NS21,77133.0
WEEKDAY,NE7,NS24,87417.0
WEEKDAY,NE8,NE7,56830.0
WEEKDAY,NE8,NE9,53970.0
WEEKDAY,NE9,NE10,53810.0
WEEKDAY,NE9,NE8,57440.0
WEEKDAY,NS1,EW23,77398.0
WEEKDAY,NS1,EW25,62502.0
WEEKDAY,NS1,NS2,62788.0
WEEKDAY,NS10,NS11,56237.0
WEEKDAY,NS10,NS9,51356.0
WEEKDAY,NS11,NS10,55276.0
WEEKDAY,NS11,NS12,62960.0
WEEKDAY,NS12,NS11,62249.0
WEEKDAY,NS12,NS13,65385.0
WEEKDAY,NS13,NS12,63864.0
WEEKDAY,NS13,NS14,71208.0
WEEKDAY,NS14,NS13,71619.0
WEEKDAY,NS14,NS15,76772.0
WEEKDAY,NS15,NS14,75198.0
WEEKDAY,NS15,NS16,78096.0
WEEKDAY,NS16,NS15,75612.0
WEEKDAY,NS16,NS17,85578.0
WEEKDAY,NS17,CC14,37668.0
WEEKDAY,NS17,CC16,26530.0
WEEKDAY,NS17,NS16,85575.0
WEEKDAY,NS17,NS18,67485.0
WEEKDAY,NS18,NS17,65453.0
WEEKDAY,NS18,NS19,69239.0
WEEKDAY,NS19,NS18,66300.0
WEEKDAY,NS19,NS20,70388.0
WEEKDAY,NS2,NS1,62295.0
WEEKDAY,NS2,NS3,58189.0
WEEKDAY,NS20,NS19,68950.0
WEEKDAY,NS20,NS21,64892.0
WEEKDAY,NS21,DT10,49360.0
WEEKDAY,NS21,NE7,80590.0
WEEKDAY,NS21,NS20,63059.0
WEEKDAY,NS21,NS22,24186.0
WEEKDAY,NS22,NS21,23659.0
WEEKDAY,NS22,NS23,18658.0
WEEKDAY,NS23,NS22,20149.0
WEEKDAY,NS23,NS24,17136.0
WEEKDAY,NS24,CC2,3190.0
WEEKDAY,NS24,NE5,43296.0
WEEKDAY,NS24,NE7,84728.0
WEEKDAY,NS24,NS23,20065.0
WEEKDAY,NS24,NS25,25227.0
WEEKDAY,NS25,EW12,14549.0
WEEKDAY,NS25,NS24,25186.0
WEEKDAY,NS25,NS26,27068.0
WEEKDAY,NS26,EW15,18532.0
WEEKDAY,NS26,NS25,28044.0
WEEKDAY,NS26,NS27,1667.0
WEEKDAY,NS27,CE1,607.0
WEEKDAY,NS27,NS26,1716.0
WEEKDAY,NS27,NS28,560.0
WEEKDAY,NS28,NS27,646.0
WEEKDAY,NS3,NS2,58682.0
WEEKDAY,NS3,NS4,53620.0
WEEKDAY,NS4,BP2,12847.0
WEEKDAY,NS4,NS3,53733.0
WEEKDAY,NS4,NS5,49615.0
WEEKDAY,NS5,NS4,50760.0
WEEKDAY,NS5,NS7,41888.0
WEEKDAY,NS7,NS5,42169.0
WEEKDAY,NS7,NS8,42276.0
WEEKDAY,NS8,NS7,42872.0
WEEKDAY,NS8,NS9,47277.0
WEEKDAY,NS9,NS10,48161.0
WEEKDAY,NS9,NS8,44709.0
WEEKDAY,NS9,TE1,745.0
WEEKDAY,NS9,TE3,1532.0
WEEKDAY,PE1,NE17,6262.0
WEEKDAY,PE1,PE2,5221.0
WEEKDAY,PE2,PE1,5297.0
WEEKDAY,PE2,PE3,3642.0
WEEKDAY,PE3,PE2,3581.0
WEEKDAY,PE3,PE4,1720.0
WEEKDAY,PE4,PE3,1717.0
WEEKDAY,PE4,PE5,2401.0
WEEKDAY,PE5,PE4,2400.0
WEEKDAY,PE5,PE6,4315.0
WEEKDAY,PE6,PE5,4190.0
WEEKDAY,PE6,PE7,5932.0
WEEKDAY,PE7,NE17,7303.0
WEEKDAY,PE7,PE6,5712.0
WEEKDAY,PW1,NE17,623.0
WEEKDAY,PW1,PW3,308.0
WEEKDAY,PW3,PW1,304.0
WEEKDAY,PW3,PW4,193.0
WEEKDAY,PW4,PW3,214.0
WEEKDAY,PW4,PW5,85.0
WEEKDAY,PW5,PW4,119.0
WEEKDAY,PW5,PW6,1466.0
WEEKDAY,PW6,PW5,1397.0
WEEKDAY,PW6,PW7,2065.0
WEEKDAY,PW7,NE17,2432.0
WEEKDAY,PW7,PW6,1955.0
WEEKDAY,SE1,NE16,6524.0
WEEKDAY,SE1,SE2,4285.0
WEEKDAY,SE2,SE1,4769.0
WEEKDAY,SE2,SE3,2192.0
WEEKDAY,SE3,SE2,2456.0
WEEKDAY,SE3,SE4,781.0
WEEKDAY,SE4,SE3,924.0
WEEKDAY,SE4,SE5,1825.0
WEEKDAY,SE5,NE16,2854.0
WEEKDAY,SE5,SE4,1852.0
WEEKDAY,SW1,NE16,3875.0
WEEKDAY,SW1,SW2,3129.0
WEEKDAY,SW2,SW1,3343.0
WEEKDAY,SW2,SW3,2257.0
WEEKDAY,SW3,SW2,2291.0
WEEKDAY,SW3,SW4,1518.0
WEEKDAY,SW4,SW3,1507.0
WEEKDAY,SW4,SW5,1143.0
WEEKDAY,SW5,SW4,1170.0
WEEKDAY,SW5,SW6,4344.0
WEEKDAY,SW6,SW5,3946.0
WEEKDAY,SW6,SW7,5801.0
WEEKDAY,SW7,SW6,5322.0
WEEKDAY,SW7,SW8,6682.0
WEEKDAY,SW8,NE16,7133.0
WEEKDAY,SW8,SW7,6049.0
WEEKDAY,TE1,NS9,792.0
WEEKDAY,TE3,NS9,1998.0
WEEKENDS/HOLIDAY,BP10,BP11,2126.0
WEEKENDS/HOLIDAY,BP10,BP9,138.0
WEEKENDS/HOLIDAY,BP11,BP10,105.0
WEEKENDS/HOLIDAY,BP11,BP12,3510.0
WEEKENDS/HOLIDAY,BP12,BP11,1189.0
WEEKENDS/HOLIDAY,BP12,BP13,4280.0
WEEKENDS/HOLIDAY,BP13,BP12,1744.0
WEEKENDS/HOLIDAY,BP13,DT1,4849.0
WEEKENDS/HOLIDAY,BP2,BP3,9752.0
WEEKENDS/HOLIDAY,BP2,NS4,9856.0
WEEKENDS/HOLIDAY,BP3,BP2,9932.0
WEEKENDS/HOLIDAY,BP3,BP4,9839.0
WEEKENDS/HOLIDAY,BP4,BP3,9619.0
WEEKENDS/HOLIDAY,BP4,BP5,9991.0
WEEKENDS/HOLIDAY,BP5,BP4,9669.0
WEEKENDS/HOLIDAY,BP5,DT1,10389.0
WEEKENDS/HOLIDAY,BP7,BP8,3356.0
WEEKENDS/HOLIDAY,BP7,DT1,1669.0
WEEKENDS/HOLIDAY,BP8,BP7,1529.0
WEEKENDS/HOLIDAY,BP8,BP9,2973.0
WEEKENDS/HOLIDAY,BP9,BP10,2447.0
WEEKENDS/HOLIDAY,BP9,BP8,1036.0
WEEKENDS/HOLIDAY,CC10,CC11,18740.0
WEEKENDS/HOLIDAY,CC10,DT25,19612.0
WEEKENDS/HOLIDAY,CC10,DT27,30504.0
WEEKENDS/HOLIDAY,CC10,EW8,35400.0
WEEKENDS/HOLIDAY,CC11,CC10,20191.0
WEEKENDS/HOLIDAY,CC11,CC12,19171.0
WEEKENDS/HOLIDAY,CC12,CC11,20741.0
WEEKENDS/HOLIDAY,CC12,NE12,19360.0
WEEKENDS/HOLIDAY,CC14,NE12,22967.0
WEEKENDS/HOLIDAY,CC14,NS17,22496.0
WEEKENDS/HOLIDAY,CC16,CC17,14447.0
WEEKENDS/HOLIDAY,CC16,NS17,13060.0
WEEKENDS/HOLIDAY,CC17,CC16,13017.0
WEEKENDS/HOLIDAY,CC17,CC19,14931.0
WEEKENDS/HOLIDAY,CC19,CC17,13631.0
WEEKENDS/HOLIDAY,CC19,CC20,35884.0
WEEKENDS/HOLIDAY,CC19,DT10,43806.0
WEEKENDS/HOLIDAY,CC19,DT8,20539.0
WEEKENDS/HOLIDAY,CC2,CC3,2988.0
WEEKENDS/HOLIDAY,CC2,NS24,3500.0
WEEKENDS/HOLIDAY,CC20,CC19,36192.0
WEEKENDS/HOLIDAY,CC20,CC21,35651.0
WEEKENDS/HOLIDAY,CC21,CC20,36050.0
WEEKENDS/HOLIDAY,CC21,EW21,34873.0
WEEKENDS/HOLIDAY,CC23,CC24,8195.0
WEEKENDS/HOLIDAY,CC23,EW21,8958.0
WEEKENDS/HOLIDAY,CC24,CC23,8075.0
WEEKENDS/HOLIDAY,CC24,CC25,6531.0
WEEKENDS/HOLIDAY,CC25,CC24,6426.0
WEEKENDS/HOLIDAY,CC25,CC26,6122.0
WEEKENDS/HOLIDAY,CC26,CC25,5829.0
WEEKENDS/HOLIDAY,CC26,CC27,5989.0
WEEKENDS/HOLIDAY,CC27,CC26,5793.0
WEEKENDS/HOLIDAY,CC27,CC28,5910.0
WEEKENDS/HOLIDAY,CC28,CC27,5882.0
WEEKENDS/HOLIDAY,CC28,NE1,6510.0
WEEKENDS/HOLIDAY,CC3,CC2,3089.0
WEEKENDS/HOLIDAY,CC3,CC4,2683.0
WEEKENDS/HOLIDAY,CC4,CC3,2508.0
WEEKENDS/HOLIDAY,CC4,CC5,8204.0
WEEKENDS/HOLIDAY,CC4,CE1,11327.0
WEEKENDS/HOLIDAY,CC4,EW12,11677.0
WEEKENDS/HOLIDAY,CC5,CC4,8173.0
WEEKENDS/HOLIDAY,CC5,CC6,7723.0
WEEKENDS/HOLIDAY,CC6,CC5,7825.0
WEEKENDS/HOLIDAY,CC6,CC7,8502.0
WEEKENDS/HOLIDAY,CC7,CC6,8518.0
WEEKENDS/HOLIDAY,CC7,CC8,8306.0
WEEKENDS/HOLIDAY,CC8,CC7,8681.0
WEEKENDS/HOLIDAY,CC8,EW8,8694.0
WEEKENDS/HOLIDAY,CE1,CC4,11358.0
WEEKENDS/HOLIDAY,CE1,DT17,4935.0
WEEKENDS/HOLIDAY,CE1,NS27,570.0
WEEKENDS/HOLIDAY,CG1,CG2,5228.0
WEEKENDS/HOLIDAY,CG1,DT34,3464.0
WEEKENDS/HOLIDAY,CG1,EW4,5901.0
WEEKENDS/HOLIDAY,CG2,CG1,4966.0
WEEKENDS/HOLIDAY,DT1,BP13,2024.0
WEEKENDS/HOLIDAY,DT1,BP5,9769.0
WEEKENDS/HOLIDAY,DT1,BP7,3671.0
WEEKENDS/HOLIDAY,DT1,DT2,14908.0
WEEKENDS/HOLIDAY,DT10,CC19,41282.0
WEEKENDS/HOLIDAY,DT10,NS21,44694.0
WEEKENDS/HOLIDAY,DT13,EW12,46807.0
WEEKENDS/HOLIDAY,DT13,NE7,47047.0
WEEKENDS/HOLIDAY,DT17,CE1,4882.0
WEEKENDS/HOLIDAY,DT17,DT18,4310.0
WEEKENDS/HOLIDAY,DT18,DT17,4234.0
WEEKENDS/HOLIDAY,DT18,NE4,5541.0
WEEKENDS/HOLIDAY,DT2,DT1,14013.0
WEEKENDS/HOLIDAY,DT2,DT3,15309.0
WEEKENDS/HOLIDAY,DT20,DT21,16193.0
WEEKENDS/HOLIDAY,DT20,NE4,16600.0
WEEKENDS/HOLIDAY,DT21,DT20,16594.0
WEEKENDS/HOLIDAY,DT21,DT22,17242.0
WEEKENDS/HOLIDAY,DT22,DT21,17504.0
WEEKENDS/HOLIDAY,DT22,DT23,18254.0
WEEKENDS/HOLIDAY,DT23,DT22,18945.0
WEEKENDS/HOLIDAY,DT23,DT24,18508.0
WEEKENDS/HOLIDAY,DT24,DT23,19213.0
WEEKENDS/HOLIDAY,DT24,DT25,18726.0
WEEKENDS/HOLIDAY,DT25,CC10,18864.0
WEEKENDS/HOLIDAY,DT25,DT24,19445.0
WEEKENDS/HOLIDAY,DT27,CC10,31624.0
WEEKENDS/HOLIDAY,DT27,DT28,29611.0
WEEKENDS/HOLIDAY,DT28,DT27,30679.0
WEEKENDS/HOLIDAY,DT28,DT29,28566.0
WEEKENDS/HOLIDAY,DT29,DT28,29441.0
WEEKENDS/HOLIDAY,DT29,DT30,27859.0
WEEKENDS/HOLIDAY,DT3,DT2,14327.0
WEEKENDS/HOLIDAY,DT3,DT5,17635.0
WEEKENDS/HOLIDAY,DT30,DT29,28490.0
WEEKENDS/HOLIDAY,DT30,DT31,26852.0
WEEKENDS/HOLIDAY,DT31,DT30,27338.0
WEEKENDS/HOLIDAY,DT31,EW2,26159.0
WEEKENDS/HOLIDAY,DT33,DT34,3772.0
WEEKENDS/HOLIDAY,DT33,EW2,8670.0
WEEKENDS/HOLIDAY,DT34,CG1,3840.0
WEEKENDS/HOLIDAY,DT34,DT33,3491.0
WEEKENDS/HOLIDAY,DT5,DT3,16065.0
WEEKENDS/HOLIDAY,DT5,DT6,20178.0
WEEKENDS/HOLIDAY,DT6,DT5,18548.0
WEEKENDS/HOLIDAY,DT6,DT7,21122.0
WEEKENDS/HOLIDAY,DT7,DT6,19420.0
WEEKENDS/HOLIDAY,DT7,DT8,21620.0
WEEKENDS/HOLIDAY,DT8,CC19,22002.0
WEEKENDS/HOLIDAY,DT8,DT7,20136.0
WEEKENDS/HOLIDAY,EW1,EW2,14567.0
WEEKENDS/HOLIDAY,EW10,EW11,36519.0
WEEKENDS/HOLIDAY,EW10,EW9,35558.0
WEEKENDS/HOLIDAY,EW11,EW10,36209.0
WEEKENDS/HOLIDAY,EW11,EW12,38782.0
WEEKENDS/HOLIDAY,EW12,CC4,11930.0
WEEKENDS/HOLIDAY,EW12,DT13,45096.0
WEEKENDS/HOLIDAY,EW12,EW11,38572.0
WEEKENDS/HOLIDAY,EW12,NS25,10869.0
WEEKENDS/HOLIDAY,EW15,EW16,9192.0
WEEKENDS/HOLIDAY,EW15,NS26,11769.0
WEEKENDS/HOLIDAY,EW16,EW15,10218.0
WEEKENDS/HOLIDAY,EW16,EW17,23659.0
WEEKENDS/HOLIDAY,EW16,NE1,19231.0
WEEKENDS/HOLIDAY,EW16,NE4,36182.0
WEEKENDS/HOLIDAY,EW17,EW16,23890.0
WEEKENDS/HOLIDAY,EW17,EW18,21687.0
WEEKENDS/HOLIDAY,EW18,EW17,22517.0
WEEKENDS/HOLIDAY,EW18,EW19,21171.0
WEEKENDS/HOLIDAY,EW19,EW18,22240.0
WEEKENDS/HOLIDAY,EW19,EW20,21722.0
WEEKENDS/HOLIDAY,EW2,DT31,26844.0
WEEKENDS/HOLIDAY,EW2,DT33,8493.0
WEEKENDS/HOLIDAY,EW2,EW1,13728.0
WEEKENDS/HOLIDAY,EW2,EW3,8306.0
WEEKENDS/HOLIDAY,EW20,EW19,22871.0
WEEKENDS/HOLIDAY,EW20,EW21,23757.0
WEEKENDS/HOLIDAY,EW21,CC21,35466.0
WEEKENDS/HOLIDAY,EW21,CC23,9099.0
WEEKENDS/HOLIDAY,EW21,EW20,24614.0
WEEKENDS/HOLIDAY,EW21,EW22,53788.0
WEEKENDS/HOLIDAY,EW22,EW21,55223.0
WEEKENDS/HOLIDAY,EW22,EW23,53791.0
WEEKENDS/HOLIDAY,EW23,EW22,55461.0
WEEKENDS/HOLIDAY,EW23,NS1,53437.0
WEEKENDS/HOLIDAY,EW25,EW26,41587.0
WEEKENDS/HOLIDAY,EW25,NS1,45732.0
WEEKENDS/HOLIDAY,EW26,EW25,44207.0
WEEKENDS/HOLIDAY,EW26,EW27,32793.0
WEEKENDS/HOLIDAY,EW27,EW26,33618.0
WEEKENDS/HOLIDAY,EW27,EW28,14954.0
WEEKENDS/HOLIDAY,EW28,EW27,17719.0
WEEKENDS/HOLIDAY,EW28,EW29,7865.0
WEEKENDS/HOLIDAY,EW29,EW28,8036.0
WEEKENDS/HOLIDAY,EW29,EW30,2961.0
WEEKENDS/HOLIDAY,EW3,EW2,8037.0
WEEKENDS/HOLIDAY,EW3,EW4,11187.0
WEEKENDS/HOLIDAY,EW30,EW29,3363.0
WEEKENDS/HOLIDAY,EW30,EW31,2245.0
WEEKENDS/HOLIDAY,EW31,EW30,2543.0
WEEKENDS/HOLIDAY,EW31,EW32,1457.0
WEEKENDS/HOLIDAY,EW32,EW31,1561.0
WEEKENDS/HOLIDAY,EW32,EW33,629.0
WEEKENDS/HOLIDAY,EW33,EW32,653.0
WEEKENDS/HOLIDAY,EW4,CG1,5921.0
WEEKENDS/HOLIDAY,EW4,EW3,10735.0
WEEKENDS/HOLIDAY,EW4,EW5,18284.0
WEEKENDS/HOLIDAY,EW5,EW4,17324.0
WEEKENDS/HOLIDAY,EW5,EW6,26014.0
WEEKENDS/HOLIDAY,EW6,EW5,24944.0
WEEKENDS/HOLIDAY,EW6,EW7,27281.0
WEEKENDS/HOLIDAY,EW7,EW6,26916.0
WEEKENDS/HOLIDAY,EW7,EW8,29842.0
WEEKENDS/HOLIDAY,EW8,CC10,33256.0
WEEKENDS/HOLIDAY,EW8,CC8,9080.0
WEEKENDS/HOLIDAY,EW8,EW7,30153.0
WEEKENDS/HOLIDAY,EW8,EW9,34884.0
WEEKENDS/HOLIDAY,EW9,EW10,35872.0
WEEKENDS/HOLIDAY,EW9,EW8,34463.0
WEEKENDS/HOLIDAY,NE1,CC28,6417.0
WEEKENDS/HOLIDAY,NE1,EW16,18956.0
WEEKENDS/HOLIDAY,NE10,NE11,43496.0
WEEKENDS/HOLIDAY,NE10,NE9,46569.0
WEEKENDS/HOLIDAY,NE11,NE10,46059.0
WEEKENDS/HOLIDAY,NE11,NE12,43321.0
WEEKENDS/HOLIDAY,NE12,CC12,20878.0
WEEKENDS/HOLIDAY,NE12,CC14,22638.0
WEEKENDS/HOLIDAY,NE12,NE11,45793.0
WEEKENDS/HOLIDAY,NE12,NE13,50694.0
WEEKENDS/HOLIDAY,NE13,NE12,53608.0
WEEKENDS/HOLIDAY,NE13,NE14,47692.0
WEEKENDS/HOLIDAY,NE14,NE13,50521.0
WEEKENDS/HOLIDAY,NE14,NE15,40256.0
WEEKENDS/HOLIDAY,NE15,NE14,42411.0
WEEKENDS/HOLIDAY,NE15,NE16,36258.0
WEEKENDS/HOLIDAY,NE16,NE15,38146.0
WEEKENDS/HOLIDAY,NE16,NE17,21460.0
WEEKENDS/HOLIDAY,NE16,SE1,4472.0
WEEKENDS/HOLIDAY,NE16,SE5,2096.0
WEEKENDS/HOLIDAY,NE16,SW1,2610.0
WEEKENDS/HOLIDAY,NE16,SW8,4754.0
WEEKENDS/HOLIDAY,NE17,NE16,22794.0
WEEKENDS/HOLIDAY,NE17,PE1,4530.0
WEEKENDS/HOLIDAY,NE17,PE7,5323.0
WEEKENDS/HOLIDAY,NE17,PW1,679.0
WEEKENDS/HOLIDAY,NE17,PW7,1850.0
WEEKENDS/HOLIDAY,NE4,DT18,5765.0
WEEKENDS/HOLIDAY,NE4,DT20,16461.0
WEEKENDS/HOLIDAY,NE4,EW16,36928.0
WEEKENDS/HOLIDAY,NE4,NE5,33127.0
WEEKENDS/HOLIDAY,NE5,NE4,34234.0
WEEKENDS/HOLIDAY,NE5,NS24,34966.0
WEEKENDS/HOLIDAY,NE7,DT13,49229.0
WEEKENDS/HOLIDAY,NE7,NE8,45903.0
WEEKENDS/HOLIDAY,NE7,NS21,62816.0
WEEKENDS/HOLIDAY,NE7,NS24,75416.0
WEEKENDS/HOLIDAY,NE8,NE7,48413.0
WEEKENDS/HOLIDAY,NE8,NE9,45119.0
WEEKENDS/HOLIDAY,NE9,NE10,44039.0
WEEKENDS/HOLIDAY,NE9,NE8,48931.0
WEEKENDS/HOLIDAY,NS1,EW23,55227.0
WEEKENDS/HOLIDAY,NS1,EW25,43015.0
WEEKENDS/HOLIDAY,NS1,NS2,42353.0
WEEKENDS/HOLIDAY,NS10,NS11,40981.0
WEEKENDS/HOLIDAY,NS10,NS9,36848.0
WEEKENDS/HOLIDAY,NS11,NS10,39835.0
WEEKENDS/HOLIDAY,NS11,NS12,45901.0
WEEKENDS/HOLIDAY,NS12,NS11,44273.0
WEEKENDS/HOLIDAY,NS12,NS13,47583.0
WEEKENDS/HOLIDAY,NS13,NS12,45415.0
WEEKENDS/HOLIDAY,NS13,NS14,51290.0
WEEKENDS/HOLIDAY,NS14,NS13,49914.0
WEEKENDS/HOLIDAY,NS14,NS15,55226.0
WEEKENDS/HOLIDAY,NS15,NS14,52383.0
WEEKENDS/HOLIDAY,NS15,NS16,56777.0
WEEKENDS/HOLIDAY,NS16,NS15,53457.0
WEEKENDS/HOLIDAY,NS16,NS17,63358.0
WEEKENDS/HOLIDAY,NS17,CC14,22780.0
WEEKENDS/HOLIDAY,NS17,CC16,14765.0
WEEKENDS/HOLIDAY,NS17,NS16,61664.0
WEEKENDS/HOLIDAY,NS17,NS18,52972.0
WEEKENDS/HOLIDAY,NS18,NS17,50312.0
WEEKENDS/HOLIDAY,NS18,NS19,54979.0
WEEKENDS/HOLIDAY,NS19,NS18,51827.0
WEEKENDS/HOLIDAY,NS19,NS20,57645.0
WEEKENDS/HOLIDAY,NS2,NS1,43091.0
WEEKENDS/HOLIDAY,NS2,NS3,38892.0
WEEKENDS/HOLIDAY,NS20,NS19,55309.0
WEEKENDS/HOLIDAY,NS20,NS21,55325.0
WEEKENDS/HOLIDAY,NS21,DT10,41863.0
WEEKENDS/HOLIDAY,NS21,NE7,66578.0
WEEKENDS/HOLIDAY,NS21,NS20,52828.0
WEEKENDS/HOLIDAY,NS21,NS22,26353.0
WEEKENDS/HOLIDAY,NS22,NS21,25625.0
WEEKENDS/HOLIDAY,NS22,NS23,22194.0
WEEKENDS/HOLIDAY,NS23,NS22,23482.0
WEEKENDS/HOLIDAY,NS23,NS24,20912.0
WEEKENDS/HOLIDAY,NS24,CC2,3406.0
WEEKENDS/HOLIDAY,NS24,NE5,36260.0
WEEKENDS/HOLIDAY,NS24,NE7,72450.0
WEEKENDS/HOLIDAY,NS24,NS23,23608.0
WEEKENDS/HOLIDAY,NS24,NS25,18206.0
WEEKENDS/HOLIDAY,NS25,EW12,11320.0
WEEKENDS/HOLIDAY,NS25,NS24,18136.0
WEEKENDS/HOLIDAY,NS25,NS26,14455.0
WEEKENDS/HOLIDAY,NS26,EW15,11271.0
WEEKENDS/HOLIDAY,NS26,NS25,15078.0
WEEKENDS/HOLIDAY,NS26,NS27,1368.0
WEEKENDS/HOLIDAY,NS27,CE1,607.0
WEEKENDS/HOLIDAY,NS27,NS26,1231.0
WEEKENDS/HOLIDAY,NS27,NS28,826.0
WEEKENDS/HOLIDAY,NS28,NS27,971.0
WEEKENDS/HOLIDAY,NS3,NS2,40135.0
WEEKENDS/HOLIDAY,NS3,NS4,35492.0
WEEKENDS/HOLIDAY,NS4,BP2,9381.0
WEEKENDS/HOLIDAY,NS4,NS3,36472.0
WEEKENDS/HOLIDAY,NS4,NS5,33353.0
WEEKENDS/HOLIDAY,NS5,NS4,34709.0
WEEKENDS/HOLIDAY,NS5,NS7,27736.0
WEEKENDS/HOLIDAY,NS7,NS5,28540.0
WEEKENDS/HOLIDAY,NS7,NS8,27872.0
WEEKENDS/HOLIDAY,NS8,NS7,28702.0
WEEKENDS/HOLIDAY,NS8,NS9,31665.0
WEEKENDS/HOLIDAY,NS9,NS10,35096.0
WEEKENDS/HOLIDAY,NS9,NS8,30578.0
WEEKENDS/HOLIDAY,NS9,TE1,182.0
WEEKENDS/HOLIDAY,NS9,TE3,777.0
WEEKENDS/HOLIDAY,PE1,NE17,4762.0
WEEKENDS/HOLIDAY,PE1,PE2,3770.0
WEEKENDS/HOLIDAY,PE2,PE1,3949.0
WEEKENDS/HOLIDAY,PE2,PE3,2532.0
WEEKENDS/HOLIDAY,PE3,PE2,2616.0
WEEKENDS/HOLIDAY,PE3,PE4,1123.0
WEEKENDS/HOLIDAY,PE4,PE3,1182.0
WEEKENDS/HOLIDAY,PE4,PE5,1787.0
WEEKENDS/HOLIDAY,PE5,PE4,1909.0
WEEKENDS/HOLIDAY,PE5,PE6,3346.0
WEEKENDS/HOLIDAY,PE6,PE5,3265.0
WEEKENDS/HOLIDAY,PE6,PE7,4645.0
WEEKENDS/HOLIDAY,PE7,NE17,5711.0
WEEKENDS/HOLIDAY,PE7,PE6,4439.0
WEEKENDS/HOLIDAY,PW1,NE17,684.0
WEEKENDS/HOLIDAY,PW1,PW3,196.0
WEEKENDS/HOLIDAY,PW3,PW1,191.0
WEEKENDS/HOLIDAY,PW3,PW4,145.0
WEEKENDS/HOLIDAY,PW4,PW3,173.0
WEEKENDS/HOLIDAY,PW4,PW5,54.0
WEEKENDS/HOLIDAY,PW5,PW4,76.0
WEEKENDS/HOLIDAY,PW5,PW6,875.0
WEEKENDS/HOLIDAY,PW6,PW5,864.0
WEEKENDS/HOLIDAY,PW6,PW7,1326.0
WEEKENDS/HOLIDAY,PW7,NE17,1754.0
WEEKENDS/HOLIDAY,PW7,PW6,1256.0
WEEKENDS/HOLIDAY,SE1,NE16,4921.0
WEEKENDS/HOLIDAY,SE1,SE2,3335.0
WEEKENDS/HOLIDAY,SE2,SE1,3719.0
WEEKENDS/HOLIDAY,SE2,SE3,1671.0
WEEKENDS/HOLIDAY,SE3,SE2,1875.0
WEEKENDS/HOLIDAY,SE3,SE4,629.0
WEEKENDS/HOLIDAY,SE4,SE3,756.0
WEEKENDS/HOLIDAY,SE4,SE5,1391.0
WEEKENDS/HOLIDAY,SE5,NE16,2090.0
WEEKENDS/HOLIDAY,SE5,SE4,1396.0
WEEKENDS/HOLIDAY,SW1,NE16,2752.0
WEEKENDS/HOLIDAY,SW1,SW2,2380.0
WEEKENDS/HOLIDAY,SW2,SW1,2537.0
WEEKENDS/HOLIDAY,SW2,SW3,1665.0
WEEKENDS/HOLIDAY,SW3,SW2,1694.0
WEEKENDS/HOLIDAY,SW3,SW4,1104.0
WEEKENDS/HOLIDAY,SW4,SW3,1097.0
WEEKENDS/HOLIDAY,SW4,SW5,855.0
WEEKENDS/HOLIDAY,SW5,SW4,882.0
WEEKENDS/HOLIDAY,SW5,SW6,3379.0
WEEKENDS/HOLIDAY,SW6,SW5,3152.0
WEEKENDS/HOLIDAY,SW6,SW7,4381.0
WEEKENDS/HOLIDAY,SW7,SW6,4040.0
WEEKENDS/HOLIDAY,SW7,SW8,4998.0
WEEKENDS/HOLIDAY,SW8,NE16,5279.0
WEEKENDS/HOLIDAY,SW8,SW7,4516.0
WEEKENDS/HOLIDAY,TE1,NS9,178.0
WEEKENDS/HOLIDAY,TE3,NS9,1037.0
